[     470ms] [ERROR] Failed to load resource: the server responded with a status of 404 () @ https://tr.sniffies.com/d/f7eb9f8c-cc1b-44de-bc0f-e1a0ff4bdae4.js?oref=&ourl=https%3A%2F%2Fsniffies.com%2F&opt=Sniffies%20App%20%7C%20Official&vtm=1778370443193:0
[     546ms] [INFO] Banner not shown: beforeinstallpromptevent.preventDefault() called. The page must call beforeinstallpromptevent.prompt() to show the banner. @ https://sniffies.com/:0
[    1663ms] Uncaught SecurityError: Failed to read a named property 'document' from 'Window': Sandbox access violation: Blocked a frame at "null" from accessing a frame at "https://sniffies.com".  The frame requesting access is sandboxed and lacks the "allow-same-origin" flag.
    at <anonymous> (https://my.rtmark.net/p.js?f=sync&lr=1&partner=21dd06d686c9278841cb186875ce24dd060e6c7b831d257432ec499fa5e6d931:19:2)
[    9005ms] [WARNING] The resource https://sniffies.com/assets/images/vm-sprite-120px.jpg was preloaded using link preload but not used within a few seconds from the window's load event. Please make sure it has an appropriate `as` value and it is preloaded intentionally. @ https://sniffies.com/:0
[   12225ms] [WARNING] The resource https://sniffies.com/assets/images/vm-sprite-120px.jpg was preloaded using link preload but not used within a few seconds from the window's load event. Please make sure it has an appropriate `as` value and it is preloaded intentionally. @ https://sniffies.com/:0
[   19269ms] [WARNING] The resource https://sniffies.com/assets/images/vm-sprite-120px.jpg was preloaded using link preload but not used within a few seconds from the window's load event. Please make sure it has an appropriate `as` value and it is preloaded intentionally. @ https://sniffies.com/:0
[   22537ms] [WARNING] The resource https://sniffies.com/assets/images/vm-sprite-120px.jpg was preloaded using link preload but not used within a few seconds from the window's load event. Please make sure it has an appropriate `as` value and it is preloaded intentionally. @ https://sniffies.com/:0
[   36259ms] [WARNING] The resource https://sniffies.com/assets/images/vm-sprite-120px.jpg was preloaded using link preload but not used within a few seconds from the window's load event. Please make sure it has an appropriate `as` value and it is preloaded intentionally. @ https://sniffies.com/:0
[   49841ms] [WARNING] The resource https://sniffies.com/assets/images/vm-sprite-120px.jpg was preloaded using link preload but not used within a few seconds from the window's load event. Please make sure it has an appropriate `as` value and it is preloaded intentionally. @ https://sniffies.com/:0
[   56936ms] [WARNING] The resource https://sniffies.com/assets/images/vm-sprite-120px.jpg was preloaded using link preload but not used within a few seconds from the window's load event. Please make sure it has an appropriate `as` value and it is preloaded intentionally. @ https://sniffies.com/:0
[   62697ms] [WARNING] The resource https://sniffies.com/assets/images/vm-sprite-120px.jpg was preloaded using link preload but not used within a few seconds from the window's load event. Please make sure it has an appropriate `as` value and it is preloaded intentionally. @ https://sniffies.com/:0
[   79215ms] [WARNING] The resource https://sniffies.com/assets/images/vm-sprite-120px.jpg was preloaded using link preload but not used within a few seconds from the window's load event. Please make sure it has an appropriate `as` value and it is preloaded intentionally. @ https://sniffies.com/:0
[   82910ms] [WARNING] The resource https://sniffies.com/assets/images/vm-sprite-120px.jpg was preloaded using link preload but not used within a few seconds from the window's load event. Please make sure it has an appropriate `as` value and it is preloaded intentionally. @ https://sniffies.com/:0
[   94140ms] [WARNING] The resource https://sniffies.com/assets/images/vm-sprite-120px.jpg was preloaded using link preload but not used within a few seconds from the window's load event. Please make sure it has an appropriate `as` value and it is preloaded intentionally. @ https://sniffies.com/:0
[  103852ms] [WARNING] The resource https://sniffies.com/assets/images/vm-sprite-120px.jpg was preloaded using link preload but not used within a few seconds from the window's load event. Please make sure it has an appropriate `as` value and it is preloaded intentionally. @ https://sniffies.com/:0
[  107084ms] [ERROR] GeolocationPositionError @ https://sniffies.com/chunk-CSEHYVNQ.js:18
[  110630ms] [WARNING] The resource https://sniffies.com/assets/images/vm-sprite-120px.jpg was preloaded using link preload but not used within a few seconds from the window's load event. Please make sure it has an appropriate `as` value and it is preloaded intentionally. @ https://sniffies.com/:0
[  116955ms] [WARNING] The resource https://sniffies.com/assets/images/vm-sprite-120px.jpg was preloaded using link preload but not used within a few seconds from the window's load event. Please make sure it has an appropriate `as` value and it is preloaded intentionally. @ https://sniffies.com/:0
[  121645ms] [WARNING] The resource https://sniffies.com/assets/images/vm-sprite-120px.jpg was preloaded using link preload but not used within a few seconds from the window's load event. Please make sure it has an appropriate `as` value and it is preloaded intentionally. @ https://sniffies.com/:0
[  133310ms] [WARNING] The resource https://sniffies.com/assets/images/vm-sprite-120px.jpg was preloaded using link preload but not used within a few seconds from the window's load event. Please make sure it has an appropriate `as` value and it is preloaded intentionally. @ https://sniffies.com/:0
[  142169ms] [WARNING] The resource https://sniffies.com/assets/images/vm-sprite-120px.jpg was preloaded using link preload but not used within a few seconds from the window's load event. Please make sure it has an appropriate `as` value and it is preloaded intentionally. @ https://sniffies.com/:0
[  160429ms] [WARNING] The resource https://sniffies.com/assets/images/vm-sprite-120px.jpg was preloaded using link preload but not used within a few seconds from the window's load event. Please make sure it has an appropriate `as` value and it is preloaded intentionally. @ https://sniffies.com/:0
[  172626ms] [WARNING] The resource https://sniffies.com/assets/images/vm-sprite-120px.jpg was preloaded using link preload but not used within a few seconds from the window's load event. Please make sure it has an appropriate `as` value and it is preloaded intentionally. @ https://sniffies.com/:0
[  179898ms] [WARNING] The resource https://sniffies.com/assets/images/vm-sprite-120px.jpg was preloaded using link preload but not used within a few seconds from the window's load event. Please make sure it has an appropriate `as` value and it is preloaded intentionally. @ https://sniffies.com/:0
[  182969ms] [WARNING] The resource https://sniffies.com/assets/images/vm-sprite-120px.jpg was preloaded using link preload but not used within a few seconds from the window's load event. Please make sure it has an appropriate `as` value and it is preloaded intentionally. @ https://sniffies.com/:0
[  188533ms] [WARNING] The resource https://sniffies.com/assets/images/vm-sprite-120px.jpg was preloaded using link preload but not used within a few seconds from the window's load event. Please make sure it has an appropriate `as` value and it is preloaded intentionally. @ https://sniffies.com/:0
[  212776ms] [WARNING] The resource https://sniffies.com/assets/images/vm-sprite-120px.jpg was preloaded using link preload but not used within a few seconds from the window's load event. Please make sure it has an appropriate `as` value and it is preloaded intentionally. @ https://sniffies.com/:0
[  219173ms] [WARNING] The resource https://sniffies.com/assets/images/vm-sprite-120px.jpg was preloaded using link preload but not used within a few seconds from the window's load event. Please make sure it has an appropriate `as` value and it is preloaded intentionally. @ https://sniffies.com/:0
[  223635ms] [WARNING] The resource https://sniffies.com/assets/images/vm-sprite-120px.jpg was preloaded using link preload but not used within a few seconds from the window's load event. Please make sure it has an appropriate `as` value and it is preloaded intentionally. @ https://sniffies.com/:0
[  230450ms] [WARNING] The resource https://sniffies.com/assets/images/vm-sprite-120px.jpg was preloaded using link preload but not used within a few seconds from the window's load event. Please make sure it has an appropriate `as` value and it is preloaded intentionally. @ https://sniffies.com/:0
[  234120ms] [WARNING] The resource https://sniffies.com/assets/images/vm-sprite-120px.jpg was preloaded using link preload but not used within a few seconds from the window's load event. Please make sure it has an appropriate `as` value and it is preloaded intentionally. @ https://sniffies.com/:0
[  251817ms] [WARNING] The resource https://sniffies.com/assets/images/vm-sprite-120px.jpg was preloaded using link preload but not used within a few seconds from the window's load event. Please make sure it has an appropriate `as` value and it is preloaded intentionally. @ https://sniffies.com/:0
[  256234ms] [WARNING] The resource https://sniffies.com/assets/images/vm-sprite-120px.jpg was preloaded using link preload but not used within a few seconds from the window's load event. Please make sure it has an appropriate `as` value and it is preloaded intentionally. @ https://sniffies.com/:0
[  263815ms] [WARNING] The resource https://sniffies.com/assets/images/vm-sprite-120px.jpg was preloaded using link preload but not used within a few seconds from the window's load event. Please make sure it has an appropriate `as` value and it is preloaded intentionally. @ https://sniffies.com/:0
[  274012ms] [WARNING] The resource https://sniffies.com/assets/images/vm-sprite-120px.jpg was preloaded using link preload but not used within a few seconds from the window's load event. Please make sure it has an appropriate `as` value and it is preloaded intentionally. @ https://sniffies.com/:0
[  277259ms] [WARNING] The resource https://sniffies.com/assets/images/vm-sprite-120px.jpg was preloaded using link preload but not used within a few seconds from the window's load event. Please make sure it has an appropriate `as` value and it is preloaded intentionally. @ https://sniffies.com/:0
[  286661ms] [WARNING] The resource https://sniffies.com/assets/images/vm-sprite-120px.jpg was preloaded using link preload but not used within a few seconds from the window's load event. Please make sure it has an appropriate `as` value and it is preloaded intentionally. @ https://sniffies.com/:0
[  301931ms] [WARNING] The resource https://sniffies.com/assets/images/vm-sprite-120px.jpg was preloaded using link preload but not used within a few seconds from the window's load event. Please make sure it has an appropriate `as` value and it is preloaded intentionally. @ https://sniffies.com/:0
[  306059ms] [WARNING] The resource https://sniffies.com/assets/images/vm-sprite-120px.jpg was preloaded using link preload but not used within a few seconds from the window's load event. Please make sure it has an appropriate `as` value and it is preloaded intentionally. @ https://sniffies.com/:0
[  311713ms] [WARNING] The resource https://sniffies.com/assets/images/vm-sprite-120px.jpg was preloaded using link preload but not used within a few seconds from the window's load event. Please make sure it has an appropriate `as` value and it is preloaded intentionally. @ https://sniffies.com/:0
[  314760ms] [WARNING] The resource https://sniffies.com/assets/images/vm-sprite-120px.jpg was preloaded using link preload but not used within a few seconds from the window's load event. Please make sure it has an appropriate `as` value and it is preloaded intentionally. @ https://sniffies.com/:0
[  323784ms] [WARNING] The resource https://sniffies.com/assets/images/vm-sprite-120px.jpg was preloaded using link preload but not used within a few seconds from the window's load event. Please make sure it has an appropriate `as` value and it is preloaded intentionally. @ https://sniffies.com/:0
[  352444ms] [WARNING] The resource https://sniffies.com/assets/images/vm-sprite-120px.jpg was preloaded using link preload but not used within a few seconds from the window's load event. Please make sure it has an appropriate `as` value and it is preloaded intentionally. @ https://sniffies.com/:0
[  360738ms] [WARNING] The resource https://sniffies.com/assets/images/vm-sprite-120px.jpg was preloaded using link preload but not used within a few seconds from the window's load event. Please make sure it has an appropriate `as` value and it is preloaded intentionally. @ https://sniffies.com/:0
[  373434ms] [WARNING] The resource https://sniffies.com/assets/images/vm-sprite-120px.jpg was preloaded using link preload but not used within a few seconds from the window's load event. Please make sure it has an appropriate `as` value and it is preloaded intentionally. @ https://sniffies.com/:0
[  378624ms] [WARNING] The resource https://sniffies.com/assets/images/vm-sprite-120px.jpg was preloaded using link preload but not used within a few seconds from the window's load event. Please make sure it has an appropriate `as` value and it is preloaded intentionally. @ https://sniffies.com/:0
[  386290ms] [WARNING] The resource https://sniffies.com/assets/images/vm-sprite-120px.jpg was preloaded using link preload but not used within a few seconds from the window's load event. Please make sure it has an appropriate `as` value and it is preloaded intentionally. @ https://sniffies.com/:0
[  389620ms] [WARNING] The resource https://sniffies.com/assets/images/vm-sprite-120px.jpg was preloaded using link preload but not used within a few seconds from the window's load event. Please make sure it has an appropriate `as` value and it is preloaded intentionally. @ https://sniffies.com/:0
[  395143ms] [WARNING] The resource https://sniffies.com/assets/images/vm-sprite-120px.jpg was preloaded using link preload but not used within a few seconds from the window's load event. Please make sure it has an appropriate `as` value and it is preloaded intentionally. @ https://sniffies.com/:0
[  413596ms] [WARNING] The resource https://sniffies.com/assets/images/vm-sprite-120px.jpg was preloaded using link preload but not used within a few seconds from the window's load event. Please make sure it has an appropriate `as` value and it is preloaded intentionally. @ https://sniffies.com/:0
[  419747ms] [WARNING] The resource https://sniffies.com/assets/images/vm-sprite-120px.jpg was preloaded using link preload but not used within a few seconds from the window's load event. Please make sure it has an appropriate `as` value and it is preloaded intentionally. @ https://sniffies.com/:0
[  442362ms] [WARNING] The resource https://sniffies.com/assets/images/vm-sprite-120px.jpg was preloaded using link preload but not used within a few seconds from the window's load event. Please make sure it has an appropriate `as` value and it is preloaded intentionally. @ https://sniffies.com/:0
[  446826ms] [WARNING] The resource https://sniffies.com/assets/images/vm-sprite-120px.jpg was preloaded using link preload but not used within a few seconds from the window's load event. Please make sure it has an appropriate `as` value and it is preloaded intentionally. @ https://sniffies.com/:0
[  470413ms] [WARNING] The resource https://sniffies.com/assets/images/vm-sprite-120px.jpg was preloaded using link preload but not used within a few seconds from the window's load event. Please make sure it has an appropriate `as` value and it is preloaded intentionally. @ https://sniffies.com/:0
[  475722ms] [WARNING] The resource https://sniffies.com/assets/images/vm-sprite-120px.jpg was preloaded using link preload but not used within a few seconds from the window's load event. Please make sure it has an appropriate `as` value and it is preloaded intentionally. @ https://sniffies.com/:0
[  481468ms] [WARNING] The resource https://sniffies.com/assets/images/vm-sprite-120px.jpg was preloaded using link preload but not used within a few seconds from the window's load event. Please make sure it has an appropriate `as` value and it is preloaded intentionally. @ https://sniffies.com/:0
[  495423ms] [WARNING] The resource https://sniffies.com/assets/images/vm-sprite-120px.jpg was preloaded using link preload but not used within a few seconds from the window's load event. Please make sure it has an appropriate `as` value and it is preloaded intentionally. @ https://sniffies.com/:0
[  504257ms] [WARNING] The resource https://sniffies.com/assets/images/vm-sprite-120px.jpg was preloaded using link preload but not used within a few seconds from the window's load event. Please make sure it has an appropriate `as` value and it is preloaded intentionally. @ https://sniffies.com/:0
[  519565ms] [WARNING] The resource https://sniffies.com/assets/images/vm-sprite-120px.jpg was preloaded using link preload but not used within a few seconds from the window's load event. Please make sure it has an appropriate `as` value and it is preloaded intentionally. @ https://sniffies.com/:0
[  530481ms] [WARNING] The resource https://sniffies.com/assets/images/vm-sprite-120px.jpg was preloaded using link preload but not used within a few seconds from the window's load event. Please make sure it has an appropriate `as` value and it is preloaded intentionally. @ https://sniffies.com/:0
[  538194ms] [WARNING] The resource https://sniffies.com/assets/images/vm-sprite-120px.jpg was preloaded using link preload but not used within a few seconds from the window's load event. Please make sure it has an appropriate `as` value and it is preloaded intentionally. @ https://sniffies.com/:0
[  544198ms] [WARNING] The resource https://sniffies.com/assets/images/vm-sprite-120px.jpg was preloaded using link preload but not used within a few seconds from the window's load event. Please make sure it has an appropriate `as` value and it is preloaded intentionally. @ https://sniffies.com/:0
[  547212ms] [WARNING] The resource https://sniffies.com/assets/images/vm-sprite-120px.jpg was preloaded using link preload but not used within a few seconds from the window's load event. Please make sure it has an appropriate `as` value and it is preloaded intentionally. @ https://sniffies.com/:0
[  551740ms] [WARNING] The resource https://sniffies.com/assets/images/vm-sprite-120px.jpg was preloaded using link preload but not used within a few seconds from the window's load event. Please make sure it has an appropriate `as` value and it is preloaded intentionally. @ https://sniffies.com/:0
[  554990ms] [WARNING] The resource https://sniffies.com/assets/images/vm-sprite-120px.jpg was preloaded using link preload but not used within a few seconds from the window's load event. Please make sure it has an appropriate `as` value and it is preloaded intentionally. @ https://sniffies.com/:0
[  557993ms] [WARNING] The resource https://sniffies.com/assets/images/vm-sprite-120px.jpg was preloaded using link preload but not used within a few seconds from the window's load event. Please make sure it has an appropriate `as` value and it is preloaded intentionally. @ https://sniffies.com/:0
[  576718ms] [WARNING] The resource https://sniffies.com/assets/images/vm-sprite-120px.jpg was preloaded using link preload but not used within a few seconds from the window's load event. Please make sure it has an appropriate `as` value and it is preloaded intentionally. @ https://sniffies.com/:0
[  581024ms] [WARNING] The resource https://sniffies.com/assets/images/vm-sprite-120px.jpg was preloaded using link preload but not used within a few seconds from the window's load event. Please make sure it has an appropriate `as` value and it is preloaded intentionally. @ https://sniffies.com/:0
[  595895ms] [WARNING] The resource https://sniffies.com/assets/images/vm-sprite-120px.jpg was preloaded using link preload but not used within a few seconds from the window's load event. Please make sure it has an appropriate `as` value and it is preloaded intentionally. @ https://sniffies.com/:0
[  606757ms] [WARNING] The resource https://sniffies.com/assets/images/vm-sprite-120px.jpg was preloaded using link preload but not used within a few seconds from the window's load event. Please make sure it has an appropriate `as` value and it is preloaded intentionally. @ https://sniffies.com/:0
[  611462ms] [WARNING] The resource https://sniffies.com/assets/images/vm-sprite-120px.jpg was preloaded using link preload but not used within a few seconds from the window's load event. Please make sure it has an appropriate `as` value and it is preloaded intentionally. @ https://sniffies.com/:0
[  617904ms] [WARNING] The resource https://sniffies.com/assets/images/vm-sprite-120px.jpg was preloaded using link preload but not used within a few seconds from the window's load event. Please make sure it has an appropriate `as` value and it is preloaded intentionally. @ https://sniffies.com/:0
[  631009ms] [WARNING] The resource https://sniffies.com/assets/images/vm-sprite-120px.jpg was preloaded using link preload but not used within a few seconds from the window's load event. Please make sure it has an appropriate `as` value and it is preloaded intentionally. @ https://sniffies.com/:0
[  635508ms] [WARNING] The resource https://sniffies.com/assets/images/vm-sprite-120px.jpg was preloaded using link preload but not used within a few seconds from the window's load event. Please make sure it has an appropriate `as` value and it is preloaded intentionally. @ https://sniffies.com/:0
[  656988ms] [WARNING] The resource https://sniffies.com/assets/images/vm-sprite-120px.jpg was preloaded using link preload but not used within a few seconds from the window's load event. Please make sure it has an appropriate `as` value and it is preloaded intentionally. @ https://sniffies.com/:0
[  661454ms] [WARNING] The resource https://sniffies.com/assets/images/vm-sprite-120px.jpg was preloaded using link preload but not used within a few seconds from the window's load event. Please make sure it has an appropriate `as` value and it is preloaded intentionally. @ https://sniffies.com/:0
[  664827ms] [WARNING] The resource https://sniffies.com/assets/images/vm-sprite-120px.jpg was preloaded using link preload but not used within a few seconds from the window's load event. Please make sure it has an appropriate `as` value and it is preloaded intentionally. @ https://sniffies.com/:0
[  676831ms] [WARNING] The resource https://sniffies.com/assets/images/vm-sprite-120px.jpg was preloaded using link preload but not used within a few seconds from the window's load event. Please make sure it has an appropriate `as` value and it is preloaded intentionally. @ https://sniffies.com/:0
[  682818ms] [WARNING] The resource https://sniffies.com/assets/images/vm-sprite-120px.jpg was preloaded using link preload but not used within a few seconds from the window's load event. Please make sure it has an appropriate `as` value and it is preloaded intentionally. @ https://sniffies.com/:0
[  685902ms] [WARNING] The resource https://sniffies.com/assets/images/vm-sprite-120px.jpg was preloaded using link preload but not used within a few seconds from the window's load event. Please make sure it has an appropriate `as` value and it is preloaded intentionally. @ https://sniffies.com/:0
[  694807ms] [WARNING] The resource https://sniffies.com/assets/images/vm-sprite-120px.jpg was preloaded using link preload but not used within a few seconds from the window's load event. Please make sure it has an appropriate `as` value and it is preloaded intentionally. @ https://sniffies.com/:0
[  697987ms] [WARNING] The resource https://sniffies.com/assets/images/vm-sprite-120px.jpg was preloaded using link preload but not used within a few seconds from the window's load event. Please make sure it has an appropriate `as` value and it is preloaded intentionally. @ https://sniffies.com/:0
[  705477ms] [WARNING] The resource https://sniffies.com/assets/images/vm-sprite-120px.jpg was preloaded using link preload but not used within a few seconds from the window's load event. Please make sure it has an appropriate `as` value and it is preloaded intentionally. @ https://sniffies.com/:0
[  715173ms] [WARNING] The resource https://sniffies.com/assets/images/vm-sprite-120px.jpg was preloaded using link preload but not used within a few seconds from the window's load event. Please make sure it has an appropriate `as` value and it is preloaded intentionally. @ https://sniffies.com/:0
[  728506ms] [WARNING] The resource https://sniffies.com/assets/images/vm-sprite-120px.jpg was preloaded using link preload but not used within a few seconds from the window's load event. Please make sure it has an appropriate `as` value and it is preloaded intentionally. @ https://sniffies.com/:0
[  736371ms] [WARNING] The resource https://sniffies.com/assets/images/vm-sprite-120px.jpg was preloaded using link preload but not used within a few seconds from the window's load event. Please make sure it has an appropriate `as` value and it is preloaded intentionally. @ https://sniffies.com/:0
[  743313ms] [WARNING] The resource https://sniffies.com/assets/images/vm-sprite-120px.jpg was preloaded using link preload but not used within a few seconds from the window's load event. Please make sure it has an appropriate `as` value and it is preloaded intentionally. @ https://sniffies.com/:0
[  747784ms] [WARNING] The resource https://sniffies.com/assets/images/vm-sprite-120px.jpg was preloaded using link preload but not used within a few seconds from the window's load event. Please make sure it has an appropriate `as` value and it is preloaded intentionally. @ https://sniffies.com/:0
[  753193ms] [WARNING] The resource https://sniffies.com/assets/images/vm-sprite-120px.jpg was preloaded using link preload but not used within a few seconds from the window's load event. Please make sure it has an appropriate `as` value and it is preloaded intentionally. @ https://sniffies.com/:0
[  770966ms] [WARNING] The resource https://sniffies.com/assets/images/vm-sprite-120px.jpg was preloaded using link preload but not used within a few seconds from the window's load event. Please make sure it has an appropriate `as` value and it is preloaded intentionally. @ https://sniffies.com/:0
[  777708ms] [WARNING] The resource https://sniffies.com/assets/images/vm-sprite-120px.jpg was preloaded using link preload but not used within a few seconds from the window's load event. Please make sure it has an appropriate `as` value and it is preloaded intentionally. @ https://sniffies.com/:0
[  786708ms] [WARNING] The resource https://sniffies.com/assets/images/vm-sprite-120px.jpg was preloaded using link preload but not used within a few seconds from the window's load event. Please make sure it has an appropriate `as` value and it is preloaded intentionally. @ https://sniffies.com/:0
[  790555ms] [WARNING] The resource https://sniffies.com/assets/images/vm-sprite-120px.jpg was preloaded using link preload but not used within a few seconds from the window's load event. Please make sure it has an appropriate `as` value and it is preloaded intentionally. @ https://sniffies.com/:0
[  795323ms] [WARNING] The resource https://sniffies.com/assets/images/vm-sprite-120px.jpg was preloaded using link preload but not used within a few seconds from the window's load event. Please make sure it has an appropriate `as` value and it is preloaded intentionally. @ https://sniffies.com/:0
[  803969ms] [WARNING] The resource https://sniffies.com/assets/images/vm-sprite-120px.jpg was preloaded using link preload but not used within a few seconds from the window's load event. Please make sure it has an appropriate `as` value and it is preloaded intentionally. @ https://sniffies.com/:0
[  822993ms] [WARNING] The resource https://sniffies.com/assets/images/vm-sprite-120px.jpg was preloaded using link preload but not used within a few seconds from the window's load event. Please make sure it has an appropriate `as` value and it is preloaded intentionally. @ https://sniffies.com/:0
[  830755ms] [WARNING] The resource https://sniffies.com/assets/images/vm-sprite-120px.jpg was preloaded using link preload but not used within a few seconds from the window's load event. Please make sure it has an appropriate `as` value and it is preloaded intentionally. @ https://sniffies.com/:0
[  834039ms] [WARNING] The resource https://sniffies.com/assets/images/vm-sprite-120px.jpg was preloaded using link preload but not used within a few seconds from the window's load event. Please make sure it has an appropriate `as` value and it is preloaded intentionally. @ https://sniffies.com/:0
[  839942ms] [WARNING] The resource https://sniffies.com/assets/images/vm-sprite-120px.jpg was preloaded using link preload but not used within a few seconds from the window's load event. Please make sure it has an appropriate `as` value and it is preloaded intentionally. @ https://sniffies.com/:0
[  844157ms] [WARNING] The resource https://sniffies.com/assets/images/vm-sprite-120px.jpg was preloaded using link preload but not used within a few seconds from the window's load event. Please make sure it has an appropriate `as` value and it is preloaded intentionally. @ https://sniffies.com/:0
[  859837ms] [WARNING] The resource https://sniffies.com/assets/images/vm-sprite-120px.jpg was preloaded using link preload but not used within a few seconds from the window's load event. Please make sure it has an appropriate `as` value and it is preloaded intentionally. @ https://sniffies.com/:0
[  865640ms] [WARNING] The resource https://sniffies.com/assets/images/vm-sprite-120px.jpg was preloaded using link preload but not used within a few seconds from the window's load event. Please make sure it has an appropriate `as` value and it is preloaded intentionally. @ https://sniffies.com/:0
[  870375ms] [WARNING] The resource https://sniffies.com/assets/images/vm-sprite-120px.jpg was preloaded using link preload but not used within a few seconds from the window's load event. Please make sure it has an appropriate `as` value and it is preloaded intentionally. @ https://sniffies.com/:0
[  876600ms] [WARNING] The resource https://sniffies.com/assets/images/vm-sprite-120px.jpg was preloaded using link preload but not used within a few seconds from the window's load event. Please make sure it has an appropriate `as` value and it is preloaded intentionally. @ https://sniffies.com/:0
[  882574ms] [WARNING] The resource https://sniffies.com/assets/images/vm-sprite-120px.jpg was preloaded using link preload but not used within a few seconds from the window's load event. Please make sure it has an appropriate `as` value and it is preloaded intentionally. @ https://sniffies.com/:0
[  896209ms] [WARNING] The resource https://sniffies.com/assets/images/vm-sprite-120px.jpg was preloaded using link preload but not used within a few seconds from the window's load event. Please make sure it has an appropriate `as` value and it is preloaded intentionally. @ https://sniffies.com/:0
[  900608ms] [WARNING] The resource https://sniffies.com/assets/images/vm-sprite-120px.jpg was preloaded using link preload but not used within a few seconds from the window's load event. Please make sure it has an appropriate `as` value and it is preloaded intentionally. @ https://sniffies.com/:0
[  906134ms] [WARNING] The resource https://sniffies.com/assets/images/vm-sprite-120px.jpg was preloaded using link preload but not used within a few seconds from the window's load event. Please make sure it has an appropriate `as` value and it is preloaded intentionally. @ https://sniffies.com/:0
[  912442ms] [WARNING] The resource https://sniffies.com/assets/images/vm-sprite-120px.jpg was preloaded using link preload but not used within a few seconds from the window's load event. Please make sure it has an appropriate `as` value and it is preloaded intentionally. @ https://sniffies.com/:0
[  929995ms] [WARNING] The resource https://sniffies.com/assets/images/vm-sprite-120px.jpg was preloaded using link preload but not used within a few seconds from the window's load event. Please make sure it has an appropriate `as` value and it is preloaded intentionally. @ https://sniffies.com/:0
[  942686ms] [WARNING] The resource https://sniffies.com/assets/images/vm-sprite-120px.jpg was preloaded using link preload but not used within a few seconds from the window's load event. Please make sure it has an appropriate `as` value and it is preloaded intentionally. @ https://sniffies.com/:0
[  959153ms] [WARNING] The resource https://sniffies.com/assets/images/vm-sprite-120px.jpg was preloaded using link preload but not used within a few seconds from the window's load event. Please make sure it has an appropriate `as` value and it is preloaded intentionally. @ https://sniffies.com/:0
[  970641ms] [WARNING] The resource https://sniffies.com/assets/images/vm-sprite-120px.jpg was preloaded using link preload but not used within a few seconds from the window's load event. Please make sure it has an appropriate `as` value and it is preloaded intentionally. @ https://sniffies.com/:0
[  995032ms] [WARNING] The resource https://sniffies.com/assets/images/vm-sprite-120px.jpg was preloaded using link preload but not used within a few seconds from the window's load event. Please make sure it has an appropriate `as` value and it is preloaded intentionally. @ https://sniffies.com/:0
[ 1024793ms] [WARNING] The resource https://sniffies.com/assets/images/vm-sprite-120px.jpg was preloaded using link preload but not used within a few seconds from the window's load event. Please make sure it has an appropriate `as` value and it is preloaded intentionally. @ https://sniffies.com/:0
[ 1030295ms] [WARNING] The resource https://sniffies.com/assets/images/vm-sprite-120px.jpg was preloaded using link preload but not used within a few seconds from the window's load event. Please make sure it has an appropriate `as` value and it is preloaded intentionally. @ https://sniffies.com/:0
[ 1039864ms] [WARNING] The resource https://sniffies.com/assets/images/vm-sprite-120px.jpg was preloaded using link preload but not used within a few seconds from the window's load event. Please make sure it has an appropriate `as` value and it is preloaded intentionally. @ https://sniffies.com/:0
[ 1048292ms] [WARNING] The resource https://sniffies.com/assets/images/vm-sprite-120px.jpg was preloaded using link preload but not used within a few seconds from the window's load event. Please make sure it has an appropriate `as` value and it is preloaded intentionally. @ https://sniffies.com/:0
[ 1060354ms] [WARNING] The resource https://sniffies.com/assets/images/vm-sprite-120px.jpg was preloaded using link preload but not used within a few seconds from the window's load event. Please make sure it has an appropriate `as` value and it is preloaded intentionally. @ https://sniffies.com/:0
[ 1067154ms] [WARNING] The resource https://sniffies.com/assets/images/vm-sprite-120px.jpg was preloaded using link preload but not used within a few seconds from the window's load event. Please make sure it has an appropriate `as` value and it is preloaded intentionally. @ https://sniffies.com/:0
[ 1078634ms] [WARNING] The resource https://sniffies.com/assets/images/vm-sprite-120px.jpg was preloaded using link preload but not used within a few seconds from the window's load event. Please make sure it has an appropriate `as` value and it is preloaded intentionally. @ https://sniffies.com/:0
[ 1086035ms] [WARNING] The resource https://sniffies.com/assets/images/vm-sprite-120px.jpg was preloaded using link preload but not used within a few seconds from the window's load event. Please make sure it has an appropriate `as` value and it is preloaded intentionally. @ https://sniffies.com/:0
[ 1089833ms] [WARNING] The resource https://sniffies.com/assets/images/vm-sprite-120px.jpg was preloaded using link preload but not used within a few seconds from the window's load event. Please make sure it has an appropriate `as` value and it is preloaded intentionally. @ https://sniffies.com/:0
[ 1093609ms] [WARNING] The resource https://sniffies.com/assets/images/vm-sprite-120px.jpg was preloaded using link preload but not used within a few seconds from the window's load event. Please make sure it has an appropriate `as` value and it is preloaded intentionally. @ https://sniffies.com/:0
[ 1103260ms] [WARNING] The resource https://sniffies.com/assets/images/vm-sprite-120px.jpg was preloaded using link preload but not used within a few seconds from the window's load event. Please make sure it has an appropriate `as` value and it is preloaded intentionally. @ https://sniffies.com/:0
[ 1129657ms] [WARNING] The resource https://sniffies.com/assets/images/vm-sprite-120px.jpg was preloaded using link preload but not used within a few seconds from the window's load event. Please make sure it has an appropriate `as` value and it is preloaded intentionally. @ https://sniffies.com/:0
[ 1133945ms] [WARNING] The resource https://sniffies.com/assets/images/vm-sprite-120px.jpg was preloaded using link preload but not used within a few seconds from the window's load event. Please make sure it has an appropriate `as` value and it is preloaded intentionally. @ https://sniffies.com/:0
[ 1144690ms] [WARNING] The resource https://sniffies.com/assets/images/vm-sprite-120px.jpg was preloaded using link preload but not used within a few seconds from the window's load event. Please make sure it has an appropriate `as` value and it is preloaded intentionally. @ https://sniffies.com/:0
[ 1152911ms] [WARNING] The resource https://sniffies.com/assets/images/vm-sprite-120px.jpg was preloaded using link preload but not used within a few seconds from the window's load event. Please make sure it has an appropriate `as` value and it is preloaded intentionally. @ https://sniffies.com/:0
[ 1156448ms] [WARNING] The resource https://sniffies.com/assets/images/vm-sprite-120px.jpg was preloaded using link preload but not used within a few seconds from the window's load event. Please make sure it has an appropriate `as` value and it is preloaded intentionally. @ https://sniffies.com/:0
[ 1194587ms] [WARNING] The resource https://sniffies.com/assets/images/vm-sprite-120px.jpg was preloaded using link preload but not used within a few seconds from the window's load event. Please make sure it has an appropriate `as` value and it is preloaded intentionally. @ https://sniffies.com/:0
[ 1197657ms] [WARNING] The resource https://sniffies.com/assets/images/vm-sprite-120px.jpg was preloaded using link preload but not used within a few seconds from the window's load event. Please make sure it has an appropriate `as` value and it is preloaded intentionally. @ https://sniffies.com/:0
[ 1201710ms] [WARNING] The resource https://sniffies.com/assets/images/vm-sprite-120px.jpg was preloaded using link preload but not used within a few seconds from the window's load event. Please make sure it has an appropriate `as` value and it is preloaded intentionally. @ https://sniffies.com/:0
[ 1208650ms] [WARNING] The resource https://sniffies.com/assets/images/vm-sprite-120px.jpg was preloaded using link preload but not used within a few seconds from the window's load event. Please make sure it has an appropriate `as` value and it is preloaded intentionally. @ https://sniffies.com/:0
[ 1211920ms] [WARNING] The resource https://sniffies.com/assets/images/vm-sprite-120px.jpg was preloaded using link preload but not used within a few seconds from the window's load event. Please make sure it has an appropriate `as` value and it is preloaded intentionally. @ https://sniffies.com/:0
[ 1224903ms] [WARNING] The resource https://sniffies.com/assets/images/vm-sprite-120px.jpg was preloaded using link preload but not used within a few seconds from the window's load event. Please make sure it has an appropriate `as` value and it is preloaded intentionally. @ https://sniffies.com/:0
[ 1235967ms] [WARNING] The resource https://sniffies.com/assets/images/vm-sprite-120px.jpg was preloaded using link preload but not used within a few seconds from the window's load event. Please make sure it has an appropriate `as` value and it is preloaded intentionally. @ https://sniffies.com/:0
[ 1245136ms] [WARNING] The resource https://sniffies.com/assets/images/vm-sprite-120px.jpg was preloaded using link preload but not used within a few seconds from the window's load event. Please make sure it has an appropriate `as` value and it is preloaded intentionally. @ https://sniffies.com/:0
[ 1251184ms] [WARNING] The resource https://sniffies.com/assets/images/vm-sprite-120px.jpg was preloaded using link preload but not used within a few seconds from the window's load event. Please make sure it has an appropriate `as` value and it is preloaded intentionally. @ https://sniffies.com/:0
[ 1261597ms] [WARNING] The resource https://sniffies.com/assets/images/vm-sprite-120px.jpg was preloaded using link preload but not used within a few seconds from the window's load event. Please make sure it has an appropriate `as` value and it is preloaded intentionally. @ https://sniffies.com/:0
[ 1269995ms] [WARNING] The resource https://sniffies.com/assets/images/vm-sprite-120px.jpg was preloaded using link preload but not used within a few seconds from the window's load event. Please make sure it has an appropriate `as` value and it is preloaded intentionally. @ https://sniffies.com/:0
[ 1275235ms] [WARNING] The resource https://sniffies.com/assets/images/vm-sprite-120px.jpg was preloaded using link preload but not used within a few seconds from the window's load event. Please make sure it has an appropriate `as` value and it is preloaded intentionally. @ https://sniffies.com/:0
[ 1288866ms] [WARNING] The resource https://sniffies.com/assets/images/vm-sprite-120px.jpg was preloaded using link preload but not used within a few seconds from the window's load event. Please make sure it has an appropriate `as` value and it is preloaded intentionally. @ https://sniffies.com/:0
[ 1293484ms] [WARNING] The resource https://sniffies.com/assets/images/vm-sprite-120px.jpg was preloaded using link preload but not used within a few seconds from the window's load event. Please make sure it has an appropriate `as` value and it is preloaded intentionally. @ https://sniffies.com/:0
[ 1300938ms] [WARNING] The resource https://sniffies.com/assets/images/vm-sprite-120px.jpg was preloaded using link preload but not used within a few seconds from the window's load event. Please make sure it has an appropriate `as` value and it is preloaded intentionally. @ https://sniffies.com/:0
[ 1309207ms] [WARNING] The resource https://sniffies.com/assets/images/vm-sprite-120px.jpg was preloaded using link preload but not used within a few seconds from the window's load event. Please make sure it has an appropriate `as` value and it is preloaded intentionally. @ https://sniffies.com/:0
[ 1315438ms] [WARNING] The resource https://sniffies.com/assets/images/vm-sprite-120px.jpg was preloaded using link preload but not used within a few seconds from the window's load event. Please make sure it has an appropriate `as` value and it is preloaded intentionally. @ https://sniffies.com/:0
[ 1321268ms] [WARNING] The resource https://sniffies.com/assets/images/vm-sprite-120px.jpg was preloaded using link preload but not used within a few seconds from the window's load event. Please make sure it has an appropriate `as` value and it is preloaded intentionally. @ https://sniffies.com/:0
[ 1346094ms] [WARNING] The resource https://sniffies.com/assets/images/vm-sprite-120px.jpg was preloaded using link preload but not used within a few seconds from the window's load event. Please make sure it has an appropriate `as` value and it is preloaded intentionally. @ https://sniffies.com/:0
[ 1351350ms] [WARNING] The resource https://sniffies.com/assets/images/vm-sprite-120px.jpg was preloaded using link preload but not used within a few seconds from the window's load event. Please make sure it has an appropriate `as` value and it is preloaded intentionally. @ https://sniffies.com/:0
[ 1360890ms] [WARNING] The resource https://sniffies.com/assets/images/vm-sprite-120px.jpg was preloaded using link preload but not used within a few seconds from the window's load event. Please make sure it has an appropriate `as` value and it is preloaded intentionally. @ https://sniffies.com/:0
[ 1367932ms] [WARNING] The resource https://sniffies.com/assets/images/vm-sprite-120px.jpg was preloaded using link preload but not used within a few seconds from the window's load event. Please make sure it has an appropriate `as` value and it is preloaded intentionally. @ https://sniffies.com/:0
[ 1371725ms] [WARNING] The resource https://sniffies.com/assets/images/vm-sprite-120px.jpg was preloaded using link preload but not used within a few seconds from the window's load event. Please make sure it has an appropriate `as` value and it is preloaded intentionally. @ https://sniffies.com/:0
[ 1383876ms] [WARNING] The resource https://sniffies.com/assets/images/vm-sprite-120px.jpg was preloaded using link preload but not used within a few seconds from the window's load event. Please make sure it has an appropriate `as` value and it is preloaded intentionally. @ https://sniffies.com/:0
[ 1390449ms] [WARNING] The resource https://sniffies.com/assets/images/vm-sprite-120px.jpg was preloaded using link preload but not used within a few seconds from the window's load event. Please make sure it has an appropriate `as` value and it is preloaded intentionally. @ https://sniffies.com/:0
[ 1396346ms] [WARNING] The resource https://sniffies.com/assets/images/vm-sprite-120px.jpg was preloaded using link preload but not used within a few seconds from the window's load event. Please make sure it has an appropriate `as` value and it is preloaded intentionally. @ https://sniffies.com/:0
[ 1408637ms] [WARNING] The resource https://sniffies.com/assets/images/vm-sprite-120px.jpg was preloaded using link preload but not used within a few seconds from the window's load event. Please make sure it has an appropriate `as` value and it is preloaded intentionally. @ https://sniffies.com/:0
[ 1413556ms] [WARNING] The resource https://sniffies.com/assets/images/vm-sprite-120px.jpg was preloaded using link preload but not used within a few seconds from the window's load event. Please make sure it has an appropriate `as` value and it is preloaded intentionally. @ https://sniffies.com/:0
[ 1424375ms] [WARNING] The resource https://sniffies.com/assets/images/vm-sprite-120px.jpg was preloaded using link preload but not used within a few seconds from the window's load event. Please make sure it has an appropriate `as` value and it is preloaded intentionally. @ https://sniffies.com/:0
[ 1438837ms] [WARNING] The resource https://sniffies.com/assets/images/vm-sprite-120px.jpg was preloaded using link preload but not used within a few seconds from the window's load event. Please make sure it has an appropriate `as` value and it is preloaded intentionally. @ https://sniffies.com/:0
[ 1448991ms] [WARNING] The resource https://sniffies.com/assets/images/vm-sprite-120px.jpg was preloaded using link preload but not used within a few seconds from the window's load event. Please make sure it has an appropriate `as` value and it is preloaded intentionally. @ https://sniffies.com/:0
[ 1455094ms] [WARNING] The resource https://sniffies.com/assets/images/vm-sprite-120px.jpg was preloaded using link preload but not used within a few seconds from the window's load event. Please make sure it has an appropriate `as` value and it is preloaded intentionally. @ https://sniffies.com/:0
[ 1460929ms] [WARNING] The resource https://sniffies.com/assets/images/vm-sprite-120px.jpg was preloaded using link preload but not used within a few seconds from the window's load event. Please make sure it has an appropriate `as` value and it is preloaded intentionally. @ https://sniffies.com/:0
[ 1463984ms] [WARNING] The resource https://sniffies.com/assets/images/vm-sprite-120px.jpg was preloaded using link preload but not used within a few seconds from the window's load event. Please make sure it has an appropriate `as` value and it is preloaded intentionally. @ https://sniffies.com/:0
[ 1477519ms] [WARNING] The resource https://sniffies.com/assets/images/vm-sprite-120px.jpg was preloaded using link preload but not used within a few seconds from the window's load event. Please make sure it has an appropriate `as` value and it is preloaded intentionally. @ https://sniffies.com/:0
[ 1486005ms] [WARNING] The resource https://sniffies.com/assets/images/vm-sprite-120px.jpg was preloaded using link preload but not used within a few seconds from the window's load event. Please make sure it has an appropriate `as` value and it is preloaded intentionally. @ https://sniffies.com/:0
[ 1501998ms] [WARNING] The resource https://sniffies.com/assets/images/vm-sprite-120px.jpg was preloaded using link preload but not used within a few seconds from the window's load event. Please make sure it has an appropriate `as` value and it is preloaded intentionally. @ https://sniffies.com/:0
[ 1507222ms] [WARNING] The resource https://sniffies.com/assets/images/vm-sprite-120px.jpg was preloaded using link preload but not used within a few seconds from the window's load event. Please make sure it has an appropriate `as` value and it is preloaded intentionally. @ https://sniffies.com/:0
[ 1513870ms] [WARNING] The resource https://sniffies.com/assets/images/vm-sprite-120px.jpg was preloaded using link preload but not used within a few seconds from the window's load event. Please make sure it has an appropriate `as` value and it is preloaded intentionally. @ https://sniffies.com/:0
[ 1519750ms] [WARNING] The resource https://sniffies.com/assets/images/vm-sprite-120px.jpg was preloaded using link preload but not used within a few seconds from the window's load event. Please make sure it has an appropriate `as` value and it is preloaded intentionally. @ https://sniffies.com/:0
[ 1530640ms] [WARNING] The resource https://sniffies.com/assets/images/vm-sprite-120px.jpg was preloaded using link preload but not used within a few seconds from the window's load event. Please make sure it has an appropriate `as` value and it is preloaded intentionally. @ https://sniffies.com/:0
[ 1545595ms] [WARNING] The resource https://sniffies.com/assets/images/vm-sprite-120px.jpg was preloaded using link preload but not used within a few seconds from the window's load event. Please make sure it has an appropriate `as` value and it is preloaded intentionally. @ https://sniffies.com/:0
[ 1551890ms] [WARNING] The resource https://sniffies.com/assets/images/vm-sprite-120px.jpg was preloaded using link preload but not used within a few seconds from the window's load event. Please make sure it has an appropriate `as` value and it is preloaded intentionally. @ https://sniffies.com/:0
[ 1559668ms] [WARNING] The resource https://sniffies.com/assets/images/vm-sprite-120px.jpg was preloaded using link preload but not used within a few seconds from the window's load event. Please make sure it has an appropriate `as` value and it is preloaded intentionally. @ https://sniffies.com/:0
[ 1563885ms] [WARNING] The resource https://sniffies.com/assets/images/vm-sprite-120px.jpg was preloaded using link preload but not used within a few seconds from the window's load event. Please make sure it has an appropriate `as` value and it is preloaded intentionally. @ https://sniffies.com/:0
[ 1572396ms] [WARNING] The resource https://sniffies.com/assets/images/vm-sprite-120px.jpg was preloaded using link preload but not used within a few seconds from the window's load event. Please make sure it has an appropriate `as` value and it is preloaded intentionally. @ https://sniffies.com/:0
[ 1579337ms] [WARNING] The resource https://sniffies.com/assets/images/vm-sprite-120px.jpg was preloaded using link preload but not used within a few seconds from the window's load event. Please make sure it has an appropriate `as` value and it is preloaded intentionally. @ https://sniffies.com/:0
[ 1593585ms] [WARNING] The resource https://sniffies.com/assets/images/vm-sprite-120px.jpg was preloaded using link preload but not used within a few seconds from the window's load event. Please make sure it has an appropriate `as` value and it is preloaded intentionally. @ https://sniffies.com/:0
[ 1607977ms] [WARNING] The resource https://sniffies.com/assets/images/vm-sprite-120px.jpg was preloaded using link preload but not used within a few seconds from the window's load event. Please make sure it has an appropriate `as` value and it is preloaded intentionally. @ https://sniffies.com/:0
[ 1612255ms] [WARNING] The resource https://sniffies.com/assets/images/vm-sprite-120px.jpg was preloaded using link preload but not used within a few seconds from the window's load event. Please make sure it has an appropriate `as` value and it is preloaded intentionally. @ https://sniffies.com/:0
[ 1616558ms] [WARNING] The resource https://sniffies.com/assets/images/vm-sprite-120px.jpg was preloaded using link preload but not used within a few seconds from the window's load event. Please make sure it has an appropriate `as` value and it is preloaded intentionally. @ https://sniffies.com/:0
[ 1624182ms] [WARNING] The resource https://sniffies.com/assets/images/vm-sprite-120px.jpg was preloaded using link preload but not used within a few seconds from the window's load event. Please make sure it has an appropriate `as` value and it is preloaded intentionally. @ https://sniffies.com/:0
[ 1629432ms] [WARNING] The resource https://sniffies.com/assets/images/vm-sprite-120px.jpg was preloaded using link preload but not used within a few seconds from the window's load event. Please make sure it has an appropriate `as` value and it is preloaded intentionally. @ https://sniffies.com/:0
[ 1638121ms] [WARNING] The resource https://sniffies.com/assets/images/vm-sprite-120px.jpg was preloaded using link preload but not used within a few seconds from the window's load event. Please make sure it has an appropriate `as` value and it is preloaded intentionally. @ https://sniffies.com/:0
[ 1643386ms] [WARNING] The resource https://sniffies.com/assets/images/vm-sprite-120px.jpg was preloaded using link preload but not used within a few seconds from the window's load event. Please make sure it has an appropriate `as` value and it is preloaded intentionally. @ https://sniffies.com/:0
[ 1653989ms] [WARNING] The resource https://sniffies.com/assets/images/vm-sprite-120px.jpg was preloaded using link preload but not used within a few seconds from the window's load event. Please make sure it has an appropriate `as` value and it is preloaded intentionally. @ https://sniffies.com/:0
[ 1669255ms] [WARNING] The resource https://sniffies.com/assets/images/vm-sprite-120px.jpg was preloaded using link preload but not used within a few seconds from the window's load event. Please make sure it has an appropriate `as` value and it is preloaded intentionally. @ https://sniffies.com/:0
[ 1674435ms] [WARNING] The resource https://sniffies.com/assets/images/vm-sprite-120px.jpg was preloaded using link preload but not used within a few seconds from the window's load event. Please make sure it has an appropriate `as` value and it is preloaded intentionally. @ https://sniffies.com/:0
[ 1683184ms] [WARNING] The resource https://sniffies.com/assets/images/vm-sprite-120px.jpg was preloaded using link preload but not used within a few seconds from the window's load event. Please make sure it has an appropriate `as` value and it is preloaded intentionally. @ https://sniffies.com/:0
[ 1693278ms] [WARNING] The resource https://sniffies.com/assets/images/vm-sprite-120px.jpg was preloaded using link preload but not used within a few seconds from the window's load event. Please make sure it has an appropriate `as` value and it is preloaded intentionally. @ https://sniffies.com/:0
[ 1705055ms] [WARNING] The resource https://sniffies.com/assets/images/vm-sprite-120px.jpg was preloaded using link preload but not used within a few seconds from the window's load event. Please make sure it has an appropriate `as` value and it is preloaded intentionally. @ https://sniffies.com/:0
[ 1717359ms] [WARNING] The resource https://sniffies.com/assets/images/vm-sprite-120px.jpg was preloaded using link preload but not used within a few seconds from the window's load event. Please make sure it has an appropriate `as` value and it is preloaded intentionally. @ https://sniffies.com/:0
[ 1725177ms] [WARNING] The resource https://sniffies.com/assets/images/vm-sprite-120px.jpg was preloaded using link preload but not used within a few seconds from the window's load event. Please make sure it has an appropriate `as` value and it is preloaded intentionally. @ https://sniffies.com/:0
[ 1732684ms] [WARNING] The resource https://sniffies.com/assets/images/vm-sprite-120px.jpg was preloaded using link preload but not used within a few seconds from the window's load event. Please make sure it has an appropriate `as` value and it is preloaded intentionally. @ https://sniffies.com/:0
[ 1739024ms] [WARNING] The resource https://sniffies.com/assets/images/vm-sprite-120px.jpg was preloaded using link preload but not used within a few seconds from the window's load event. Please make sure it has an appropriate `as` value and it is preloaded intentionally. @ https://sniffies.com/:0
[ 1754250ms] [WARNING] The resource https://sniffies.com/assets/images/vm-sprite-120px.jpg was preloaded using link preload but not used within a few seconds from the window's load event. Please make sure it has an appropriate `as` value and it is preloaded intentionally. @ https://sniffies.com/:0
[ 1774396ms] [WARNING] The resource https://sniffies.com/assets/images/vm-sprite-120px.jpg was preloaded using link preload but not used within a few seconds from the window's load event. Please make sure it has an appropriate `as` value and it is preloaded intentionally. @ https://sniffies.com/:0
[ 1779458ms] [WARNING] The resource https://sniffies.com/assets/images/vm-sprite-120px.jpg was preloaded using link preload but not used within a few seconds from the window's load event. Please make sure it has an appropriate `as` value and it is preloaded intentionally. @ https://sniffies.com/:0
[ 1789310ms] [WARNING] The resource https://sniffies.com/assets/images/vm-sprite-120px.jpg was preloaded using link preload but not used within a few seconds from the window's load event. Please make sure it has an appropriate `as` value and it is preloaded intentionally. @ https://sniffies.com/:0
[ 1792966ms] [WARNING] The resource https://sniffies.com/assets/images/vm-sprite-120px.jpg was preloaded using link preload but not used within a few seconds from the window's load event. Please make sure it has an appropriate `as` value and it is preloaded intentionally. @ https://sniffies.com/:0
[ 1802652ms] [WARNING] The resource https://sniffies.com/assets/images/vm-sprite-120px.jpg was preloaded using link preload but not used within a few seconds from the window's load event. Please make sure it has an appropriate `as` value and it is preloaded intentionally. @ https://sniffies.com/:0
[ 1818030ms] [WARNING] The resource https://sniffies.com/assets/images/vm-sprite-120px.jpg was preloaded using link preload but not used within a few seconds from the window's load event. Please make sure it has an appropriate `as` value and it is preloaded intentionally. @ https://sniffies.com/:0
[ 1827635ms] [WARNING] The resource https://sniffies.com/assets/images/vm-sprite-120px.jpg was preloaded using link preload but not used within a few seconds from the window's load event. Please make sure it has an appropriate `as` value and it is preloaded intentionally. @ https://sniffies.com/:0
[ 1834810ms] [WARNING] The resource https://sniffies.com/assets/images/vm-sprite-120px.jpg was preloaded using link preload but not used within a few seconds from the window's load event. Please make sure it has an appropriate `as` value and it is preloaded intentionally. @ https://sniffies.com/:0
[ 1840533ms] [WARNING] The resource https://sniffies.com/assets/images/vm-sprite-120px.jpg was preloaded using link preload but not used within a few seconds from the window's load event. Please make sure it has an appropriate `as` value and it is preloaded intentionally. @ https://sniffies.com/:0
[ 1852556ms] [WARNING] The resource https://sniffies.com/assets/images/vm-sprite-120px.jpg was preloaded using link preload but not used within a few seconds from the window's load event. Please make sure it has an appropriate `as` value and it is preloaded intentionally. @ https://sniffies.com/:0
[ 1857232ms] [WARNING] The resource https://sniffies.com/assets/images/vm-sprite-120px.jpg was preloaded using link preload but not used within a few seconds from the window's load event. Please make sure it has an appropriate `as` value and it is preloaded intentionally. @ https://sniffies.com/:0
[ 1868936ms] [WARNING] The resource https://sniffies.com/assets/images/vm-sprite-120px.jpg was preloaded using link preload but not used within a few seconds from the window's load event. Please make sure it has an appropriate `as` value and it is preloaded intentionally. @ https://sniffies.com/:0
[ 1873366ms] [WARNING] The resource https://sniffies.com/assets/images/vm-sprite-120px.jpg was preloaded using link preload but not used within a few seconds from the window's load event. Please make sure it has an appropriate `as` value and it is preloaded intentionally. @ https://sniffies.com/:0
[ 1882946ms] [WARNING] The resource https://sniffies.com/assets/images/vm-sprite-120px.jpg was preloaded using link preload but not used within a few seconds from the window's load event. Please make sure it has an appropriate `as` value and it is preloaded intentionally. @ https://sniffies.com/:0
[ 1900957ms] [WARNING] The resource https://sniffies.com/assets/images/vm-sprite-120px.jpg was preloaded using link preload but not used within a few seconds from the window's load event. Please make sure it has an appropriate `as` value and it is preloaded intentionally. @ https://sniffies.com/:0
[ 1905535ms] [WARNING] The resource https://sniffies.com/assets/images/vm-sprite-120px.jpg was preloaded using link preload but not used within a few seconds from the window's load event. Please make sure it has an appropriate `as` value and it is preloaded intentionally. @ https://sniffies.com/:0
[ 1915296ms] [WARNING] The resource https://sniffies.com/assets/images/vm-sprite-120px.jpg was preloaded using link preload but not used within a few seconds from the window's load event. Please make sure it has an appropriate `as` value and it is preloaded intentionally. @ https://sniffies.com/:0
[ 1922228ms] [WARNING] The resource https://sniffies.com/assets/images/vm-sprite-120px.jpg was preloaded using link preload but not used within a few seconds from the window's load event. Please make sure it has an appropriate `as` value and it is preloaded intentionally. @ https://sniffies.com/:0
[ 1930908ms] [WARNING] The resource https://sniffies.com/assets/images/vm-sprite-120px.jpg was preloaded using link preload but not used within a few seconds from the window's load event. Please make sure it has an appropriate `as` value and it is preloaded intentionally. @ https://sniffies.com/:0
[ 1940114ms] [WARNING] The resource https://sniffies.com/assets/images/vm-sprite-120px.jpg was preloaded using link preload but not used within a few seconds from the window's load event. Please make sure it has an appropriate `as` value and it is preloaded intentionally. @ https://sniffies.com/:0
[ 1955637ms] [WARNING] The resource https://sniffies.com/assets/images/vm-sprite-120px.jpg was preloaded using link preload but not used within a few seconds from the window's load event. Please make sure it has an appropriate `as` value and it is preloaded intentionally. @ https://sniffies.com/:0
[ 1973628ms] [WARNING] The resource https://sniffies.com/assets/images/vm-sprite-120px.jpg was preloaded using link preload but not used within a few seconds from the window's load event. Please make sure it has an appropriate `as` value and it is preloaded intentionally. @ https://sniffies.com/:0
[ 1983697ms] [WARNING] The resource https://sniffies.com/assets/images/vm-sprite-120px.jpg was preloaded using link preload but not used within a few seconds from the window's load event. Please make sure it has an appropriate `as` value and it is preloaded intentionally. @ https://sniffies.com/:0
[ 1990203ms] [WARNING] The resource https://sniffies.com/assets/images/vm-sprite-120px.jpg was preloaded using link preload but not used within a few seconds from the window's load event. Please make sure it has an appropriate `as` value and it is preloaded intentionally. @ https://sniffies.com/:0
[ 2001620ms] [WARNING] The resource https://sniffies.com/assets/images/vm-sprite-120px.jpg was preloaded using link preload but not used within a few seconds from the window's load event. Please make sure it has an appropriate `as` value and it is preloaded intentionally. @ https://sniffies.com/:0
[ 2019287ms] [WARNING] The resource https://sniffies.com/assets/images/vm-sprite-120px.jpg was preloaded using link preload but not used within a few seconds from the window's load event. Please make sure it has an appropriate `as` value and it is preloaded intentionally. @ https://sniffies.com/:0
[ 2024307ms] [WARNING] The resource https://sniffies.com/assets/images/vm-sprite-120px.jpg was preloaded using link preload but not used within a few seconds from the window's load event. Please make sure it has an appropriate `as` value and it is preloaded intentionally. @ https://sniffies.com/:0
[ 2033761ms] [WARNING] The resource https://sniffies.com/assets/images/vm-sprite-120px.jpg was preloaded using link preload but not used within a few seconds from the window's load event. Please make sure it has an appropriate `as` value and it is preloaded intentionally. @ https://sniffies.com/:0
[ 2036870ms] [WARNING] The resource https://sniffies.com/assets/images/vm-sprite-120px.jpg was preloaded using link preload but not used within a few seconds from the window's load event. Please make sure it has an appropriate `as` value and it is preloaded intentionally. @ https://sniffies.com/:0
[ 2042888ms] [WARNING] The resource https://sniffies.com/assets/images/vm-sprite-120px.jpg was preloaded using link preload but not used within a few seconds from the window's load event. Please make sure it has an appropriate `as` value and it is preloaded intentionally. @ https://sniffies.com/:0
[ 2050887ms] [WARNING] The resource https://sniffies.com/assets/images/vm-sprite-120px.jpg was preloaded using link preload but not used within a few seconds from the window's load event. Please make sure it has an appropriate `as` value and it is preloaded intentionally. @ https://sniffies.com/:0
[ 2072586ms] [WARNING] The resource https://sniffies.com/assets/images/vm-sprite-120px.jpg was preloaded using link preload but not used within a few seconds from the window's load event. Please make sure it has an appropriate `as` value and it is preloaded intentionally. @ https://sniffies.com/:0
[ 2077789ms] [WARNING] The resource https://sniffies.com/assets/images/vm-sprite-120px.jpg was preloaded using link preload but not used within a few seconds from the window's load event. Please make sure it has an appropriate `as` value and it is preloaded intentionally. @ https://sniffies.com/:0
[ 2084957ms] [WARNING] The resource https://sniffies.com/assets/images/vm-sprite-120px.jpg was preloaded using link preload but not used within a few seconds from the window's load event. Please make sure it has an appropriate `as` value and it is preloaded intentionally. @ https://sniffies.com/:0
[ 2089557ms] [WARNING] The resource https://sniffies.com/assets/images/vm-sprite-120px.jpg was preloaded using link preload but not used within a few seconds from the window's load event. Please make sure it has an appropriate `as` value and it is preloaded intentionally. @ https://sniffies.com/:0
[ 2092621ms] [WARNING] The resource https://sniffies.com/assets/images/vm-sprite-120px.jpg was preloaded using link preload but not used within a few seconds from the window's load event. Please make sure it has an appropriate `as` value and it is preloaded intentionally. @ https://sniffies.com/:0
[ 2104185ms] [WARNING] The resource https://sniffies.com/assets/images/vm-sprite-120px.jpg was preloaded using link preload but not used within a few seconds from the window's load event. Please make sure it has an appropriate `as` value and it is preloaded intentionally. @ https://sniffies.com/:0
[ 2108604ms] [WARNING] The resource https://sniffies.com/assets/images/vm-sprite-120px.jpg was preloaded using link preload but not used within a few seconds from the window's load event. Please make sure it has an appropriate `as` value and it is preloaded intentionally. @ https://sniffies.com/:0
[ 2117105ms] [WARNING] The resource https://sniffies.com/assets/images/vm-sprite-120px.jpg was preloaded using link preload but not used within a few seconds from the window's load event. Please make sure it has an appropriate `as` value and it is preloaded intentionally. @ https://sniffies.com/:0
[ 2138873ms] [WARNING] The resource https://sniffies.com/assets/images/vm-sprite-120px.jpg was preloaded using link preload but not used within a few seconds from the window's load event. Please make sure it has an appropriate `as` value and it is preloaded intentionally. @ https://sniffies.com/:0
[ 2147687ms] [WARNING] The resource https://sniffies.com/assets/images/vm-sprite-120px.jpg was preloaded using link preload but not used within a few seconds from the window's load event. Please make sure it has an appropriate `as` value and it is preloaded intentionally. @ https://sniffies.com/:0
[ 2161124ms] [WARNING] The resource https://sniffies.com/assets/images/vm-sprite-120px.jpg was preloaded using link preload but not used within a few seconds from the window's load event. Please make sure it has an appropriate `as` value and it is preloaded intentionally. @ https://sniffies.com/:0
[ 2167079ms] [WARNING] The resource https://sniffies.com/assets/images/vm-sprite-120px.jpg was preloaded using link preload but not used within a few seconds from the window's load event. Please make sure it has an appropriate `as` value and it is preloaded intentionally. @ https://sniffies.com/:0
[ 2178345ms] [WARNING] The resource https://sniffies.com/assets/images/vm-sprite-120px.jpg was preloaded using link preload but not used within a few seconds from the window's load event. Please make sure it has an appropriate `as` value and it is preloaded intentionally. @ https://sniffies.com/:0
[ 2182825ms] [WARNING] The resource https://sniffies.com/assets/images/vm-sprite-120px.jpg was preloaded using link preload but not used within a few seconds from the window's load event. Please make sure it has an appropriate `as` value and it is preloaded intentionally. @ https://sniffies.com/:0
[ 2190559ms] [WARNING] The resource https://sniffies.com/assets/images/vm-sprite-120px.jpg was preloaded using link preload but not used within a few seconds from the window's load event. Please make sure it has an appropriate `as` value and it is preloaded intentionally. @ https://sniffies.com/:0
[ 2201177ms] [WARNING] The resource https://sniffies.com/assets/images/vm-sprite-120px.jpg was preloaded using link preload but not used within a few seconds from the window's load event. Please make sure it has an appropriate `as` value and it is preloaded intentionally. @ https://sniffies.com/:0
[ 2206215ms] [WARNING] The resource https://sniffies.com/assets/images/vm-sprite-120px.jpg was preloaded using link preload but not used within a few seconds from the window's load event. Please make sure it has an appropriate `as` value and it is preloaded intentionally. @ https://sniffies.com/:0
[ 2211684ms] [WARNING] The resource https://sniffies.com/assets/images/vm-sprite-120px.jpg was preloaded using link preload but not used within a few seconds from the window's load event. Please make sure it has an appropriate `as` value and it is preloaded intentionally. @ https://sniffies.com/:0
[ 2216212ms] [WARNING] The resource https://sniffies.com/assets/images/vm-sprite-120px.jpg was preloaded using link preload but not used within a few seconds from the window's load event. Please make sure it has an appropriate `as` value and it is preloaded intentionally. @ https://sniffies.com/:0
[ 2224442ms] [WARNING] The resource https://sniffies.com/assets/images/vm-sprite-120px.jpg was preloaded using link preload but not used within a few seconds from the window's load event. Please make sure it has an appropriate `as` value and it is preloaded intentionally. @ https://sniffies.com/:0
[ 2230273ms] [WARNING] The resource https://sniffies.com/assets/images/vm-sprite-120px.jpg was preloaded using link preload but not used within a few seconds from the window's load event. Please make sure it has an appropriate `as` value and it is preloaded intentionally. @ https://sniffies.com/:0
[ 2239963ms] [WARNING] The resource https://sniffies.com/assets/images/vm-sprite-120px.jpg was preloaded using link preload but not used within a few seconds from the window's load event. Please make sure it has an appropriate `as` value and it is preloaded intentionally. @ https://sniffies.com/:0
[ 2243632ms] [WARNING] The resource https://sniffies.com/assets/images/vm-sprite-120px.jpg was preloaded using link preload but not used within a few seconds from the window's load event. Please make sure it has an appropriate `as` value and it is preloaded intentionally. @ https://sniffies.com/:0
[ 2255786ms] [WARNING] The resource https://sniffies.com/assets/images/vm-sprite-120px.jpg was preloaded using link preload but not used within a few seconds from the window's load event. Please make sure it has an appropriate `as` value and it is preloaded intentionally. @ https://sniffies.com/:0
[ 2271085ms] [WARNING] The resource https://sniffies.com/assets/images/vm-sprite-120px.jpg was preloaded using link preload but not used within a few seconds from the window's load event. Please make sure it has an appropriate `as` value and it is preloaded intentionally. @ https://sniffies.com/:0
[ 2284646ms] [WARNING] The resource https://sniffies.com/assets/images/vm-sprite-120px.jpg was preloaded using link preload but not used within a few seconds from the window's load event. Please make sure it has an appropriate `as` value and it is preloaded intentionally. @ https://sniffies.com/:0
[ 2305558ms] [WARNING] The resource https://sniffies.com/assets/images/vm-sprite-120px.jpg was preloaded using link preload but not used within a few seconds from the window's load event. Please make sure it has an appropriate `as` value and it is preloaded intentionally. @ https://sniffies.com/:0
[ 2313420ms] [WARNING] The resource https://sniffies.com/assets/images/vm-sprite-120px.jpg was preloaded using link preload but not used within a few seconds from the window's load event. Please make sure it has an appropriate `as` value and it is preloaded intentionally. @ https://sniffies.com/:0
[ 2320412ms] [WARNING] The resource https://sniffies.com/assets/images/vm-sprite-120px.jpg was preloaded using link preload but not used within a few seconds from the window's load event. Please make sure it has an appropriate `as` value and it is preloaded intentionally. @ https://sniffies.com/:0
[ 2325534ms] [WARNING] The resource https://sniffies.com/assets/images/vm-sprite-120px.jpg was preloaded using link preload but not used within a few seconds from the window's load event. Please make sure it has an appropriate `as` value and it is preloaded intentionally. @ https://sniffies.com/:0
[ 2331842ms] [WARNING] The resource https://sniffies.com/assets/images/vm-sprite-120px.jpg was preloaded using link preload but not used within a few seconds from the window's load event. Please make sure it has an appropriate `as` value and it is preloaded intentionally. @ https://sniffies.com/:0
[ 2338715ms] [WARNING] The resource https://sniffies.com/assets/images/vm-sprite-120px.jpg was preloaded using link preload but not used within a few seconds from the window's load event. Please make sure it has an appropriate `as` value and it is preloaded intentionally. @ https://sniffies.com/:0
[ 2352203ms] [WARNING] The resource https://sniffies.com/assets/images/vm-sprite-120px.jpg was preloaded using link preload but not used within a few seconds from the window's load event. Please make sure it has an appropriate `as` value and it is preloaded intentionally. @ https://sniffies.com/:0
[ 2358849ms] [WARNING] The resource https://sniffies.com/assets/images/vm-sprite-120px.jpg was preloaded using link preload but not used within a few seconds from the window's load event. Please make sure it has an appropriate `as` value and it is preloaded intentionally. @ https://sniffies.com/:0
[ 2368750ms] [WARNING] The resource https://sniffies.com/assets/images/vm-sprite-120px.jpg was preloaded using link preload but not used within a few seconds from the window's load event. Please make sure it has an appropriate `as` value and it is preloaded intentionally. @ https://sniffies.com/:0
[ 2371948ms] [WARNING] The resource https://sniffies.com/assets/images/vm-sprite-120px.jpg was preloaded using link preload but not used within a few seconds from the window's load event. Please make sure it has an appropriate `as` value and it is preloaded intentionally. @ https://sniffies.com/:0
[ 2383158ms] [WARNING] The resource https://sniffies.com/assets/images/vm-sprite-120px.jpg was preloaded using link preload but not used within a few seconds from the window's load event. Please make sure it has an appropriate `as` value and it is preloaded intentionally. @ https://sniffies.com/:0
[ 2390436ms] [WARNING] The resource https://sniffies.com/assets/images/vm-sprite-120px.jpg was preloaded using link preload but not used within a few seconds from the window's load event. Please make sure it has an appropriate `as` value and it is preloaded intentionally. @ https://sniffies.com/:0
[ 2397932ms] [WARNING] The resource https://sniffies.com/assets/images/vm-sprite-120px.jpg was preloaded using link preload but not used within a few seconds from the window's load event. Please make sure it has an appropriate `as` value and it is preloaded intentionally. @ https://sniffies.com/:0
[ 2401994ms] [WARNING] The resource https://sniffies.com/assets/images/vm-sprite-120px.jpg was preloaded using link preload but not used within a few seconds from the window's load event. Please make sure it has an appropriate `as` value and it is preloaded intentionally. @ https://sniffies.com/:0
[ 2410468ms] [WARNING] The resource https://sniffies.com/assets/images/vm-sprite-120px.jpg was preloaded using link preload but not used within a few seconds from the window's load event. Please make sure it has an appropriate `as` value and it is preloaded intentionally. @ https://sniffies.com/:0
[ 2414543ms] [WARNING] The resource https://sniffies.com/assets/images/vm-sprite-120px.jpg was preloaded using link preload but not used within a few seconds from the window's load event. Please make sure it has an appropriate `as` value and it is preloaded intentionally. @ https://sniffies.com/:0
[ 2422806ms] [WARNING] The resource https://sniffies.com/assets/images/vm-sprite-120px.jpg was preloaded using link preload but not used within a few seconds from the window's load event. Please make sure it has an appropriate `as` value and it is preloaded intentionally. @ https://sniffies.com/:0
[ 2427279ms] [WARNING] The resource https://sniffies.com/assets/images/vm-sprite-120px.jpg was preloaded using link preload but not used within a few seconds from the window's load event. Please make sure it has an appropriate `as` value and it is preloaded intentionally. @ https://sniffies.com/:0
[ 2432807ms] [WARNING] The resource https://sniffies.com/assets/images/vm-sprite-120px.jpg was preloaded using link preload but not used within a few seconds from the window's load event. Please make sure it has an appropriate `as` value and it is preloaded intentionally. @ https://sniffies.com/:0
[ 2456584ms] [WARNING] The resource https://sniffies.com/assets/images/vm-sprite-120px.jpg was preloaded using link preload but not used within a few seconds from the window's load event. Please make sure it has an appropriate `as` value and it is preloaded intentionally. @ https://sniffies.com/:0
[ 2466453ms] [WARNING] The resource https://sniffies.com/assets/images/vm-sprite-120px.jpg was preloaded using link preload but not used within a few seconds from the window's load event. Please make sure it has an appropriate `as` value and it is preloaded intentionally. @ https://sniffies.com/:0
[ 2473534ms] [WARNING] The resource https://sniffies.com/assets/images/vm-sprite-120px.jpg was preloaded using link preload but not used within a few seconds from the window's load event. Please make sure it has an appropriate `as` value and it is preloaded intentionally. @ https://sniffies.com/:0
[ 2477717ms] [WARNING] The resource https://sniffies.com/assets/images/vm-sprite-120px.jpg was preloaded using link preload but not used within a few seconds from the window's load event. Please make sure it has an appropriate `as` value and it is preloaded intentionally. @ https://sniffies.com/:0
[ 2483105ms] [WARNING] The resource https://sniffies.com/assets/images/vm-sprite-120px.jpg was preloaded using link preload but not used within a few seconds from the window's load event. Please make sure it has an appropriate `as` value and it is preloaded intentionally. @ https://sniffies.com/:0
[ 2488188ms] [WARNING] The resource https://sniffies.com/assets/images/vm-sprite-120px.jpg was preloaded using link preload but not used within a few seconds from the window's load event. Please make sure it has an appropriate `as` value and it is preloaded intentionally. @ https://sniffies.com/:0
[ 2491272ms] [WARNING] The resource https://sniffies.com/assets/images/vm-sprite-120px.jpg was preloaded using link preload but not used within a few seconds from the window's load event. Please make sure it has an appropriate `as` value and it is preloaded intentionally. @ https://sniffies.com/:0
[ 2496019ms] [WARNING] The resource https://sniffies.com/assets/images/vm-sprite-120px.jpg was preloaded using link preload but not used within a few seconds from the window's load event. Please make sure it has an appropriate `as` value and it is preloaded intentionally. @ https://sniffies.com/:0
[ 2500814ms] [WARNING] The resource https://sniffies.com/assets/images/vm-sprite-120px.jpg was preloaded using link preload but not used within a few seconds from the window's load event. Please make sure it has an appropriate `as` value and it is preloaded intentionally. @ https://sniffies.com/:0
[ 2509348ms] [WARNING] The resource https://sniffies.com/assets/images/vm-sprite-120px.jpg was preloaded using link preload but not used within a few seconds from the window's load event. Please make sure it has an appropriate `as` value and it is preloaded intentionally. @ https://sniffies.com/:0
[ 2522512ms] [WARNING] The resource https://sniffies.com/assets/images/vm-sprite-120px.jpg was preloaded using link preload but not used within a few seconds from the window's load event. Please make sure it has an appropriate `as` value and it is preloaded intentionally. @ https://sniffies.com/:0
[ 2531865ms] [WARNING] The resource https://sniffies.com/assets/images/vm-sprite-120px.jpg was preloaded using link preload but not used within a few seconds from the window's load event. Please make sure it has an appropriate `as` value and it is preloaded intentionally. @ https://sniffies.com/:0
[ 2536060ms] [WARNING] The resource https://sniffies.com/assets/images/vm-sprite-120px.jpg was preloaded using link preload but not used within a few seconds from the window's load event. Please make sure it has an appropriate `as` value and it is preloaded intentionally. @ https://sniffies.com/:0
[ 2544660ms] [WARNING] The resource https://sniffies.com/assets/images/vm-sprite-120px.jpg was preloaded using link preload but not used within a few seconds from the window's load event. Please make sure it has an appropriate `as` value and it is preloaded intentionally. @ https://sniffies.com/:0
[ 2549140ms] [WARNING] The resource https://sniffies.com/assets/images/vm-sprite-120px.jpg was preloaded using link preload but not used within a few seconds from the window's load event. Please make sure it has an appropriate `as` value and it is preloaded intentionally. @ https://sniffies.com/:0
[ 2562523ms] [WARNING] The resource https://sniffies.com/assets/images/vm-sprite-120px.jpg was preloaded using link preload but not used within a few seconds from the window's load event. Please make sure it has an appropriate `as` value and it is preloaded intentionally. @ https://sniffies.com/:0
[ 2568060ms] [WARNING] The resource https://sniffies.com/assets/images/vm-sprite-120px.jpg was preloaded using link preload but not used within a few seconds from the window's load event. Please make sure it has an appropriate `as` value and it is preloaded intentionally. @ https://sniffies.com/:0
[ 2574206ms] [WARNING] The resource https://sniffies.com/assets/images/vm-sprite-120px.jpg was preloaded using link preload but not used within a few seconds from the window's load event. Please make sure it has an appropriate `as` value and it is preloaded intentionally. @ https://sniffies.com/:0
[ 2580913ms] [WARNING] The resource https://sniffies.com/assets/images/vm-sprite-120px.jpg was preloaded using link preload but not used within a few seconds from the window's load event. Please make sure it has an appropriate `as` value and it is preloaded intentionally. @ https://sniffies.com/:0
[ 2598695ms] [WARNING] The resource https://sniffies.com/assets/images/vm-sprite-120px.jpg was preloaded using link preload but not used within a few seconds from the window's load event. Please make sure it has an appropriate `as` value and it is preloaded intentionally. @ https://sniffies.com/:0
[ 2609488ms] [WARNING] The resource https://sniffies.com/assets/images/vm-sprite-120px.jpg was preloaded using link preload but not used within a few seconds from the window's load event. Please make sure it has an appropriate `as` value and it is preloaded intentionally. @ https://sniffies.com/:0
[ 2615836ms] [WARNING] The resource https://sniffies.com/assets/images/vm-sprite-120px.jpg was preloaded using link preload but not used within a few seconds from the window's load event. Please make sure it has an appropriate `as` value and it is preloaded intentionally. @ https://sniffies.com/:0
[ 2628549ms] [WARNING] The resource https://sniffies.com/assets/images/vm-sprite-120px.jpg was preloaded using link preload but not used within a few seconds from the window's load event. Please make sure it has an appropriate `as` value and it is preloaded intentionally. @ https://sniffies.com/:0
[ 2649513ms] [WARNING] The resource https://sniffies.com/assets/images/vm-sprite-120px.jpg was preloaded using link preload but not used within a few seconds from the window's load event. Please make sure it has an appropriate `as` value and it is preloaded intentionally. @ https://sniffies.com/:0
[ 2656403ms] [WARNING] The resource https://sniffies.com/assets/images/vm-sprite-120px.jpg was preloaded using link preload but not used within a few seconds from the window's load event. Please make sure it has an appropriate `as` value and it is preloaded intentionally. @ https://sniffies.com/:0
[ 2665275ms] [WARNING] The resource https://sniffies.com/assets/images/vm-sprite-120px.jpg was preloaded using link preload but not used within a few seconds from the window's load event. Please make sure it has an appropriate `as` value and it is preloaded intentionally. @ https://sniffies.com/:0
[ 2672939ms] [WARNING] The resource https://sniffies.com/assets/images/vm-sprite-120px.jpg was preloaded using link preload but not used within a few seconds from the window's load event. Please make sure it has an appropriate `as` value and it is preloaded intentionally. @ https://sniffies.com/:0
[ 2677948ms] [WARNING] The resource https://sniffies.com/assets/images/vm-sprite-120px.jpg was preloaded using link preload but not used within a few seconds from the window's load event. Please make sure it has an appropriate `as` value and it is preloaded intentionally. @ https://sniffies.com/:0
[ 2693593ms] [WARNING] The resource https://sniffies.com/assets/images/vm-sprite-120px.jpg was preloaded using link preload but not used within a few seconds from the window's load event. Please make sure it has an appropriate `as` value and it is preloaded intentionally. @ https://sniffies.com/:0
[ 2697356ms] [WARNING] The resource https://sniffies.com/assets/images/vm-sprite-120px.jpg was preloaded using link preload but not used within a few seconds from the window's load event. Please make sure it has an appropriate `as` value and it is preloaded intentionally. @ https://sniffies.com/:0
[ 2706678ms] [WARNING] The resource https://sniffies.com/assets/images/vm-sprite-120px.jpg was preloaded using link preload but not used within a few seconds from the window's load event. Please make sure it has an appropriate `as` value and it is preloaded intentionally. @ https://sniffies.com/:0
[ 2713617ms] [WARNING] The resource https://sniffies.com/assets/images/vm-sprite-120px.jpg was preloaded using link preload but not used within a few seconds from the window's load event. Please make sure it has an appropriate `as` value and it is preloaded intentionally. @ https://sniffies.com/:0
[ 2734013ms] [WARNING] The resource https://sniffies.com/assets/images/vm-sprite-120px.jpg was preloaded using link preload but not used within a few seconds from the window's load event. Please make sure it has an appropriate `as` value and it is preloaded intentionally. @ https://sniffies.com/:0
[ 2737728ms] [WARNING] The resource https://sniffies.com/assets/images/vm-sprite-120px.jpg was preloaded using link preload but not used within a few seconds from the window's load event. Please make sure it has an appropriate `as` value and it is preloaded intentionally. @ https://sniffies.com/:0
[ 2753059ms] [WARNING] The resource https://sniffies.com/assets/images/vm-sprite-120px.jpg was preloaded using link preload but not used within a few seconds from the window's load event. Please make sure it has an appropriate `as` value and it is preloaded intentionally. @ https://sniffies.com/:0
[ 2758240ms] [WARNING] The resource https://sniffies.com/assets/images/vm-sprite-120px.jpg was preloaded using link preload but not used within a few seconds from the window's load event. Please make sure it has an appropriate `as` value and it is preloaded intentionally. @ https://sniffies.com/:0
[ 2774234ms] [WARNING] The resource https://sniffies.com/assets/images/vm-sprite-120px.jpg was preloaded using link preload but not used within a few seconds from the window's load event. Please make sure it has an appropriate `as` value and it is preloaded intentionally. @ https://sniffies.com/:0
[ 2781295ms] [WARNING] The resource https://sniffies.com/assets/images/vm-sprite-120px.jpg was preloaded using link preload but not used within a few seconds from the window's load event. Please make sure it has an appropriate `as` value and it is preloaded intentionally. @ https://sniffies.com/:0
[ 2786437ms] [WARNING] The resource https://sniffies.com/assets/images/vm-sprite-120px.jpg was preloaded using link preload but not used within a few seconds from the window's load event. Please make sure it has an appropriate `as` value and it is preloaded intentionally. @ https://sniffies.com/:0
[ 2792054ms] [WARNING] The resource https://sniffies.com/assets/images/vm-sprite-120px.jpg was preloaded using link preload but not used within a few seconds from the window's load event. Please make sure it has an appropriate `as` value and it is preloaded intentionally. @ https://sniffies.com/:0
[ 2798712ms] [WARNING] The resource https://sniffies.com/assets/images/vm-sprite-120px.jpg was preloaded using link preload but not used within a few seconds from the window's load event. Please make sure it has an appropriate `as` value and it is preloaded intentionally. @ https://sniffies.com/:0
[ 2806490ms] [WARNING] The resource https://sniffies.com/assets/images/vm-sprite-120px.jpg was preloaded using link preload but not used within a few seconds from the window's load event. Please make sure it has an appropriate `as` value and it is preloaded intentionally. @ https://sniffies.com/:0
[ 2816990ms] [WARNING] The resource https://sniffies.com/assets/images/vm-sprite-120px.jpg was preloaded using link preload but not used within a few seconds from the window's load event. Please make sure it has an appropriate `as` value and it is preloaded intentionally. @ https://sniffies.com/:0
[ 2825230ms] [WARNING] The resource https://sniffies.com/assets/images/vm-sprite-120px.jpg was preloaded using link preload but not used within a few seconds from the window's load event. Please make sure it has an appropriate `as` value and it is preloaded intentionally. @ https://sniffies.com/:0
[ 2846387ms] [WARNING] The resource https://sniffies.com/assets/images/vm-sprite-120px.jpg was preloaded using link preload but not used within a few seconds from the window's load event. Please make sure it has an appropriate `as` value and it is preloaded intentionally. @ https://sniffies.com/:0
[ 2863321ms] [WARNING] The resource https://sniffies.com/assets/images/vm-sprite-120px.jpg was preloaded using link preload but not used within a few seconds from the window's load event. Please make sure it has an appropriate `as` value and it is preloaded intentionally. @ https://sniffies.com/:0
[ 2869912ms] [WARNING] The resource https://sniffies.com/assets/images/vm-sprite-120px.jpg was preloaded using link preload but not used within a few seconds from the window's load event. Please make sure it has an appropriate `as` value and it is preloaded intentionally. @ https://sniffies.com/:0
[ 2873354ms] [WARNING] The resource https://sniffies.com/assets/images/vm-sprite-120px.jpg was preloaded using link preload but not used within a few seconds from the window's load event. Please make sure it has an appropriate `as` value and it is preloaded intentionally. @ https://sniffies.com/:0
[ 2881097ms] [WARNING] The resource https://sniffies.com/assets/images/vm-sprite-120px.jpg was preloaded using link preload but not used within a few seconds from the window's load event. Please make sure it has an appropriate `as` value and it is preloaded intentionally. @ https://sniffies.com/:0
[ 2884318ms] [WARNING] The resource https://sniffies.com/assets/images/vm-sprite-120px.jpg was preloaded using link preload but not used within a few seconds from the window's load event. Please make sure it has an appropriate `as` value and it is preloaded intentionally. @ https://sniffies.com/:0
[ 2889341ms] [WARNING] The resource https://sniffies.com/assets/images/vm-sprite-120px.jpg was preloaded using link preload but not used within a few seconds from the window's load event. Please make sure it has an appropriate `as` value and it is preloaded intentionally. @ https://sniffies.com/:0
[ 2898240ms] [WARNING] The resource https://sniffies.com/assets/images/vm-sprite-120px.jpg was preloaded using link preload but not used within a few seconds from the window's load event. Please make sure it has an appropriate `as` value and it is preloaded intentionally. @ https://sniffies.com/:0
[ 2905557ms] [WARNING] The resource https://sniffies.com/assets/images/vm-sprite-120px.jpg was preloaded using link preload but not used within a few seconds from the window's load event. Please make sure it has an appropriate `as` value and it is preloaded intentionally. @ https://sniffies.com/:0
[ 2914742ms] [WARNING] The resource https://sniffies.com/assets/images/vm-sprite-120px.jpg was preloaded using link preload but not used within a few seconds from the window's load event. Please make sure it has an appropriate `as` value and it is preloaded intentionally. @ https://sniffies.com/:0
[ 2919879ms] [WARNING] The resource https://sniffies.com/assets/images/vm-sprite-120px.jpg was preloaded using link preload but not used within a few seconds from the window's load event. Please make sure it has an appropriate `as` value and it is preloaded intentionally. @ https://sniffies.com/:0
[ 2925697ms] [WARNING] The resource https://sniffies.com/assets/images/vm-sprite-120px.jpg was preloaded using link preload but not used within a few seconds from the window's load event. Please make sure it has an appropriate `as` value and it is preloaded intentionally. @ https://sniffies.com/:0
[ 2934510ms] [WARNING] The resource https://sniffies.com/assets/images/vm-sprite-120px.jpg was preloaded using link preload but not used within a few seconds from the window's load event. Please make sure it has an appropriate `as` value and it is preloaded intentionally. @ https://sniffies.com/:0
[ 2937818ms] [WARNING] The resource https://sniffies.com/assets/images/vm-sprite-120px.jpg was preloaded using link preload but not used within a few seconds from the window's load event. Please make sure it has an appropriate `as` value and it is preloaded intentionally. @ https://sniffies.com/:0
[ 2978505ms] [WARNING] The resource https://sniffies.com/assets/images/vm-sprite-120px.jpg was preloaded using link preload but not used within a few seconds from the window's load event. Please make sure it has an appropriate `as` value and it is preloaded intentionally. @ https://sniffies.com/:0
[ 2985707ms] [WARNING] The resource https://sniffies.com/assets/images/vm-sprite-120px.jpg was preloaded using link preload but not used within a few seconds from the window's load event. Please make sure it has an appropriate `as` value and it is preloaded intentionally. @ https://sniffies.com/:0
[ 3001866ms] [WARNING] The resource https://sniffies.com/assets/images/vm-sprite-120px.jpg was preloaded using link preload but not used within a few seconds from the window's load event. Please make sure it has an appropriate `as` value and it is preloaded intentionally. @ https://sniffies.com/:0
[ 3005046ms] [WARNING] The resource https://sniffies.com/assets/images/vm-sprite-120px.jpg was preloaded using link preload but not used within a few seconds from the window's load event. Please make sure it has an appropriate `as` value and it is preloaded intentionally. @ https://sniffies.com/:0
[ 3009684ms] [WARNING] The resource https://sniffies.com/assets/images/vm-sprite-120px.jpg was preloaded using link preload but not used within a few seconds from the window's load event. Please make sure it has an appropriate `as` value and it is preloaded intentionally. @ https://sniffies.com/:0
[ 3021813ms] [WARNING] The resource https://sniffies.com/assets/images/vm-sprite-120px.jpg was preloaded using link preload but not used within a few seconds from the window's load event. Please make sure it has an appropriate `as` value and it is preloaded intentionally. @ https://sniffies.com/:0
[ 3033039ms] [WARNING] The resource https://sniffies.com/assets/images/vm-sprite-120px.jpg was preloaded using link preload but not used within a few seconds from the window's load event. Please make sure it has an appropriate `as` value and it is preloaded intentionally. @ https://sniffies.com/:0
[ 3037270ms] [WARNING] The resource https://sniffies.com/assets/images/vm-sprite-120px.jpg was preloaded using link preload but not used within a few seconds from the window's load event. Please make sure it has an appropriate `as` value and it is preloaded intentionally. @ https://sniffies.com/:0
[ 3050058ms] [WARNING] The resource https://sniffies.com/assets/images/vm-sprite-120px.jpg was preloaded using link preload but not used within a few seconds from the window's load event. Please make sure it has an appropriate `as` value and it is preloaded intentionally. @ https://sniffies.com/:0
[ 3063408ms] [WARNING] The resource https://sniffies.com/assets/images/vm-sprite-120px.jpg was preloaded using link preload but not used within a few seconds from the window's load event. Please make sure it has an appropriate `as` value and it is preloaded intentionally. @ https://sniffies.com/:0
[ 3066758ms] [WARNING] The resource https://sniffies.com/assets/images/vm-sprite-120px.jpg was preloaded using link preload but not used within a few seconds from the window's load event. Please make sure it has an appropriate `as` value and it is preloaded intentionally. @ https://sniffies.com/:0
[ 3075385ms] [WARNING] The resource https://sniffies.com/assets/images/vm-sprite-120px.jpg was preloaded using link preload but not used within a few seconds from the window's load event. Please make sure it has an appropriate `as` value and it is preloaded intentionally. @ https://sniffies.com/:0
[ 3085705ms] [WARNING] The resource https://sniffies.com/assets/images/vm-sprite-120px.jpg was preloaded using link preload but not used within a few seconds from the window's load event. Please make sure it has an appropriate `as` value and it is preloaded intentionally. @ https://sniffies.com/:0
[ 3096531ms] [WARNING] The resource https://sniffies.com/assets/images/vm-sprite-120px.jpg was preloaded using link preload but not used within a few seconds from the window's load event. Please make sure it has an appropriate `as` value and it is preloaded intentionally. @ https://sniffies.com/:0
[ 3109254ms] [WARNING] The resource https://sniffies.com/assets/images/vm-sprite-120px.jpg was preloaded using link preload but not used within a few seconds from the window's load event. Please make sure it has an appropriate `as` value and it is preloaded intentionally. @ https://sniffies.com/:0
[ 3114276ms] [WARNING] The resource https://sniffies.com/assets/images/vm-sprite-120px.jpg was preloaded using link preload but not used within a few seconds from the window's load event. Please make sure it has an appropriate `as` value and it is preloaded intentionally. @ https://sniffies.com/:0
[ 3125654ms] [WARNING] The resource https://sniffies.com/assets/images/vm-sprite-120px.jpg was preloaded using link preload but not used within a few seconds from the window's load event. Please make sure it has an appropriate `as` value and it is preloaded intentionally. @ https://sniffies.com/:0
[ 3136004ms] [WARNING] The resource https://sniffies.com/assets/images/vm-sprite-120px.jpg was preloaded using link preload but not used within a few seconds from the window's load event. Please make sure it has an appropriate `as` value and it is preloaded intentionally. @ https://sniffies.com/:0
[ 3142237ms] [WARNING] The resource https://sniffies.com/assets/images/vm-sprite-120px.jpg was preloaded using link preload but not used within a few seconds from the window's load event. Please make sure it has an appropriate `as` value and it is preloaded intentionally. @ https://sniffies.com/:0
[ 3150473ms] [WARNING] The resource https://sniffies.com/assets/images/vm-sprite-120px.jpg was preloaded using link preload but not used within a few seconds from the window's load event. Please make sure it has an appropriate `as` value and it is preloaded intentionally. @ https://sniffies.com/:0
[ 3155885ms] [WARNING] The resource https://sniffies.com/assets/images/vm-sprite-120px.jpg was preloaded using link preload but not used within a few seconds from the window's load event. Please make sure it has an appropriate `as` value and it is preloaded intentionally. @ https://sniffies.com/:0
[ 3163895ms] [WARNING] The resource https://sniffies.com/assets/images/vm-sprite-120px.jpg was preloaded using link preload but not used within a few seconds from the window's load event. Please make sure it has an appropriate `as` value and it is preloaded intentionally. @ https://sniffies.com/:0
[ 3173998ms] [WARNING] The resource https://sniffies.com/assets/images/vm-sprite-120px.jpg was preloaded using link preload but not used within a few seconds from the window's load event. Please make sure it has an appropriate `as` value and it is preloaded intentionally. @ https://sniffies.com/:0
[ 3181547ms] [WARNING] The resource https://sniffies.com/assets/images/vm-sprite-120px.jpg was preloaded using link preload but not used within a few seconds from the window's load event. Please make sure it has an appropriate `as` value and it is preloaded intentionally. @ https://sniffies.com/:0
[ 3187168ms] [WARNING] The resource https://sniffies.com/assets/images/vm-sprite-120px.jpg was preloaded using link preload but not used within a few seconds from the window's load event. Please make sure it has an appropriate `as` value and it is preloaded intentionally. @ https://sniffies.com/:0
[ 3198772ms] [WARNING] The resource https://sniffies.com/assets/images/vm-sprite-120px.jpg was preloaded using link preload but not used within a few seconds from the window's load event. Please make sure it has an appropriate `as` value and it is preloaded intentionally. @ https://sniffies.com/:0
[ 3205517ms] [WARNING] The resource https://sniffies.com/assets/images/vm-sprite-120px.jpg was preloaded using link preload but not used within a few seconds from the window's load event. Please make sure it has an appropriate `as` value and it is preloaded intentionally. @ https://sniffies.com/:0
[ 3210862ms] [WARNING] The resource https://sniffies.com/assets/images/vm-sprite-120px.jpg was preloaded using link preload but not used within a few seconds from the window's load event. Please make sure it has an appropriate `as` value and it is preloaded intentionally. @ https://sniffies.com/:0
[ 3217323ms] [WARNING] The resource https://sniffies.com/assets/images/vm-sprite-120px.jpg was preloaded using link preload but not used within a few seconds from the window's load event. Please make sure it has an appropriate `as` value and it is preloaded intentionally. @ https://sniffies.com/:0
[ 3229755ms] [WARNING] The resource https://sniffies.com/assets/images/vm-sprite-120px.jpg was preloaded using link preload but not used within a few seconds from the window's load event. Please make sure it has an appropriate `as` value and it is preloaded intentionally. @ https://sniffies.com/:0
[ 3240873ms] [WARNING] The resource https://sniffies.com/assets/images/vm-sprite-120px.jpg was preloaded using link preload but not used within a few seconds from the window's load event. Please make sure it has an appropriate `as` value and it is preloaded intentionally. @ https://sniffies.com/:0
[ 3247991ms] [WARNING] The resource https://sniffies.com/assets/images/vm-sprite-120px.jpg was preloaded using link preload but not used within a few seconds from the window's load event. Please make sure it has an appropriate `as` value and it is preloaded intentionally. @ https://sniffies.com/:0
[ 3260300ms] [WARNING] The resource https://sniffies.com/assets/images/vm-sprite-120px.jpg was preloaded using link preload but not used within a few seconds from the window's load event. Please make sure it has an appropriate `as` value and it is preloaded intentionally. @ https://sniffies.com/:0
[ 3273534ms] [WARNING] The resource https://sniffies.com/assets/images/vm-sprite-120px.jpg was preloaded using link preload but not used within a few seconds from the window's load event. Please make sure it has an appropriate `as` value and it is preloaded intentionally. @ https://sniffies.com/:0
[ 3279804ms] [WARNING] The resource https://sniffies.com/assets/images/vm-sprite-120px.jpg was preloaded using link preload but not used within a few seconds from the window's load event. Please make sure it has an appropriate `as` value and it is preloaded intentionally. @ https://sniffies.com/:0
[ 3295038ms] [WARNING] The resource https://sniffies.com/assets/images/vm-sprite-120px.jpg was preloaded using link preload but not used within a few seconds from the window's load event. Please make sure it has an appropriate `as` value and it is preloaded intentionally. @ https://sniffies.com/:0
[ 3299121ms] [WARNING] The resource https://sniffies.com/assets/images/vm-sprite-120px.jpg was preloaded using link preload but not used within a few seconds from the window's load event. Please make sure it has an appropriate `as` value and it is preloaded intentionally. @ https://sniffies.com/:0
[ 3304152ms] [WARNING] The resource https://sniffies.com/assets/images/vm-sprite-120px.jpg was preloaded using link preload but not used within a few seconds from the window's load event. Please make sure it has an appropriate `as` value and it is preloaded intentionally. @ https://sniffies.com/:0
[ 3308579ms] [WARNING] The resource https://sniffies.com/assets/images/vm-sprite-120px.jpg was preloaded using link preload but not used within a few seconds from the window's load event. Please make sure it has an appropriate `as` value and it is preloaded intentionally. @ https://sniffies.com/:0
[ 3316745ms] [WARNING] The resource https://sniffies.com/assets/images/vm-sprite-120px.jpg was preloaded using link preload but not used within a few seconds from the window's load event. Please make sure it has an appropriate `as` value and it is preloaded intentionally. @ https://sniffies.com/:0
[ 3320122ms] [WARNING] The resource https://sniffies.com/assets/images/vm-sprite-120px.jpg was preloaded using link preload but not used within a few seconds from the window's load event. Please make sure it has an appropriate `as` value and it is preloaded intentionally. @ https://sniffies.com/:0
[ 3332947ms] [WARNING] The resource https://sniffies.com/assets/images/vm-sprite-120px.jpg was preloaded using link preload but not used within a few seconds from the window's load event. Please make sure it has an appropriate `as` value and it is preloaded intentionally. @ https://sniffies.com/:0
[ 3344515ms] [WARNING] The resource https://sniffies.com/assets/images/vm-sprite-120px.jpg was preloaded using link preload but not used within a few seconds from the window's load event. Please make sure it has an appropriate `as` value and it is preloaded intentionally. @ https://sniffies.com/:0
[ 3351193ms] [WARNING] The resource https://sniffies.com/assets/images/vm-sprite-120px.jpg was preloaded using link preload but not used within a few seconds from the window's load event. Please make sure it has an appropriate `as` value and it is preloaded intentionally. @ https://sniffies.com/:0
[ 3357383ms] [WARNING] The resource https://sniffies.com/assets/images/vm-sprite-120px.jpg was preloaded using link preload but not used within a few seconds from the window's load event. Please make sure it has an appropriate `as` value and it is preloaded intentionally. @ https://sniffies.com/:0
[ 3369096ms] [WARNING] The resource https://sniffies.com/assets/images/vm-sprite-120px.jpg was preloaded using link preload but not used within a few seconds from the window's load event. Please make sure it has an appropriate `as` value and it is preloaded intentionally. @ https://sniffies.com/:0
[ 3378149ms] [WARNING] The resource https://sniffies.com/assets/images/vm-sprite-120px.jpg was preloaded using link preload but not used within a few seconds from the window's load event. Please make sure it has an appropriate `as` value and it is preloaded intentionally. @ https://sniffies.com/:0
[ 3392516ms] [WARNING] The resource https://sniffies.com/assets/images/vm-sprite-120px.jpg was preloaded using link preload but not used within a few seconds from the window's load event. Please make sure it has an appropriate `as` value and it is preloaded intentionally. @ https://sniffies.com/:0
[ 3404695ms] [WARNING] The resource https://sniffies.com/assets/images/vm-sprite-120px.jpg was preloaded using link preload but not used within a few seconds from the window's load event. Please make sure it has an appropriate `as` value and it is preloaded intentionally. @ https://sniffies.com/:0
[ 3422058ms] [WARNING] The resource https://sniffies.com/assets/images/vm-sprite-120px.jpg was preloaded using link preload but not used within a few seconds from the window's load event. Please make sure it has an appropriate `as` value and it is preloaded intentionally. @ https://sniffies.com/:0
[ 3429152ms] [WARNING] The resource https://sniffies.com/assets/images/vm-sprite-120px.jpg was preloaded using link preload but not used within a few seconds from the window's load event. Please make sure it has an appropriate `as` value and it is preloaded intentionally. @ https://sniffies.com/:0
[ 3439521ms] [WARNING] The resource https://sniffies.com/assets/images/vm-sprite-120px.jpg was preloaded using link preload but not used within a few seconds from the window's load event. Please make sure it has an appropriate `as` value and it is preloaded intentionally. @ https://sniffies.com/:0
[ 3444923ms] [WARNING] The resource https://sniffies.com/assets/images/vm-sprite-120px.jpg was preloaded using link preload but not used within a few seconds from the window's load event. Please make sure it has an appropriate `as` value and it is preloaded intentionally. @ https://sniffies.com/:0
[ 3452593ms] [WARNING] The resource https://sniffies.com/assets/images/vm-sprite-120px.jpg was preloaded using link preload but not used within a few seconds from the window's load event. Please make sure it has an appropriate `as` value and it is preloaded intentionally. @ https://sniffies.com/:0
[ 3461441ms] [WARNING] The resource https://sniffies.com/assets/images/vm-sprite-120px.jpg was preloaded using link preload but not used within a few seconds from the window's load event. Please make sure it has an appropriate `as` value and it is preloaded intentionally. @ https://sniffies.com/:0
[ 3475372ms] [WARNING] The resource https://sniffies.com/assets/images/vm-sprite-120px.jpg was preloaded using link preload but not used within a few seconds from the window's load event. Please make sure it has an appropriate `as` value and it is preloaded intentionally. @ https://sniffies.com/:0
[ 3489836ms] [WARNING] The resource https://sniffies.com/assets/images/vm-sprite-120px.jpg was preloaded using link preload but not used within a few seconds from the window's load event. Please make sure it has an appropriate `as` value and it is preloaded intentionally. @ https://sniffies.com/:0
[ 3498556ms] [WARNING] The resource https://sniffies.com/assets/images/vm-sprite-120px.jpg was preloaded using link preload but not used within a few seconds from the window's load event. Please make sure it has an appropriate `as` value and it is preloaded intentionally. @ https://sniffies.com/:0
[ 3514392ms] [WARNING] The resource https://sniffies.com/assets/images/vm-sprite-120px.jpg was preloaded using link preload but not used within a few seconds from the window's load event. Please make sure it has an appropriate `as` value and it is preloaded intentionally. @ https://sniffies.com/:0
[ 3525951ms] [WARNING] The resource https://sniffies.com/assets/images/vm-sprite-120px.jpg was preloaded using link preload but not used within a few seconds from the window's load event. Please make sure it has an appropriate `as` value and it is preloaded intentionally. @ https://sniffies.com/:0
[ 3534338ms] [WARNING] The resource https://sniffies.com/assets/images/vm-sprite-120px.jpg was preloaded using link preload but not used within a few seconds from the window's load event. Please make sure it has an appropriate `as` value and it is preloaded intentionally. @ https://sniffies.com/:0
[ 3541623ms] [WARNING] The resource https://sniffies.com/assets/images/vm-sprite-120px.jpg was preloaded using link preload but not used within a few seconds from the window's load event. Please make sure it has an appropriate `as` value and it is preloaded intentionally. @ https://sniffies.com/:0
[ 3550120ms] [WARNING] The resource https://sniffies.com/assets/images/vm-sprite-120px.jpg was preloaded using link preload but not used within a few seconds from the window's load event. Please make sure it has an appropriate `as` value and it is preloaded intentionally. @ https://sniffies.com/:0
[ 3576740ms] [WARNING] The resource https://sniffies.com/assets/images/vm-sprite-120px.jpg was preloaded using link preload but not used within a few seconds from the window's load event. Please make sure it has an appropriate `as` value and it is preloaded intentionally. @ https://sniffies.com/:0
[ 3582945ms] [WARNING] The resource https://sniffies.com/assets/images/vm-sprite-120px.jpg was preloaded using link preload but not used within a few seconds from the window's load event. Please make sure it has an appropriate `as` value and it is preloaded intentionally. @ https://sniffies.com/:0
[ 3589363ms] [WARNING] The resource https://sniffies.com/assets/images/vm-sprite-120px.jpg was preloaded using link preload but not used within a few seconds from the window's load event. Please make sure it has an appropriate `as` value and it is preloaded intentionally. @ https://sniffies.com/:0
[ 3596305ms] [WARNING] The resource https://sniffies.com/assets/images/vm-sprite-120px.jpg was preloaded using link preload but not used within a few seconds from the window's load event. Please make sure it has an appropriate `as` value and it is preloaded intentionally. @ https://sniffies.com/:0
[ 3601189ms] [WARNING] The resource https://sniffies.com/assets/images/vm-sprite-120px.jpg was preloaded using link preload but not used within a few seconds from the window's load event. Please make sure it has an appropriate `as` value and it is preloaded intentionally. @ https://sniffies.com/:0
[ 3604658ms] [WARNING] The resource https://sniffies.com/assets/images/vm-sprite-120px.jpg was preloaded using link preload but not used within a few seconds from the window's load event. Please make sure it has an appropriate `as` value and it is preloaded intentionally. @ https://sniffies.com/:0
[ 3619544ms] [WARNING] The resource https://sniffies.com/assets/images/vm-sprite-120px.jpg was preloaded using link preload but not used within a few seconds from the window's load event. Please make sure it has an appropriate `as` value and it is preloaded intentionally. @ https://sniffies.com/:0
[ 3623049ms] [WARNING] The resource https://sniffies.com/assets/images/vm-sprite-120px.jpg was preloaded using link preload but not used within a few seconds from the window's load event. Please make sure it has an appropriate `as` value and it is preloaded intentionally. @ https://sniffies.com/:0
[ 3629635ms] [WARNING] The resource https://sniffies.com/assets/images/vm-sprite-120px.jpg was preloaded using link preload but not used within a few seconds from the window's load event. Please make sure it has an appropriate `as` value and it is preloaded intentionally. @ https://sniffies.com/:0
[ 3643094ms] [WARNING] The resource https://sniffies.com/assets/images/vm-sprite-120px.jpg was preloaded using link preload but not used within a few seconds from the window's load event. Please make sure it has an appropriate `as` value and it is preloaded intentionally. @ https://sniffies.com/:0
[ 3647080ms] [WARNING] The resource https://sniffies.com/assets/images/vm-sprite-120px.jpg was preloaded using link preload but not used within a few seconds from the window's load event. Please make sure it has an appropriate `as` value and it is preloaded intentionally. @ https://sniffies.com/:0
[ 3651555ms] [WARNING] The resource https://sniffies.com/assets/images/vm-sprite-120px.jpg was preloaded using link preload but not used within a few seconds from the window's load event. Please make sure it has an appropriate `as` value and it is preloaded intentionally. @ https://sniffies.com/:0
[ 3662872ms] [WARNING] The resource https://sniffies.com/assets/images/vm-sprite-120px.jpg was preloaded using link preload but not used within a few seconds from the window's load event. Please make sure it has an appropriate `as` value and it is preloaded intentionally. @ https://sniffies.com/:0
[ 3666832ms] [WARNING] The resource https://sniffies.com/assets/images/vm-sprite-120px.jpg was preloaded using link preload but not used within a few seconds from the window's load event. Please make sure it has an appropriate `as` value and it is preloaded intentionally. @ https://sniffies.com/:0
[ 3677619ms] [WARNING] The resource https://sniffies.com/assets/images/vm-sprite-120px.jpg was preloaded using link preload but not used within a few seconds from the window's load event. Please make sure it has an appropriate `as` value and it is preloaded intentionally. @ https://sniffies.com/:0
[ 3699730ms] [WARNING] The resource https://sniffies.com/assets/images/vm-sprite-120px.jpg was preloaded using link preload but not used within a few seconds from the window's load event. Please make sure it has an appropriate `as` value and it is preloaded intentionally. @ https://sniffies.com/:0
[ 3703009ms] [WARNING] The resource https://sniffies.com/assets/images/vm-sprite-120px.jpg was preloaded using link preload but not used within a few seconds from the window's load event. Please make sure it has an appropriate `as` value and it is preloaded intentionally. @ https://sniffies.com/:0
[ 3715333ms] [WARNING] The resource https://sniffies.com/assets/images/vm-sprite-120px.jpg was preloaded using link preload but not used within a few seconds from the window's load event. Please make sure it has an appropriate `as` value and it is preloaded intentionally. @ https://sniffies.com/:0
[ 3719192ms] [WARNING] The resource https://sniffies.com/assets/images/vm-sprite-120px.jpg was preloaded using link preload but not used within a few seconds from the window's load event. Please make sure it has an appropriate `as` value and it is preloaded intentionally. @ https://sniffies.com/:0
[ 3728032ms] [WARNING] The resource https://sniffies.com/assets/images/vm-sprite-120px.jpg was preloaded using link preload but not used within a few seconds from the window's load event. Please make sure it has an appropriate `as` value and it is preloaded intentionally. @ https://sniffies.com/:0
[ 3739464ms] [WARNING] The resource https://sniffies.com/assets/images/vm-sprite-120px.jpg was preloaded using link preload but not used within a few seconds from the window's load event. Please make sure it has an appropriate `as` value and it is preloaded intentionally. @ https://sniffies.com/:0
[ 3745140ms] [WARNING] The resource https://sniffies.com/assets/images/vm-sprite-120px.jpg was preloaded using link preload but not used within a few seconds from the window's load event. Please make sure it has an appropriate `as` value and it is preloaded intentionally. @ https://sniffies.com/:0
[ 3751049ms] [WARNING] The resource https://sniffies.com/assets/images/vm-sprite-120px.jpg was preloaded using link preload but not used within a few seconds from the window's load event. Please make sure it has an appropriate `as` value and it is preloaded intentionally. @ https://sniffies.com/:0
[ 3768213ms] [WARNING] The resource https://sniffies.com/assets/images/vm-sprite-120px.jpg was preloaded using link preload but not used within a few seconds from the window's load event. Please make sure it has an appropriate `as` value and it is preloaded intentionally. @ https://sniffies.com/:0
[ 3780704ms] [WARNING] The resource https://sniffies.com/assets/images/vm-sprite-120px.jpg was preloaded using link preload but not used within a few seconds from the window's load event. Please make sure it has an appropriate `as` value and it is preloaded intentionally. @ https://sniffies.com/:0
[ 3789684ms] [WARNING] The resource https://sniffies.com/assets/images/vm-sprite-120px.jpg was preloaded using link preload but not used within a few seconds from the window's load event. Please make sure it has an appropriate `as` value and it is preloaded intentionally. @ https://sniffies.com/:0
[ 3798312ms] [WARNING] The resource https://sniffies.com/assets/images/vm-sprite-120px.jpg was preloaded using link preload but not used within a few seconds from the window's load event. Please make sure it has an appropriate `as` value and it is preloaded intentionally. @ https://sniffies.com/:0
[ 3813065ms] [WARNING] The resource https://sniffies.com/assets/images/vm-sprite-120px.jpg was preloaded using link preload but not used within a few seconds from the window's load event. Please make sure it has an appropriate `as` value and it is preloaded intentionally. @ https://sniffies.com/:0
[ 3822309ms] [WARNING] The resource https://sniffies.com/assets/images/vm-sprite-120px.jpg was preloaded using link preload but not used within a few seconds from the window's load event. Please make sure it has an appropriate `as` value and it is preloaded intentionally. @ https://sniffies.com/:0
[ 3828142ms] [WARNING] The resource https://sniffies.com/assets/images/vm-sprite-120px.jpg was preloaded using link preload but not used within a few seconds from the window's load event. Please make sure it has an appropriate `as` value and it is preloaded intentionally. @ https://sniffies.com/:0
[ 3839513ms] [WARNING] The resource https://sniffies.com/assets/images/vm-sprite-120px.jpg was preloaded using link preload but not used within a few seconds from the window's load event. Please make sure it has an appropriate `as` value and it is preloaded intentionally. @ https://sniffies.com/:0
[ 3843818ms] [WARNING] The resource https://sniffies.com/assets/images/vm-sprite-120px.jpg was preloaded using link preload but not used within a few seconds from the window's load event. Please make sure it has an appropriate `as` value and it is preloaded intentionally. @ https://sniffies.com/:0
[ 3851038ms] [WARNING] The resource https://sniffies.com/assets/images/vm-sprite-120px.jpg was preloaded using link preload but not used within a few seconds from the window's load event. Please make sure it has an appropriate `as` value and it is preloaded intentionally. @ https://sniffies.com/:0
[ 3860501ms] [WARNING] The resource https://sniffies.com/assets/images/vm-sprite-120px.jpg was preloaded using link preload but not used within a few seconds from the window's load event. Please make sure it has an appropriate `as` value and it is preloaded intentionally. @ https://sniffies.com/:0
[ 3864021ms] [WARNING] The resource https://sniffies.com/assets/images/vm-sprite-120px.jpg was preloaded using link preload but not used within a few seconds from the window's load event. Please make sure it has an appropriate `as` value and it is preloaded intentionally. @ https://sniffies.com/:0
[ 3867502ms] [WARNING] The resource https://sniffies.com/assets/images/vm-sprite-120px.jpg was preloaded using link preload but not used within a few seconds from the window's load event. Please make sure it has an appropriate `as` value and it is preloaded intentionally. @ https://sniffies.com/:0
[ 3875843ms] [WARNING] The resource https://sniffies.com/assets/images/vm-sprite-120px.jpg was preloaded using link preload but not used within a few seconds from the window's load event. Please make sure it has an appropriate `as` value and it is preloaded intentionally. @ https://sniffies.com/:0
[ 3884654ms] [WARNING] The resource https://sniffies.com/assets/images/vm-sprite-120px.jpg was preloaded using link preload but not used within a few seconds from the window's load event. Please make sure it has an appropriate `as` value and it is preloaded intentionally. @ https://sniffies.com/:0
[ 3893044ms] [WARNING] The resource https://sniffies.com/assets/images/vm-sprite-120px.jpg was preloaded using link preload but not used within a few seconds from the window's load event. Please make sure it has an appropriate `as` value and it is preloaded intentionally. @ https://sniffies.com/:0
[ 3896894ms] [WARNING] The resource https://sniffies.com/assets/images/vm-sprite-120px.jpg was preloaded using link preload but not used within a few seconds from the window's load event. Please make sure it has an appropriate `as` value and it is preloaded intentionally. @ https://sniffies.com/:0
[ 3903504ms] [WARNING] The resource https://sniffies.com/assets/images/vm-sprite-120px.jpg was preloaded using link preload but not used within a few seconds from the window's load event. Please make sure it has an appropriate `as` value and it is preloaded intentionally. @ https://sniffies.com/:0
[ 3910541ms] [WARNING] The resource https://sniffies.com/assets/images/vm-sprite-120px.jpg was preloaded using link preload but not used within a few seconds from the window's load event. Please make sure it has an appropriate `as` value and it is preloaded intentionally. @ https://sniffies.com/:0
[ 3915670ms] [WARNING] The resource https://sniffies.com/assets/images/vm-sprite-120px.jpg was preloaded using link preload but not used within a few seconds from the window's load event. Please make sure it has an appropriate `as` value and it is preloaded intentionally. @ https://sniffies.com/:0
[ 3928189ms] [WARNING] The resource https://sniffies.com/assets/images/vm-sprite-120px.jpg was preloaded using link preload but not used within a few seconds from the window's load event. Please make sure it has an appropriate `as` value and it is preloaded intentionally. @ https://sniffies.com/:0
[ 3934105ms] [WARNING] The resource https://sniffies.com/assets/images/vm-sprite-120px.jpg was preloaded using link preload but not used within a few seconds from the window's load event. Please make sure it has an appropriate `as` value and it is preloaded intentionally. @ https://sniffies.com/:0
[ 3941914ms] [WARNING] The resource https://sniffies.com/assets/images/vm-sprite-120px.jpg was preloaded using link preload but not used within a few seconds from the window's load event. Please make sure it has an appropriate `as` value and it is preloaded intentionally. @ https://sniffies.com/:0
[ 3954986ms] [WARNING] The resource https://sniffies.com/assets/images/vm-sprite-120px.jpg was preloaded using link preload but not used within a few seconds from the window's load event. Please make sure it has an appropriate `as` value and it is preloaded intentionally. @ https://sniffies.com/:0
[ 3970292ms] [WARNING] The resource https://sniffies.com/assets/images/vm-sprite-120px.jpg was preloaded using link preload but not used within a few seconds from the window's load event. Please make sure it has an appropriate `as` value and it is preloaded intentionally. @ https://sniffies.com/:0
[ 3981337ms] [WARNING] The resource https://sniffies.com/assets/images/vm-sprite-120px.jpg was preloaded using link preload but not used within a few seconds from the window's load event. Please make sure it has an appropriate `as` value and it is preloaded intentionally. @ https://sniffies.com/:0
[ 3985145ms] [WARNING] The resource https://sniffies.com/assets/images/vm-sprite-120px.jpg was preloaded using link preload but not used within a few seconds from the window's load event. Please make sure it has an appropriate `as` value and it is preloaded intentionally. @ https://sniffies.com/:0
[ 3991957ms] [WARNING] The resource https://sniffies.com/assets/images/vm-sprite-120px.jpg was preloaded using link preload but not used within a few seconds from the window's load event. Please make sure it has an appropriate `as` value and it is preloaded intentionally. @ https://sniffies.com/:0
[ 4000756ms] [WARNING] The resource https://sniffies.com/assets/images/vm-sprite-120px.jpg was preloaded using link preload but not used within a few seconds from the window's load event. Please make sure it has an appropriate `as` value and it is preloaded intentionally. @ https://sniffies.com/:0
[ 4006831ms] [WARNING] The resource https://sniffies.com/assets/images/vm-sprite-120px.jpg was preloaded using link preload but not used within a few seconds from the window's load event. Please make sure it has an appropriate `as` value and it is preloaded intentionally. @ https://sniffies.com/:0
[ 4016275ms] [WARNING] The resource https://sniffies.com/assets/images/vm-sprite-120px.jpg was preloaded using link preload but not used within a few seconds from the window's load event. Please make sure it has an appropriate `as` value and it is preloaded intentionally. @ https://sniffies.com/:0
[ 4034994ms] [WARNING] The resource https://sniffies.com/assets/images/vm-sprite-120px.jpg was preloaded using link preload but not used within a few seconds from the window's load event. Please make sure it has an appropriate `as` value and it is preloaded intentionally. @ https://sniffies.com/:0
[ 4048700ms] [WARNING] The resource https://sniffies.com/assets/images/vm-sprite-120px.jpg was preloaded using link preload but not used within a few seconds from the window's load event. Please make sure it has an appropriate `as` value and it is preloaded intentionally. @ https://sniffies.com/:0
[ 4058660ms] [WARNING] The resource https://sniffies.com/assets/images/vm-sprite-120px.jpg was preloaded using link preload but not used within a few seconds from the window's load event. Please make sure it has an appropriate `as` value and it is preloaded intentionally. @ https://sniffies.com/:0
[ 4067389ms] [WARNING] The resource https://sniffies.com/assets/images/vm-sprite-120px.jpg was preloaded using link preload but not used within a few seconds from the window's load event. Please make sure it has an appropriate `as` value and it is preloaded intentionally. @ https://sniffies.com/:0
[ 4076719ms] [WARNING] The resource https://sniffies.com/assets/images/vm-sprite-120px.jpg was preloaded using link preload but not used within a few seconds from the window's load event. Please make sure it has an appropriate `as` value and it is preloaded intentionally. @ https://sniffies.com/:0
[ 4084958ms] [WARNING] The resource https://sniffies.com/assets/images/vm-sprite-120px.jpg was preloaded using link preload but not used within a few seconds from the window's load event. Please make sure it has an appropriate `as` value and it is preloaded intentionally. @ https://sniffies.com/:0
[ 4090610ms] [WARNING] The resource https://sniffies.com/assets/images/vm-sprite-120px.jpg was preloaded using link preload but not used within a few seconds from the window's load event. Please make sure it has an appropriate `as` value and it is preloaded intentionally. @ https://sniffies.com/:0
[ 4097871ms] [WARNING] The resource https://sniffies.com/assets/images/vm-sprite-120px.jpg was preloaded using link preload but not used within a few seconds from the window's load event. Please make sure it has an appropriate `as` value and it is preloaded intentionally. @ https://sniffies.com/:0
[ 4126638ms] [WARNING] The resource https://sniffies.com/assets/images/vm-sprite-120px.jpg was preloaded using link preload but not used within a few seconds from the window's load event. Please make sure it has an appropriate `as` value and it is preloaded intentionally. @ https://sniffies.com/:0
[ 4132372ms] [WARNING] The resource https://sniffies.com/assets/images/vm-sprite-120px.jpg was preloaded using link preload but not used within a few seconds from the window's load event. Please make sure it has an appropriate `as` value and it is preloaded intentionally. @ https://sniffies.com/:0
[ 4142592ms] [WARNING] The resource https://sniffies.com/assets/images/vm-sprite-120px.jpg was preloaded using link preload but not used within a few seconds from the window's load event. Please make sure it has an appropriate `as` value and it is preloaded intentionally. @ https://sniffies.com/:0
[ 4147449ms] [WARNING] The resource https://sniffies.com/assets/images/vm-sprite-120px.jpg was preloaded using link preload but not used within a few seconds from the window's load event. Please make sure it has an appropriate `as` value and it is preloaded intentionally. @ https://sniffies.com/:0
[ 4166988ms] [WARNING] The resource https://sniffies.com/assets/images/vm-sprite-120px.jpg was preloaded using link preload but not used within a few seconds from the window's load event. Please make sure it has an appropriate `as` value and it is preloaded intentionally. @ https://sniffies.com/:0
[ 4180285ms] [WARNING] The resource https://sniffies.com/assets/images/vm-sprite-120px.jpg was preloaded using link preload but not used within a few seconds from the window's load event. Please make sure it has an appropriate `as` value and it is preloaded intentionally. @ https://sniffies.com/:0
[ 4190805ms] [WARNING] The resource https://sniffies.com/assets/images/vm-sprite-120px.jpg was preloaded using link preload but not used within a few seconds from the window's load event. Please make sure it has an appropriate `as` value and it is preloaded intentionally. @ https://sniffies.com/:0
[ 4197252ms] [WARNING] The resource https://sniffies.com/assets/images/vm-sprite-120px.jpg was preloaded using link preload but not used within a few seconds from the window's load event. Please make sure it has an appropriate `as` value and it is preloaded intentionally. @ https://sniffies.com/:0
[ 4200348ms] [WARNING] The resource https://sniffies.com/assets/images/vm-sprite-120px.jpg was preloaded using link preload but not used within a few seconds from the window's load event. Please make sure it has an appropriate `as` value and it is preloaded intentionally. @ https://sniffies.com/:0
[ 4210300ms] [WARNING] The resource https://sniffies.com/assets/images/vm-sprite-120px.jpg was preloaded using link preload but not used within a few seconds from the window's load event. Please make sure it has an appropriate `as` value and it is preloaded intentionally. @ https://sniffies.com/:0
[ 4231599ms] [WARNING] The resource https://sniffies.com/assets/images/vm-sprite-120px.jpg was preloaded using link preload but not used within a few seconds from the window's load event. Please make sure it has an appropriate `as` value and it is preloaded intentionally. @ https://sniffies.com/:0
[ 4236008ms] [WARNING] The resource https://sniffies.com/assets/images/vm-sprite-120px.jpg was preloaded using link preload but not used within a few seconds from the window's load event. Please make sure it has an appropriate `as` value and it is preloaded intentionally. @ https://sniffies.com/:0
[ 4243239ms] [WARNING] The resource https://sniffies.com/assets/images/vm-sprite-120px.jpg was preloaded using link preload but not used within a few seconds from the window's load event. Please make sure it has an appropriate `as` value and it is preloaded intentionally. @ https://sniffies.com/:0
[ 4249117ms] [WARNING] The resource https://sniffies.com/assets/images/vm-sprite-120px.jpg was preloaded using link preload but not used within a few seconds from the window's load event. Please make sure it has an appropriate `as` value and it is preloaded intentionally. @ https://sniffies.com/:0
[ 4265753ms] [WARNING] The resource https://sniffies.com/assets/images/vm-sprite-120px.jpg was preloaded using link preload but not used within a few seconds from the window's load event. Please make sure it has an appropriate `as` value and it is preloaded intentionally. @ https://sniffies.com/:0
[ 4270985ms] [WARNING] The resource https://sniffies.com/assets/images/vm-sprite-120px.jpg was preloaded using link preload but not used within a few seconds from the window's load event. Please make sure it has an appropriate `as` value and it is preloaded intentionally. @ https://sniffies.com/:0
[ 4283103ms] [WARNING] The resource https://sniffies.com/assets/images/vm-sprite-120px.jpg was preloaded using link preload but not used within a few seconds from the window's load event. Please make sure it has an appropriate `as` value and it is preloaded intentionally. @ https://sniffies.com/:0
[ 4299192ms] [WARNING] The resource https://sniffies.com/assets/images/vm-sprite-120px.jpg was preloaded using link preload but not used within a few seconds from the window's load event. Please make sure it has an appropriate `as` value and it is preloaded intentionally. @ https://sniffies.com/:0
[ 4302348ms] [WARNING] The resource https://sniffies.com/assets/images/vm-sprite-120px.jpg was preloaded using link preload but not used within a few seconds from the window's load event. Please make sure it has an appropriate `as` value and it is preloaded intentionally. @ https://sniffies.com/:0
[ 4325102ms] [WARNING] The resource https://sniffies.com/assets/images/vm-sprite-120px.jpg was preloaded using link preload but not used within a few seconds from the window's load event. Please make sure it has an appropriate `as` value and it is preloaded intentionally. @ https://sniffies.com/:0
[ 4332950ms] [WARNING] The resource https://sniffies.com/assets/images/vm-sprite-120px.jpg was preloaded using link preload but not used within a few seconds from the window's load event. Please make sure it has an appropriate `as` value and it is preloaded intentionally. @ https://sniffies.com/:0
[ 4340834ms] [WARNING] The resource https://sniffies.com/assets/images/vm-sprite-120px.jpg was preloaded using link preload but not used within a few seconds from the window's load event. Please make sure it has an appropriate `as` value and it is preloaded intentionally. @ https://sniffies.com/:0
[ 4346879ms] [WARNING] The resource https://sniffies.com/assets/images/vm-sprite-120px.jpg was preloaded using link preload but not used within a few seconds from the window's load event. Please make sure it has an appropriate `as` value and it is preloaded intentionally. @ https://sniffies.com/:0
[ 4361399ms] [WARNING] The resource https://sniffies.com/assets/images/vm-sprite-120px.jpg was preloaded using link preload but not used within a few seconds from the window's load event. Please make sure it has an appropriate `as` value and it is preloaded intentionally. @ https://sniffies.com/:0
[ 4368040ms] [WARNING] The resource https://sniffies.com/assets/images/vm-sprite-120px.jpg was preloaded using link preload but not used within a few seconds from the window's load event. Please make sure it has an appropriate `as` value and it is preloaded intentionally. @ https://sniffies.com/:0
[ 4380726ms] [WARNING] The resource https://sniffies.com/assets/images/vm-sprite-120px.jpg was preloaded using link preload but not used within a few seconds from the window's load event. Please make sure it has an appropriate `as` value and it is preloaded intentionally. @ https://sniffies.com/:0
[ 4394346ms] [WARNING] The resource https://sniffies.com/assets/images/vm-sprite-120px.jpg was preloaded using link preload but not used within a few seconds from the window's load event. Please make sure it has an appropriate `as` value and it is preloaded intentionally. @ https://sniffies.com/:0
[ 4397412ms] [WARNING] The resource https://sniffies.com/assets/images/vm-sprite-120px.jpg was preloaded using link preload but not used within a few seconds from the window's load event. Please make sure it has an appropriate `as` value and it is preloaded intentionally. @ https://sniffies.com/:0
[ 4401551ms] [WARNING] The resource https://sniffies.com/assets/images/vm-sprite-120px.jpg was preloaded using link preload but not used within a few seconds from the window's load event. Please make sure it has an appropriate `as` value and it is preloaded intentionally. @ https://sniffies.com/:0
[ 4414591ms] [WARNING] The resource https://sniffies.com/assets/images/vm-sprite-120px.jpg was preloaded using link preload but not used within a few seconds from the window's load event. Please make sure it has an appropriate `as` value and it is preloaded intentionally. @ https://sniffies.com/:0
[ 4424084ms] [WARNING] The resource https://sniffies.com/assets/images/vm-sprite-120px.jpg was preloaded using link preload but not used within a few seconds from the window's load event. Please make sure it has an appropriate `as` value and it is preloaded intentionally. @ https://sniffies.com/:0
[ 4445907ms] [WARNING] The resource https://sniffies.com/assets/images/vm-sprite-120px.jpg was preloaded using link preload but not used within a few seconds from the window's load event. Please make sure it has an appropriate `as` value and it is preloaded intentionally. @ https://sniffies.com/:0
[ 4457084ms] [WARNING] The resource https://sniffies.com/assets/images/vm-sprite-120px.jpg was preloaded using link preload but not used within a few seconds from the window's load event. Please make sure it has an appropriate `as` value and it is preloaded intentionally. @ https://sniffies.com/:0
[ 4463532ms] [WARNING] The resource https://sniffies.com/assets/images/vm-sprite-120px.jpg was preloaded using link preload but not used within a few seconds from the window's load event. Please make sure it has an appropriate `as` value and it is preloaded intentionally. @ https://sniffies.com/:0
[ 4471790ms] [WARNING] The resource https://sniffies.com/assets/images/vm-sprite-120px.jpg was preloaded using link preload but not used within a few seconds from the window's load event. Please make sure it has an appropriate `as` value and it is preloaded intentionally. @ https://sniffies.com/:0
[ 4485137ms] [WARNING] The resource https://sniffies.com/assets/images/vm-sprite-120px.jpg was preloaded using link preload but not used within a few seconds from the window's load event. Please make sure it has an appropriate `as` value and it is preloaded intentionally. @ https://sniffies.com/:0
[ 4511965ms] [WARNING] The resource https://sniffies.com/assets/images/vm-sprite-120px.jpg was preloaded using link preload but not used within a few seconds from the window's load event. Please make sure it has an appropriate `as` value and it is preloaded intentionally. @ https://sniffies.com/:0
[ 4517380ms] [WARNING] The resource https://sniffies.com/assets/images/vm-sprite-120px.jpg was preloaded using link preload but not used within a few seconds from the window's load event. Please make sure it has an appropriate `as` value and it is preloaded intentionally. @ https://sniffies.com/:0
[ 4528714ms] [WARNING] The resource https://sniffies.com/assets/images/vm-sprite-120px.jpg was preloaded using link preload but not used within a few seconds from the window's load event. Please make sure it has an appropriate `as` value and it is preloaded intentionally. @ https://sniffies.com/:0
[ 4542077ms] [WARNING] The resource https://sniffies.com/assets/images/vm-sprite-120px.jpg was preloaded using link preload but not used within a few seconds from the window's load event. Please make sure it has an appropriate `as` value and it is preloaded intentionally. @ https://sniffies.com/:0
[ 4553043ms] [WARNING] The resource https://sniffies.com/assets/images/vm-sprite-120px.jpg was preloaded using link preload but not used within a few seconds from the window's load event. Please make sure it has an appropriate `as` value and it is preloaded intentionally. @ https://sniffies.com/:0
[ 4565681ms] [WARNING] The resource https://sniffies.com/assets/images/vm-sprite-120px.jpg was preloaded using link preload but not used within a few seconds from the window's load event. Please make sure it has an appropriate `as` value and it is preloaded intentionally. @ https://sniffies.com/:0
[ 4570207ms] [WARNING] The resource https://sniffies.com/assets/images/vm-sprite-120px.jpg was preloaded using link preload but not used within a few seconds from the window's load event. Please make sure it has an appropriate `as` value and it is preloaded intentionally. @ https://sniffies.com/:0
[ 4574737ms] [WARNING] The resource https://sniffies.com/assets/images/vm-sprite-120px.jpg was preloaded using link preload but not used within a few seconds from the window's load event. Please make sure it has an appropriate `as` value and it is preloaded intentionally. @ https://sniffies.com/:0
[ 4584769ms] [WARNING] The resource https://sniffies.com/assets/images/vm-sprite-120px.jpg was preloaded using link preload but not used within a few seconds from the window's load event. Please make sure it has an appropriate `as` value and it is preloaded intentionally. @ https://sniffies.com/:0
[ 4588660ms] [WARNING] The resource https://sniffies.com/assets/images/vm-sprite-120px.jpg was preloaded using link preload but not used within a few seconds from the window's load event. Please make sure it has an appropriate `as` value and it is preloaded intentionally. @ https://sniffies.com/:0
[ 4593031ms] [WARNING] The resource https://sniffies.com/assets/images/vm-sprite-120px.jpg was preloaded using link preload but not used within a few seconds from the window's load event. Please make sure it has an appropriate `as` value and it is preloaded intentionally. @ https://sniffies.com/:0
[ 4613998ms] [WARNING] The resource https://sniffies.com/assets/images/vm-sprite-120px.jpg was preloaded using link preload but not used within a few seconds from the window's load event. Please make sure it has an appropriate `as` value and it is preloaded intentionally. @ https://sniffies.com/:0
[ 4618415ms] [WARNING] The resource https://sniffies.com/assets/images/vm-sprite-120px.jpg was preloaded using link preload but not used within a few seconds from the window's load event. Please make sure it has an appropriate `as` value and it is preloaded intentionally. @ https://sniffies.com/:0
[ 4622793ms] [WARNING] The resource https://sniffies.com/assets/images/vm-sprite-120px.jpg was preloaded using link preload but not used within a few seconds from the window's load event. Please make sure it has an appropriate `as` value and it is preloaded intentionally. @ https://sniffies.com/:0
[ 4638229ms] [WARNING] The resource https://sniffies.com/assets/images/vm-sprite-120px.jpg was preloaded using link preload but not used within a few seconds from the window's load event. Please make sure it has an appropriate `as` value and it is preloaded intentionally. @ https://sniffies.com/:0
[ 4642253ms] [WARNING] The resource https://sniffies.com/assets/images/vm-sprite-120px.jpg was preloaded using link preload but not used within a few seconds from the window's load event. Please make sure it has an appropriate `as` value and it is preloaded intentionally. @ https://sniffies.com/:0
[ 4651048ms] [WARNING] The resource https://sniffies.com/assets/images/vm-sprite-120px.jpg was preloaded using link preload but not used within a few seconds from the window's load event. Please make sure it has an appropriate `as` value and it is preloaded intentionally. @ https://sniffies.com/:0
[ 4667730ms] [WARNING] The resource https://sniffies.com/assets/images/vm-sprite-120px.jpg was preloaded using link preload but not used within a few seconds from the window's load event. Please make sure it has an appropriate `as` value and it is preloaded intentionally. @ https://sniffies.com/:0
[ 4670794ms] [WARNING] The resource https://sniffies.com/assets/images/vm-sprite-120px.jpg was preloaded using link preload but not used within a few seconds from the window's load event. Please make sure it has an appropriate `as` value and it is preloaded intentionally. @ https://sniffies.com/:0
[ 4676656ms] [WARNING] The resource https://sniffies.com/assets/images/vm-sprite-120px.jpg was preloaded using link preload but not used within a few seconds from the window's load event. Please make sure it has an appropriate `as` value and it is preloaded intentionally. @ https://sniffies.com/:0
[ 4682179ms] [WARNING] The resource https://sniffies.com/assets/images/vm-sprite-120px.jpg was preloaded using link preload but not used within a few seconds from the window's load event. Please make sure it has an appropriate `as` value and it is preloaded intentionally. @ https://sniffies.com/:0
[ 4690111ms] [WARNING] The resource https://sniffies.com/assets/images/vm-sprite-120px.jpg was preloaded using link preload but not used within a few seconds from the window's load event. Please make sure it has an appropriate `as` value and it is preloaded intentionally. @ https://sniffies.com/:0
[ 4702344ms] [WARNING] The resource https://sniffies.com/assets/images/vm-sprite-120px.jpg was preloaded using link preload but not used within a few seconds from the window's load event. Please make sure it has an appropriate `as` value and it is preloaded intentionally. @ https://sniffies.com/:0
[ 4709835ms] [WARNING] The resource https://sniffies.com/assets/images/vm-sprite-120px.jpg was preloaded using link preload but not used within a few seconds from the window's load event. Please make sure it has an appropriate `as` value and it is preloaded intentionally. @ https://sniffies.com/:0
[ 4719442ms] [WARNING] The resource https://sniffies.com/assets/images/vm-sprite-120px.jpg was preloaded using link preload but not used within a few seconds from the window's load event. Please make sure it has an appropriate `as` value and it is preloaded intentionally. @ https://sniffies.com/:0
[ 4725029ms] [WARNING] The resource https://sniffies.com/assets/images/vm-sprite-120px.jpg was preloaded using link preload but not used within a few seconds from the window's load event. Please make sure it has an appropriate `as` value and it is preloaded intentionally. @ https://sniffies.com/:0
[ 4733169ms] [WARNING] The resource https://sniffies.com/assets/images/vm-sprite-120px.jpg was preloaded using link preload but not used within a few seconds from the window's load event. Please make sure it has an appropriate `as` value and it is preloaded intentionally. @ https://sniffies.com/:0
[ 4738084ms] [WARNING] The resource https://sniffies.com/assets/images/vm-sprite-120px.jpg was preloaded using link preload but not used within a few seconds from the window's load event. Please make sure it has an appropriate `as` value and it is preloaded intentionally. @ https://sniffies.com/:0
[ 4753226ms] [WARNING] The resource https://sniffies.com/assets/images/vm-sprite-120px.jpg was preloaded using link preload but not used within a few seconds from the window's load event. Please make sure it has an appropriate `as` value and it is preloaded intentionally. @ https://sniffies.com/:0
[ 4757366ms] [WARNING] The resource https://sniffies.com/assets/images/vm-sprite-120px.jpg was preloaded using link preload but not used within a few seconds from the window's load event. Please make sure it has an appropriate `as` value and it is preloaded intentionally. @ https://sniffies.com/:0
[ 4762194ms] [WARNING] The resource https://sniffies.com/assets/images/vm-sprite-120px.jpg was preloaded using link preload but not used within a few seconds from the window's load event. Please make sure it has an appropriate `as` value and it is preloaded intentionally. @ https://sniffies.com/:0
[ 4770316ms] [WARNING] The resource https://sniffies.com/assets/images/vm-sprite-120px.jpg was preloaded using link preload but not used within a few seconds from the window's load event. Please make sure it has an appropriate `as` value and it is preloaded intentionally. @ https://sniffies.com/:0
[ 4783841ms] [WARNING] The resource https://sniffies.com/assets/images/vm-sprite-120px.jpg was preloaded using link preload but not used within a few seconds from the window's load event. Please make sure it has an appropriate `as` value and it is preloaded intentionally. @ https://sniffies.com/:0
[ 4789025ms] [WARNING] The resource https://sniffies.com/assets/images/vm-sprite-120px.jpg was preloaded using link preload but not used within a few seconds from the window's load event. Please make sure it has an appropriate `as` value and it is preloaded intentionally. @ https://sniffies.com/:0
[ 4792242ms] [WARNING] The resource https://sniffies.com/assets/images/vm-sprite-120px.jpg was preloaded using link preload but not used within a few seconds from the window's load event. Please make sure it has an appropriate `as` value and it is preloaded intentionally. @ https://sniffies.com/:0
[ 4809660ms] [WARNING] The resource https://sniffies.com/assets/images/vm-sprite-120px.jpg was preloaded using link preload but not used within a few seconds from the window's load event. Please make sure it has an appropriate `as` value and it is preloaded intentionally. @ https://sniffies.com/:0
[ 4819371ms] [WARNING] The resource https://sniffies.com/assets/images/vm-sprite-120px.jpg was preloaded using link preload but not used within a few seconds from the window's load event. Please make sure it has an appropriate `as` value and it is preloaded intentionally. @ https://sniffies.com/:0
[ 4826070ms] [WARNING] The resource https://sniffies.com/assets/images/vm-sprite-120px.jpg was preloaded using link preload but not used within a few seconds from the window's load event. Please make sure it has an appropriate `as` value and it is preloaded intentionally. @ https://sniffies.com/:0
[ 4829567ms] [WARNING] The resource https://sniffies.com/assets/images/vm-sprite-120px.jpg was preloaded using link preload but not used within a few seconds from the window's load event. Please make sure it has an appropriate `as` value and it is preloaded intentionally. @ https://sniffies.com/:0
[ 4839225ms] [WARNING] The resource https://sniffies.com/assets/images/vm-sprite-120px.jpg was preloaded using link preload but not used within a few seconds from the window's load event. Please make sure it has an appropriate `as` value and it is preloaded intentionally. @ https://sniffies.com/:0
[ 4843803ms] [WARNING] The resource https://sniffies.com/assets/images/vm-sprite-120px.jpg was preloaded using link preload but not used within a few seconds from the window's load event. Please make sure it has an appropriate `as` value and it is preloaded intentionally. @ https://sniffies.com/:0
[ 4848761ms] [WARNING] The resource https://sniffies.com/assets/images/vm-sprite-120px.jpg was preloaded using link preload but not used within a few seconds from the window's load event. Please make sure it has an appropriate `as` value and it is preloaded intentionally. @ https://sniffies.com/:0
[ 4852127ms] [WARNING] The resource https://sniffies.com/assets/images/vm-sprite-120px.jpg was preloaded using link preload but not used within a few seconds from the window's load event. Please make sure it has an appropriate `as` value and it is preloaded intentionally. @ https://sniffies.com/:0
[ 4860849ms] [WARNING] The resource https://sniffies.com/assets/images/vm-sprite-120px.jpg was preloaded using link preload but not used within a few seconds from the window's load event. Please make sure it has an appropriate `as` value and it is preloaded intentionally. @ https://sniffies.com/:0
[ 4868941ms] [WARNING] The resource https://sniffies.com/assets/images/vm-sprite-120px.jpg was preloaded using link preload but not used within a few seconds from the window's load event. Please make sure it has an appropriate `as` value and it is preloaded intentionally. @ https://sniffies.com/:0
[ 4879815ms] [WARNING] The resource https://sniffies.com/assets/images/vm-sprite-120px.jpg was preloaded using link preload but not used within a few seconds from the window's load event. Please make sure it has an appropriate `as` value and it is preloaded intentionally. @ https://sniffies.com/:0
[ 4892744ms] [WARNING] The resource https://sniffies.com/assets/images/vm-sprite-120px.jpg was preloaded using link preload but not used within a few seconds from the window's load event. Please make sure it has an appropriate `as` value and it is preloaded intentionally. @ https://sniffies.com/:0
[ 4896072ms] [WARNING] The resource https://sniffies.com/assets/images/vm-sprite-120px.jpg was preloaded using link preload but not used within a few seconds from the window's load event. Please make sure it has an appropriate `as` value and it is preloaded intentionally. @ https://sniffies.com/:0
[ 4910164ms] [WARNING] The resource https://sniffies.com/assets/images/vm-sprite-120px.jpg was preloaded using link preload but not used within a few seconds from the window's load event. Please make sure it has an appropriate `as` value and it is preloaded intentionally. @ https://sniffies.com/:0
[ 4914580ms] [WARNING] The resource https://sniffies.com/assets/images/vm-sprite-120px.jpg was preloaded using link preload but not used within a few seconds from the window's load event. Please make sure it has an appropriate `as` value and it is preloaded intentionally. @ https://sniffies.com/:0
[ 4923181ms] [WARNING] The resource https://sniffies.com/assets/images/vm-sprite-120px.jpg was preloaded using link preload but not used within a few seconds from the window's load event. Please make sure it has an appropriate `as` value and it is preloaded intentionally. @ https://sniffies.com/:0
[ 4927700ms] [WARNING] The resource https://sniffies.com/assets/images/vm-sprite-120px.jpg was preloaded using link preload but not used within a few seconds from the window's load event. Please make sure it has an appropriate `as` value and it is preloaded intentionally. @ https://sniffies.com/:0
[ 4936933ms] [WARNING] The resource https://sniffies.com/assets/images/vm-sprite-120px.jpg was preloaded using link preload but not used within a few seconds from the window's load event. Please make sure it has an appropriate `as` value and it is preloaded intentionally. @ https://sniffies.com/:0
[ 4952728ms] [WARNING] The resource https://sniffies.com/assets/images/vm-sprite-120px.jpg was preloaded using link preload but not used within a few seconds from the window's load event. Please make sure it has an appropriate `as` value and it is preloaded intentionally. @ https://sniffies.com/:0
[ 4964983ms] [WARNING] The resource https://sniffies.com/assets/images/vm-sprite-120px.jpg was preloaded using link preload but not used within a few seconds from the window's load event. Please make sure it has an appropriate `as` value and it is preloaded intentionally. @ https://sniffies.com/:0
[ 4968586ms] [WARNING] The resource https://sniffies.com/assets/images/vm-sprite-120px.jpg was preloaded using link preload but not used within a few seconds from the window's load event. Please make sure it has an appropriate `as` value and it is preloaded intentionally. @ https://sniffies.com/:0
[ 4976080ms] [WARNING] The resource https://sniffies.com/assets/images/vm-sprite-120px.jpg was preloaded using link preload but not used within a few seconds from the window's load event. Please make sure it has an appropriate `as` value and it is preloaded intentionally. @ https://sniffies.com/:0
[ 4984007ms] [WARNING] The resource https://sniffies.com/assets/images/vm-sprite-120px.jpg was preloaded using link preload but not used within a few seconds from the window's load event. Please make sure it has an appropriate `as` value and it is preloaded intentionally. @ https://sniffies.com/:0
[ 4992338ms] [WARNING] The resource https://sniffies.com/assets/images/vm-sprite-120px.jpg was preloaded using link preload but not used within a few seconds from the window's load event. Please make sure it has an appropriate `as` value and it is preloaded intentionally. @ https://sniffies.com/:0
[ 4995747ms] [WARNING] The resource https://sniffies.com/assets/images/vm-sprite-120px.jpg was preloaded using link preload but not used within a few seconds from the window's load event. Please make sure it has an appropriate `as` value and it is preloaded intentionally. @ https://sniffies.com/:0
[ 5001064ms] [WARNING] The resource https://sniffies.com/assets/images/vm-sprite-120px.jpg was preloaded using link preload but not used within a few seconds from the window's load event. Please make sure it has an appropriate `as` value and it is preloaded intentionally. @ https://sniffies.com/:0
[ 5004209ms] [WARNING] The resource https://sniffies.com/assets/images/vm-sprite-120px.jpg was preloaded using link preload but not used within a few seconds from the window's load event. Please make sure it has an appropriate `as` value and it is preloaded intentionally. @ https://sniffies.com/:0
[ 5011900ms] [WARNING] The resource https://sniffies.com/assets/images/vm-sprite-120px.jpg was preloaded using link preload but not used within a few seconds from the window's load event. Please make sure it has an appropriate `as` value and it is preloaded intentionally. @ https://sniffies.com/:0
[ 5033501ms] [WARNING] The resource https://sniffies.com/assets/images/vm-sprite-120px.jpg was preloaded using link preload but not used within a few seconds from the window's load event. Please make sure it has an appropriate `as` value and it is preloaded intentionally. @ https://sniffies.com/:0
[ 5037538ms] [WARNING] The resource https://sniffies.com/assets/images/vm-sprite-120px.jpg was preloaded using link preload but not used within a few seconds from the window's load event. Please make sure it has an appropriate `as` value and it is preloaded intentionally. @ https://sniffies.com/:0
[ 5041345ms] [WARNING] The resource https://sniffies.com/assets/images/vm-sprite-120px.jpg was preloaded using link preload but not used within a few seconds from the window's load event. Please make sure it has an appropriate `as` value and it is preloaded intentionally. @ https://sniffies.com/:0
[ 5054702ms] [WARNING] The resource https://sniffies.com/assets/images/vm-sprite-120px.jpg was preloaded using link preload but not used within a few seconds from the window's load event. Please make sure it has an appropriate `as` value and it is preloaded intentionally. @ https://sniffies.com/:0
[ 5060399ms] [WARNING] The resource https://sniffies.com/assets/images/vm-sprite-120px.jpg was preloaded using link preload but not used within a few seconds from the window's load event. Please make sure it has an appropriate `as` value and it is preloaded intentionally. @ https://sniffies.com/:0
[ 5072439ms] [WARNING] The resource https://sniffies.com/assets/images/vm-sprite-120px.jpg was preloaded using link preload but not used within a few seconds from the window's load event. Please make sure it has an appropriate `as` value and it is preloaded intentionally. @ https://sniffies.com/:0
[ 5078683ms] [WARNING] The resource https://sniffies.com/assets/images/vm-sprite-120px.jpg was preloaded using link preload but not used within a few seconds from the window's load event. Please make sure it has an appropriate `as` value and it is preloaded intentionally. @ https://sniffies.com/:0
[ 5083572ms] [WARNING] The resource https://sniffies.com/assets/images/vm-sprite-120px.jpg was preloaded using link preload but not used within a few seconds from the window's load event. Please make sure it has an appropriate `as` value and it is preloaded intentionally. @ https://sniffies.com/:0
[ 5090584ms] [WARNING] The resource https://sniffies.com/assets/images/vm-sprite-120px.jpg was preloaded using link preload but not used within a few seconds from the window's load event. Please make sure it has an appropriate `as` value and it is preloaded intentionally. @ https://sniffies.com/:0
[ 5100260ms] [WARNING] The resource https://sniffies.com/assets/images/vm-sprite-120px.jpg was preloaded using link preload but not used within a few seconds from the window's load event. Please make sure it has an appropriate `as` value and it is preloaded intentionally. @ https://sniffies.com/:0
[ 5104244ms] [WARNING] The resource https://sniffies.com/assets/images/vm-sprite-120px.jpg was preloaded using link preload but not used within a few seconds from the window's load event. Please make sure it has an appropriate `as` value and it is preloaded intentionally. @ https://sniffies.com/:0
[ 5122179ms] [WARNING] The resource https://sniffies.com/assets/images/vm-sprite-120px.jpg was preloaded using link preload but not used within a few seconds from the window's load event. Please make sure it has an appropriate `as` value and it is preloaded intentionally. @ https://sniffies.com/:0
[ 5133650ms] [WARNING] The resource https://sniffies.com/assets/images/vm-sprite-120px.jpg was preloaded using link preload but not used within a few seconds from the window's load event. Please make sure it has an appropriate `as` value and it is preloaded intentionally. @ https://sniffies.com/:0
[ 5146746ms] [WARNING] The resource https://sniffies.com/assets/images/vm-sprite-120px.jpg was preloaded using link preload but not used within a few seconds from the window's load event. Please make sure it has an appropriate `as` value and it is preloaded intentionally. @ https://sniffies.com/:0
[ 5158223ms] [WARNING] The resource https://sniffies.com/assets/images/vm-sprite-120px.jpg was preloaded using link preload but not used within a few seconds from the window's load event. Please make sure it has an appropriate `as` value and it is preloaded intentionally. @ https://sniffies.com/:0
[ 5167232ms] [WARNING] The resource https://sniffies.com/assets/images/vm-sprite-120px.jpg was preloaded using link preload but not used within a few seconds from the window's load event. Please make sure it has an appropriate `as` value and it is preloaded intentionally. @ https://sniffies.com/:0
[ 5176518ms] [WARNING] The resource https://sniffies.com/assets/images/vm-sprite-120px.jpg was preloaded using link preload but not used within a few seconds from the window's load event. Please make sure it has an appropriate `as` value and it is preloaded intentionally. @ https://sniffies.com/:0
[ 5185661ms] [WARNING] The resource https://sniffies.com/assets/images/vm-sprite-120px.jpg was preloaded using link preload but not used within a few seconds from the window's load event. Please make sure it has an appropriate `as` value and it is preloaded intentionally. @ https://sniffies.com/:0
[ 5192014ms] [WARNING] The resource https://sniffies.com/assets/images/vm-sprite-120px.jpg was preloaded using link preload but not used within a few seconds from the window's load event. Please make sure it has an appropriate `as` value and it is preloaded intentionally. @ https://sniffies.com/:0
[ 5196856ms] [WARNING] The resource https://sniffies.com/assets/images/vm-sprite-120px.jpg was preloaded using link preload but not used within a few seconds from the window's load event. Please make sure it has an appropriate `as` value and it is preloaded intentionally. @ https://sniffies.com/:0
[ 5204541ms] [WARNING] The resource https://sniffies.com/assets/images/vm-sprite-120px.jpg was preloaded using link preload but not used within a few seconds from the window's load event. Please make sure it has an appropriate `as` value and it is preloaded intentionally. @ https://sniffies.com/:0
[ 5212905ms] [WARNING] The resource https://sniffies.com/assets/images/vm-sprite-120px.jpg was preloaded using link preload but not used within a few seconds from the window's load event. Please make sure it has an appropriate `as` value and it is preloaded intentionally. @ https://sniffies.com/:0
[ 5216968ms] [WARNING] The resource https://sniffies.com/assets/images/vm-sprite-120px.jpg was preloaded using link preload but not used within a few seconds from the window's load event. Please make sure it has an appropriate `as` value and it is preloaded intentionally. @ https://sniffies.com/:0
[ 5229097ms] [WARNING] The resource https://sniffies.com/assets/images/vm-sprite-120px.jpg was preloaded using link preload but not used within a few seconds from the window's load event. Please make sure it has an appropriate `as` value and it is preloaded intentionally. @ https://sniffies.com/:0
[ 5236760ms] [WARNING] The resource https://sniffies.com/assets/images/vm-sprite-120px.jpg was preloaded using link preload but not used within a few seconds from the window's load event. Please make sure it has an appropriate `as` value and it is preloaded intentionally. @ https://sniffies.com/:0
[ 5243218ms] [WARNING] The resource https://sniffies.com/assets/images/vm-sprite-120px.jpg was preloaded using link preload but not used within a few seconds from the window's load event. Please make sure it has an appropriate `as` value and it is preloaded intentionally. @ https://sniffies.com/:0
[ 5249154ms] [WARNING] The resource https://sniffies.com/assets/images/vm-sprite-120px.jpg was preloaded using link preload but not used within a few seconds from the window's load event. Please make sure it has an appropriate `as` value and it is preloaded intentionally. @ https://sniffies.com/:0
[ 5256149ms] [WARNING] The resource https://sniffies.com/assets/images/vm-sprite-120px.jpg was preloaded using link preload but not used within a few seconds from the window's load event. Please make sure it has an appropriate `as` value and it is preloaded intentionally. @ https://sniffies.com/:0
[ 5259183ms] [WARNING] The resource https://sniffies.com/assets/images/vm-sprite-120px.jpg was preloaded using link preload but not used within a few seconds from the window's load event. Please make sure it has an appropriate `as` value and it is preloaded intentionally. @ https://sniffies.com/:0
[ 5265737ms] [WARNING] The resource https://sniffies.com/assets/images/vm-sprite-120px.jpg was preloaded using link preload but not used within a few seconds from the window's load event. Please make sure it has an appropriate `as` value and it is preloaded intentionally. @ https://sniffies.com/:0
[ 5269201ms] [WARNING] The resource https://sniffies.com/assets/images/vm-sprite-120px.jpg was preloaded using link preload but not used within a few seconds from the window's load event. Please make sure it has an appropriate `as` value and it is preloaded intentionally. @ https://sniffies.com/:0
[ 5277535ms] [WARNING] The resource https://sniffies.com/assets/images/vm-sprite-120px.jpg was preloaded using link preload but not used within a few seconds from the window's load event. Please make sure it has an appropriate `as` value and it is preloaded intentionally. @ https://sniffies.com/:0
[ 5285695ms] [WARNING] The resource https://sniffies.com/assets/images/vm-sprite-120px.jpg was preloaded using link preload but not used within a few seconds from the window's load event. Please make sure it has an appropriate `as` value and it is preloaded intentionally. @ https://sniffies.com/:0
[ 5289759ms] [WARNING] The resource https://sniffies.com/assets/images/vm-sprite-120px.jpg was preloaded using link preload but not used within a few seconds from the window's load event. Please make sure it has an appropriate `as` value and it is preloaded intentionally. @ https://sniffies.com/:0
[ 5295847ms] [WARNING] The resource https://sniffies.com/assets/images/vm-sprite-120px.jpg was preloaded using link preload but not used within a few seconds from the window's load event. Please make sure it has an appropriate `as` value and it is preloaded intentionally. @ https://sniffies.com/:0
[ 5311099ms] [WARNING] The resource https://sniffies.com/assets/images/vm-sprite-120px.jpg was preloaded using link preload but not used within a few seconds from the window's load event. Please make sure it has an appropriate `as` value and it is preloaded intentionally. @ https://sniffies.com/:0
[ 5317181ms] [WARNING] The resource https://sniffies.com/assets/images/vm-sprite-120px.jpg was preloaded using link preload but not used within a few seconds from the window's load event. Please make sure it has an appropriate `as` value and it is preloaded intentionally. @ https://sniffies.com/:0
[ 5327669ms] [WARNING] The resource https://sniffies.com/assets/images/vm-sprite-120px.jpg was preloaded using link preload but not used within a few seconds from the window's load event. Please make sure it has an appropriate `as` value and it is preloaded intentionally. @ https://sniffies.com/:0
[ 5343324ms] [WARNING] The resource https://sniffies.com/assets/images/vm-sprite-120px.jpg was preloaded using link preload but not used within a few seconds from the window's load event. Please make sure it has an appropriate `as` value and it is preloaded intentionally. @ https://sniffies.com/:0
[ 5346678ms] [WARNING] The resource https://sniffies.com/assets/images/vm-sprite-120px.jpg was preloaded using link preload but not used within a few seconds from the window's load event. Please make sure it has an appropriate `as` value and it is preloaded intentionally. @ https://sniffies.com/:0
[ 5357686ms] [WARNING] The resource https://sniffies.com/assets/images/vm-sprite-120px.jpg was preloaded using link preload but not used within a few seconds from the window's load event. Please make sure it has an appropriate `as` value and it is preloaded intentionally. @ https://sniffies.com/:0
[ 5364278ms] [WARNING] The resource https://sniffies.com/assets/images/vm-sprite-120px.jpg was preloaded using link preload but not used within a few seconds from the window's load event. Please make sure it has an appropriate `as` value and it is preloaded intentionally. @ https://sniffies.com/:0
[ 5375781ms] [WARNING] The resource https://sniffies.com/assets/images/vm-sprite-120px.jpg was preloaded using link preload but not used within a few seconds from the window's load event. Please make sure it has an appropriate `as` value and it is preloaded intentionally. @ https://sniffies.com/:0
[ 5381456ms] [WARNING] The resource https://sniffies.com/assets/images/vm-sprite-120px.jpg was preloaded using link preload but not used within a few seconds from the window's load event. Please make sure it has an appropriate `as` value and it is preloaded intentionally. @ https://sniffies.com/:0
[ 5388163ms] [WARNING] The resource https://sniffies.com/assets/images/vm-sprite-120px.jpg was preloaded using link preload but not used within a few seconds from the window's load event. Please make sure it has an appropriate `as` value and it is preloaded intentionally. @ https://sniffies.com/:0
[ 5392187ms] [WARNING] The resource https://sniffies.com/assets/images/vm-sprite-120px.jpg was preloaded using link preload but not used within a few seconds from the window's load event. Please make sure it has an appropriate `as` value and it is preloaded intentionally. @ https://sniffies.com/:0
[ 5408305ms] [WARNING] The resource https://sniffies.com/assets/images/vm-sprite-120px.jpg was preloaded using link preload but not used within a few seconds from the window's load event. Please make sure it has an appropriate `as` value and it is preloaded intentionally. @ https://sniffies.com/:0
[ 5412393ms] [WARNING] The resource https://sniffies.com/assets/images/vm-sprite-120px.jpg was preloaded using link preload but not used within a few seconds from the window's load event. Please make sure it has an appropriate `as` value and it is preloaded intentionally. @ https://sniffies.com/:0
[ 5417730ms] [WARNING] The resource https://sniffies.com/assets/images/vm-sprite-120px.jpg was preloaded using link preload but not used within a few seconds from the window's load event. Please make sure it has an appropriate `as` value and it is preloaded intentionally. @ https://sniffies.com/:0
[ 5426054ms] [WARNING] The resource https://sniffies.com/assets/images/vm-sprite-120px.jpg was preloaded using link preload but not used within a few seconds from the window's load event. Please make sure it has an appropriate `as` value and it is preloaded intentionally. @ https://sniffies.com/:0
[ 5438593ms] [WARNING] The resource https://sniffies.com/assets/images/vm-sprite-120px.jpg was preloaded using link preload but not used within a few seconds from the window's load event. Please make sure it has an appropriate `as` value and it is preloaded intentionally. @ https://sniffies.com/:0
[ 5451186ms] [WARNING] The resource https://sniffies.com/assets/images/vm-sprite-120px.jpg was preloaded using link preload but not used within a few seconds from the window's load event. Please make sure it has an appropriate `as` value and it is preloaded intentionally. @ https://sniffies.com/:0
[ 5458868ms] [WARNING] The resource https://sniffies.com/assets/images/vm-sprite-120px.jpg was preloaded using link preload but not used within a few seconds from the window's load event. Please make sure it has an appropriate `as` value and it is preloaded intentionally. @ https://sniffies.com/:0
[ 5469530ms] [WARNING] The resource https://sniffies.com/assets/images/vm-sprite-120px.jpg was preloaded using link preload but not used within a few seconds from the window's load event. Please make sure it has an appropriate `as` value and it is preloaded intentionally. @ https://sniffies.com/:0
[ 5475349ms] [WARNING] The resource https://sniffies.com/assets/images/vm-sprite-120px.jpg was preloaded using link preload but not used within a few seconds from the window's load event. Please make sure it has an appropriate `as` value and it is preloaded intentionally. @ https://sniffies.com/:0
[ 5479165ms] [WARNING] The resource https://sniffies.com/assets/images/vm-sprite-120px.jpg was preloaded using link preload but not used within a few seconds from the window's load event. Please make sure it has an appropriate `as` value and it is preloaded intentionally. @ https://sniffies.com/:0
[ 5491328ms] [WARNING] The resource https://sniffies.com/assets/images/vm-sprite-120px.jpg was preloaded using link preload but not used within a few seconds from the window's load event. Please make sure it has an appropriate `as` value and it is preloaded intentionally. @ https://sniffies.com/:0
[ 5494835ms] [WARNING] The resource https://sniffies.com/assets/images/vm-sprite-120px.jpg was preloaded using link preload but not used within a few seconds from the window's load event. Please make sure it has an appropriate `as` value and it is preloaded intentionally. @ https://sniffies.com/:0
[ 5506793ms] [WARNING] The resource https://sniffies.com/assets/images/vm-sprite-120px.jpg was preloaded using link preload but not used within a few seconds from the window's load event. Please make sure it has an appropriate `as` value and it is preloaded intentionally. @ https://sniffies.com/:0
[ 5513534ms] [WARNING] The resource https://sniffies.com/assets/images/vm-sprite-120px.jpg was preloaded using link preload but not used within a few seconds from the window's load event. Please make sure it has an appropriate `as` value and it is preloaded intentionally. @ https://sniffies.com/:0
[ 5520514ms] [WARNING] The resource https://sniffies.com/assets/images/vm-sprite-120px.jpg was preloaded using link preload but not used within a few seconds from the window's load event. Please make sure it has an appropriate `as` value and it is preloaded intentionally. @ https://sniffies.com/:0
[ 5546454ms] [WARNING] The resource https://sniffies.com/assets/images/vm-sprite-120px.jpg was preloaded using link preload but not used within a few seconds from the window's load event. Please make sure it has an appropriate `as` value and it is preloaded intentionally. @ https://sniffies.com/:0
[ 5551933ms] [WARNING] The resource https://sniffies.com/assets/images/vm-sprite-120px.jpg was preloaded using link preload but not used within a few seconds from the window's load event. Please make sure it has an appropriate `as` value and it is preloaded intentionally. @ https://sniffies.com/:0
[ 5562649ms] [WARNING] The resource https://sniffies.com/assets/images/vm-sprite-120px.jpg was preloaded using link preload but not used within a few seconds from the window's load event. Please make sure it has an appropriate `as` value and it is preloaded intentionally. @ https://sniffies.com/:0
[ 5568047ms] [WARNING] The resource https://sniffies.com/assets/images/vm-sprite-120px.jpg was preloaded using link preload but not used within a few seconds from the window's load event. Please make sure it has an appropriate `as` value and it is preloaded intentionally. @ https://sniffies.com/:0
[ 5575460ms] [WARNING] The resource https://sniffies.com/assets/images/vm-sprite-120px.jpg was preloaded using link preload but not used within a few seconds from the window's load event. Please make sure it has an appropriate `as` value and it is preloaded intentionally. @ https://sniffies.com/:0
[ 5581361ms] [WARNING] The resource https://sniffies.com/assets/images/vm-sprite-120px.jpg was preloaded using link preload but not used within a few seconds from the window's load event. Please make sure it has an appropriate `as` value and it is preloaded intentionally. @ https://sniffies.com/:0
[ 5585981ms] [WARNING] The resource https://sniffies.com/assets/images/vm-sprite-120px.jpg was preloaded using link preload but not used within a few seconds from the window's load event. Please make sure it has an appropriate `as` value and it is preloaded intentionally. @ https://sniffies.com/:0
[ 5594239ms] [WARNING] The resource https://sniffies.com/assets/images/vm-sprite-120px.jpg was preloaded using link preload but not used within a few seconds from the window's load event. Please make sure it has an appropriate `as` value and it is preloaded intentionally. @ https://sniffies.com/:0
[ 5605737ms] [WARNING] The resource https://sniffies.com/assets/images/vm-sprite-120px.jpg was preloaded using link preload but not used within a few seconds from the window's load event. Please make sure it has an appropriate `as` value and it is preloaded intentionally. @ https://sniffies.com/:0
[ 5621044ms] [WARNING] The resource https://sniffies.com/assets/images/vm-sprite-120px.jpg was preloaded using link preload but not used within a few seconds from the window's load event. Please make sure it has an appropriate `as` value and it is preloaded intentionally. @ https://sniffies.com/:0
[ 5626519ms] [WARNING] The resource https://sniffies.com/assets/images/vm-sprite-120px.jpg was preloaded using link preload but not used within a few seconds from the window's load event. Please make sure it has an appropriate `as` value and it is preloaded intentionally. @ https://sniffies.com/:0
[ 5630800ms] [WARNING] The resource https://sniffies.com/assets/images/vm-sprite-120px.jpg was preloaded using link preload but not used within a few seconds from the window's load event. Please make sure it has an appropriate `as` value and it is preloaded intentionally. @ https://sniffies.com/:0
[ 5654665ms] [WARNING] The resource https://sniffies.com/assets/images/vm-sprite-120px.jpg was preloaded using link preload but not used within a few seconds from the window's load event. Please make sure it has an appropriate `as` value and it is preloaded intentionally. @ https://sniffies.com/:0
[ 5672170ms] [WARNING] The resource https://sniffies.com/assets/images/vm-sprite-120px.jpg was preloaded using link preload but not used within a few seconds from the window's load event. Please make sure it has an appropriate `as` value and it is preloaded intentionally. @ https://sniffies.com/:0
[ 5678323ms] [WARNING] The resource https://sniffies.com/assets/images/vm-sprite-120px.jpg was preloaded using link preload but not used within a few seconds from the window's load event. Please make sure it has an appropriate `as` value and it is preloaded intentionally. @ https://sniffies.com/:0
[ 5686465ms] [WARNING] The resource https://sniffies.com/assets/images/vm-sprite-120px.jpg was preloaded using link preload but not used within a few seconds from the window's load event. Please make sure it has an appropriate `as` value and it is preloaded intentionally. @ https://sniffies.com/:0
[ 5708832ms] [WARNING] The resource https://sniffies.com/assets/images/vm-sprite-120px.jpg was preloaded using link preload but not used within a few seconds from the window's load event. Please make sure it has an appropriate `as` value and it is preloaded intentionally. @ https://sniffies.com/:0
[ 5714768ms] [WARNING] The resource https://sniffies.com/assets/images/vm-sprite-120px.jpg was preloaded using link preload but not used within a few seconds from the window's load event. Please make sure it has an appropriate `as` value and it is preloaded intentionally. @ https://sniffies.com/:0
[ 5722148ms] [WARNING] The resource https://sniffies.com/assets/images/vm-sprite-120px.jpg was preloaded using link preload but not used within a few seconds from the window's load event. Please make sure it has an appropriate `as` value and it is preloaded intentionally. @ https://sniffies.com/:0
[ 5725452ms] [WARNING] The resource https://sniffies.com/assets/images/vm-sprite-120px.jpg was preloaded using link preload but not used within a few seconds from the window's load event. Please make sure it has an appropriate `as` value and it is preloaded intentionally. @ https://sniffies.com/:0
[ 5729569ms] [WARNING] The resource https://sniffies.com/assets/images/vm-sprite-120px.jpg was preloaded using link preload but not used within a few seconds from the window's load event. Please make sure it has an appropriate `as` value and it is preloaded intentionally. @ https://sniffies.com/:0
[ 5739451ms] [WARNING] The resource https://sniffies.com/assets/images/vm-sprite-120px.jpg was preloaded using link preload but not used within a few seconds from the window's load event. Please make sure it has an appropriate `as` value and it is preloaded intentionally. @ https://sniffies.com/:0
[ 5745227ms] [WARNING] The resource https://sniffies.com/assets/images/vm-sprite-120px.jpg was preloaded using link preload but not used within a few seconds from the window's load event. Please make sure it has an appropriate `as` value and it is preloaded intentionally. @ https://sniffies.com/:0
[ 5768064ms] [WARNING] The resource https://sniffies.com/assets/images/vm-sprite-120px.jpg was preloaded using link preload but not used within a few seconds from the window's load event. Please make sure it has an appropriate `as` value and it is preloaded intentionally. @ https://sniffies.com/:0
[ 5773133ms] [WARNING] The resource https://sniffies.com/assets/images/vm-sprite-120px.jpg was preloaded using link preload but not used within a few seconds from the window's load event. Please make sure it has an appropriate `as` value and it is preloaded intentionally. @ https://sniffies.com/:0
[ 5778201ms] [WARNING] The resource https://sniffies.com/assets/images/vm-sprite-120px.jpg was preloaded using link preload but not used within a few seconds from the window's load event. Please make sure it has an appropriate `as` value and it is preloaded intentionally. @ https://sniffies.com/:0
[ 5782144ms] [WARNING] The resource https://sniffies.com/assets/images/vm-sprite-120px.jpg was preloaded using link preload but not used within a few seconds from the window's load event. Please make sure it has an appropriate `as` value and it is preloaded intentionally. @ https://sniffies.com/:0
[ 5785565ms] [WARNING] The resource https://sniffies.com/assets/images/vm-sprite-120px.jpg was preloaded using link preload but not used within a few seconds from the window's load event. Please make sure it has an appropriate `as` value and it is preloaded intentionally. @ https://sniffies.com/:0
[ 5791045ms] [WARNING] The resource https://sniffies.com/assets/images/vm-sprite-120px.jpg was preloaded using link preload but not used within a few seconds from the window's load event. Please make sure it has an appropriate `as` value and it is preloaded intentionally. @ https://sniffies.com/:0
[ 5800912ms] [WARNING] The resource https://sniffies.com/assets/images/vm-sprite-120px.jpg was preloaded using link preload but not used within a few seconds from the window's load event. Please make sure it has an appropriate `as` value and it is preloaded intentionally. @ https://sniffies.com/:0
[ 5808409ms] [WARNING] The resource https://sniffies.com/assets/images/vm-sprite-120px.jpg was preloaded using link preload but not used within a few seconds from the window's load event. Please make sure it has an appropriate `as` value and it is preloaded intentionally. @ https://sniffies.com/:0
[ 5811839ms] [WARNING] The resource https://sniffies.com/assets/images/vm-sprite-120px.jpg was preloaded using link preload but not used within a few seconds from the window's load event. Please make sure it has an appropriate `as` value and it is preloaded intentionally. @ https://sniffies.com/:0
[ 5821046ms] [WARNING] The resource https://sniffies.com/assets/images/vm-sprite-120px.jpg was preloaded using link preload but not used within a few seconds from the window's load event. Please make sure it has an appropriate `as` value and it is preloaded intentionally. @ https://sniffies.com/:0
[ 5828358ms] [WARNING] The resource https://sniffies.com/assets/images/vm-sprite-120px.jpg was preloaded using link preload but not used within a few seconds from the window's load event. Please make sure it has an appropriate `as` value and it is preloaded intentionally. @ https://sniffies.com/:0
[ 5833488ms] [WARNING] The resource https://sniffies.com/assets/images/vm-sprite-120px.jpg was preloaded using link preload but not used within a few seconds from the window's load event. Please make sure it has an appropriate `as` value and it is preloaded intentionally. @ https://sniffies.com/:0
[ 5836526ms] [WARNING] The resource https://sniffies.com/assets/images/vm-sprite-120px.jpg was preloaded using link preload but not used within a few seconds from the window's load event. Please make sure it has an appropriate `as` value and it is preloaded intentionally. @ https://sniffies.com/:0
[ 5844517ms] [WARNING] The resource https://sniffies.com/assets/images/vm-sprite-120px.jpg was preloaded using link preload but not used within a few seconds from the window's load event. Please make sure it has an appropriate `as` value and it is preloaded intentionally. @ https://sniffies.com/:0
[ 5848249ms] [WARNING] The resource https://sniffies.com/assets/images/vm-sprite-120px.jpg was preloaded using link preload but not used within a few seconds from the window's load event. Please make sure it has an appropriate `as` value and it is preloaded intentionally. @ https://sniffies.com/:0
[ 5870007ms] [WARNING] The resource https://sniffies.com/assets/images/vm-sprite-120px.jpg was preloaded using link preload but not used within a few seconds from the window's load event. Please make sure it has an appropriate `as` value and it is preloaded intentionally. @ https://sniffies.com/:0
[ 5899401ms] [WARNING] The resource https://sniffies.com/assets/images/vm-sprite-120px.jpg was preloaded using link preload but not used within a few seconds from the window's load event. Please make sure it has an appropriate `as` value and it is preloaded intentionally. @ https://sniffies.com/:0
[ 5903336ms] [WARNING] The resource https://sniffies.com/assets/images/vm-sprite-120px.jpg was preloaded using link preload but not used within a few seconds from the window's load event. Please make sure it has an appropriate `as` value and it is preloaded intentionally. @ https://sniffies.com/:0
[ 5921603ms] [WARNING] The resource https://sniffies.com/assets/images/vm-sprite-120px.jpg was preloaded using link preload but not used within a few seconds from the window's load event. Please make sure it has an appropriate `as` value and it is preloaded intentionally. @ https://sniffies.com/:0
[ 5926553ms] [WARNING] The resource https://sniffies.com/assets/images/vm-sprite-120px.jpg was preloaded using link preload but not used within a few seconds from the window's load event. Please make sure it has an appropriate `as` value and it is preloaded intentionally. @ https://sniffies.com/:0
[ 5942393ms] [WARNING] The resource https://sniffies.com/assets/images/vm-sprite-120px.jpg was preloaded using link preload but not used within a few seconds from the window's load event. Please make sure it has an appropriate `as` value and it is preloaded intentionally. @ https://sniffies.com/:0
[ 5951730ms] [WARNING] The resource https://sniffies.com/assets/images/vm-sprite-120px.jpg was preloaded using link preload but not used within a few seconds from the window's load event. Please make sure it has an appropriate `as` value and it is preloaded intentionally. @ https://sniffies.com/:0
[ 5959620ms] [WARNING] The resource https://sniffies.com/assets/images/vm-sprite-120px.jpg was preloaded using link preload but not used within a few seconds from the window's load event. Please make sure it has an appropriate `as` value and it is preloaded intentionally. @ https://sniffies.com/:0
[ 5966005ms] [WARNING] The resource https://sniffies.com/assets/images/vm-sprite-120px.jpg was preloaded using link preload but not used within a few seconds from the window's load event. Please make sure it has an appropriate `as` value and it is preloaded intentionally. @ https://sniffies.com/:0
[ 5972035ms] [WARNING] The resource https://sniffies.com/assets/images/vm-sprite-120px.jpg was preloaded using link preload but not used within a few seconds from the window's load event. Please make sure it has an appropriate `as` value and it is preloaded intentionally. @ https://sniffies.com/:0
[ 5977303ms] [WARNING] The resource https://sniffies.com/assets/images/vm-sprite-120px.jpg was preloaded using link preload but not used within a few seconds from the window's load event. Please make sure it has an appropriate `as` value and it is preloaded intentionally. @ https://sniffies.com/:0
[ 5986983ms] [WARNING] The resource https://sniffies.com/assets/images/vm-sprite-120px.jpg was preloaded using link preload but not used within a few seconds from the window's load event. Please make sure it has an appropriate `as` value and it is preloaded intentionally. @ https://sniffies.com/:0
[ 5996338ms] [WARNING] The resource https://sniffies.com/assets/images/vm-sprite-120px.jpg was preloaded using link preload but not used within a few seconds from the window's load event. Please make sure it has an appropriate `as` value and it is preloaded intentionally. @ https://sniffies.com/:0
[ 6002223ms] [WARNING] The resource https://sniffies.com/assets/images/vm-sprite-120px.jpg was preloaded using link preload but not used within a few seconds from the window's load event. Please make sure it has an appropriate `as` value and it is preloaded intentionally. @ https://sniffies.com/:0
[ 6006193ms] [WARNING] The resource https://sniffies.com/assets/images/vm-sprite-120px.jpg was preloaded using link preload but not used within a few seconds from the window's load event. Please make sure it has an appropriate `as` value and it is preloaded intentionally. @ https://sniffies.com/:0
[ 6015970ms] [WARNING] The resource https://sniffies.com/assets/images/vm-sprite-120px.jpg was preloaded using link preload but not used within a few seconds from the window's load event. Please make sure it has an appropriate `as` value and it is preloaded intentionally. @ https://sniffies.com/:0
[ 6028451ms] [WARNING] The resource https://sniffies.com/assets/images/vm-sprite-120px.jpg was preloaded using link preload but not used within a few seconds from the window's load event. Please make sure it has an appropriate `as` value and it is preloaded intentionally. @ https://sniffies.com/:0
[ 6050552ms] [WARNING] The resource https://sniffies.com/assets/images/vm-sprite-120px.jpg was preloaded using link preload but not used within a few seconds from the window's load event. Please make sure it has an appropriate `as` value and it is preloaded intentionally. @ https://sniffies.com/:0
[ 6054124ms] [WARNING] The resource https://sniffies.com/assets/images/vm-sprite-120px.jpg was preloaded using link preload but not used within a few seconds from the window's load event. Please make sure it has an appropriate `as` value and it is preloaded intentionally. @ https://sniffies.com/:0
[ 6063997ms] [WARNING] The resource https://sniffies.com/assets/images/vm-sprite-120px.jpg was preloaded using link preload but not used within a few seconds from the window's load event. Please make sure it has an appropriate `as` value and it is preloaded intentionally. @ https://sniffies.com/:0
[ 6077025ms] [WARNING] The resource https://sniffies.com/assets/images/vm-sprite-120px.jpg was preloaded using link preload but not used within a few seconds from the window's load event. Please make sure it has an appropriate `as` value and it is preloaded intentionally. @ https://sniffies.com/:0
[ 6083396ms] [WARNING] The resource https://sniffies.com/assets/images/vm-sprite-120px.jpg was preloaded using link preload but not used within a few seconds from the window's load event. Please make sure it has an appropriate `as` value and it is preloaded intentionally. @ https://sniffies.com/:0
[ 6090475ms] [WARNING] The resource https://sniffies.com/assets/images/vm-sprite-120px.jpg was preloaded using link preload but not used within a few seconds from the window's load event. Please make sure it has an appropriate `as` value and it is preloaded intentionally. @ https://sniffies.com/:0
[ 6096814ms] [WARNING] The resource https://sniffies.com/assets/images/vm-sprite-120px.jpg was preloaded using link preload but not used within a few seconds from the window's load event. Please make sure it has an appropriate `as` value and it is preloaded intentionally. @ https://sniffies.com/:0
[ 6108300ms] [WARNING] The resource https://sniffies.com/assets/images/vm-sprite-120px.jpg was preloaded using link preload but not used within a few seconds from the window's load event. Please make sure it has an appropriate `as` value and it is preloaded intentionally. @ https://sniffies.com/:0
[ 6121898ms] [WARNING] The resource https://sniffies.com/assets/images/vm-sprite-120px.jpg was preloaded using link preload but not used within a few seconds from the window's load event. Please make sure it has an appropriate `as` value and it is preloaded intentionally. @ https://sniffies.com/:0
[ 6126227ms] [WARNING] The resource https://sniffies.com/assets/images/vm-sprite-120px.jpg was preloaded using link preload but not used within a few seconds from the window's load event. Please make sure it has an appropriate `as` value and it is preloaded intentionally. @ https://sniffies.com/:0
[ 6134302ms] [WARNING] The resource https://sniffies.com/assets/images/vm-sprite-120px.jpg was preloaded using link preload but not used within a few seconds from the window's load event. Please make sure it has an appropriate `as` value and it is preloaded intentionally. @ https://sniffies.com/:0
[ 6143466ms] [WARNING] The resource https://sniffies.com/assets/images/vm-sprite-120px.jpg was preloaded using link preload but not used within a few seconds from the window's load event. Please make sure it has an appropriate `as` value and it is preloaded intentionally. @ https://sniffies.com/:0
[ 6147701ms] [WARNING] The resource https://sniffies.com/assets/images/vm-sprite-120px.jpg was preloaded using link preload but not used within a few seconds from the window's load event. Please make sure it has an appropriate `as` value and it is preloaded intentionally. @ https://sniffies.com/:0
[ 6154701ms] [WARNING] The resource https://sniffies.com/assets/images/vm-sprite-120px.jpg was preloaded using link preload but not used within a few seconds from the window's load event. Please make sure it has an appropriate `as` value and it is preloaded intentionally. @ https://sniffies.com/:0
[ 6163925ms] [WARNING] The resource https://sniffies.com/assets/images/vm-sprite-120px.jpg was preloaded using link preload but not used within a few seconds from the window's load event. Please make sure it has an appropriate `as` value and it is preloaded intentionally. @ https://sniffies.com/:0
[ 6167182ms] [WARNING] The resource https://sniffies.com/assets/images/vm-sprite-120px.jpg was preloaded using link preload but not used within a few seconds from the window's load event. Please make sure it has an appropriate `as` value and it is preloaded intentionally. @ https://sniffies.com/:0
[ 6177013ms] [WARNING] The resource https://sniffies.com/assets/images/vm-sprite-120px.jpg was preloaded using link preload but not used within a few seconds from the window's load event. Please make sure it has an appropriate `as` value and it is preloaded intentionally. @ https://sniffies.com/:0
[ 6187045ms] [WARNING] The resource https://sniffies.com/assets/images/vm-sprite-120px.jpg was preloaded using link preload but not used within a few seconds from the window's load event. Please make sure it has an appropriate `as` value and it is preloaded intentionally. @ https://sniffies.com/:0
[ 6192609ms] [WARNING] The resource https://sniffies.com/assets/images/vm-sprite-120px.jpg was preloaded using link preload but not used within a few seconds from the window's load event. Please make sure it has an appropriate `as` value and it is preloaded intentionally. @ https://sniffies.com/:0
[ 6198304ms] [WARNING] The resource https://sniffies.com/assets/images/vm-sprite-120px.jpg was preloaded using link preload but not used within a few seconds from the window's load event. Please make sure it has an appropriate `as` value and it is preloaded intentionally. @ https://sniffies.com/:0
[ 6203736ms] [WARNING] The resource https://sniffies.com/assets/images/vm-sprite-120px.jpg was preloaded using link preload but not used within a few seconds from the window's load event. Please make sure it has an appropriate `as` value and it is preloaded intentionally. @ https://sniffies.com/:0
[ 6211315ms] [WARNING] The resource https://sniffies.com/assets/images/vm-sprite-120px.jpg was preloaded using link preload but not used within a few seconds from the window's load event. Please make sure it has an appropriate `as` value and it is preloaded intentionally. @ https://sniffies.com/:0
[ 6221555ms] [WARNING] The resource https://sniffies.com/assets/images/vm-sprite-120px.jpg was preloaded using link preload but not used within a few seconds from the window's load event. Please make sure it has an appropriate `as` value and it is preloaded intentionally. @ https://sniffies.com/:0
[ 6225914ms] [WARNING] The resource https://sniffies.com/assets/images/vm-sprite-120px.jpg was preloaded using link preload but not used within a few seconds from the window's load event. Please make sure it has an appropriate `as` value and it is preloaded intentionally. @ https://sniffies.com/:0
[ 6232606ms] [WARNING] The resource https://sniffies.com/assets/images/vm-sprite-120px.jpg was preloaded using link preload but not used within a few seconds from the window's load event. Please make sure it has an appropriate `as` value and it is preloaded intentionally. @ https://sniffies.com/:0
[ 6235779ms] [WARNING] The resource https://sniffies.com/assets/images/vm-sprite-120px.jpg was preloaded using link preload but not used within a few seconds from the window's load event. Please make sure it has an appropriate `as` value and it is preloaded intentionally. @ https://sniffies.com/:0
[ 6246182ms] [WARNING] The resource https://sniffies.com/assets/images/vm-sprite-120px.jpg was preloaded using link preload but not used within a few seconds from the window's load event. Please make sure it has an appropriate `as` value and it is preloaded intentionally. @ https://sniffies.com/:0
[ 6266698ms] [WARNING] The resource https://sniffies.com/assets/images/vm-sprite-120px.jpg was preloaded using link preload but not used within a few seconds from the window's load event. Please make sure it has an appropriate `as` value and it is preloaded intentionally. @ https://sniffies.com/:0
[ 6273635ms] [WARNING] The resource https://sniffies.com/assets/images/vm-sprite-120px.jpg was preloaded using link preload but not used within a few seconds from the window's load event. Please make sure it has an appropriate `as` value and it is preloaded intentionally. @ https://sniffies.com/:0
[ 6284737ms] [WARNING] The resource https://sniffies.com/assets/images/vm-sprite-120px.jpg was preloaded using link preload but not used within a few seconds from the window's load event. Please make sure it has an appropriate `as` value and it is preloaded intentionally. @ https://sniffies.com/:0
[ 6290097ms] [WARNING] The resource https://sniffies.com/assets/images/vm-sprite-120px.jpg was preloaded using link preload but not used within a few seconds from the window's load event. Please make sure it has an appropriate `as` value and it is preloaded intentionally. @ https://sniffies.com/:0
[ 6297530ms] [WARNING] The resource https://sniffies.com/assets/images/vm-sprite-120px.jpg was preloaded using link preload but not used within a few seconds from the window's load event. Please make sure it has an appropriate `as` value and it is preloaded intentionally. @ https://sniffies.com/:0
[ 6304028ms] [WARNING] The resource https://sniffies.com/assets/images/vm-sprite-120px.jpg was preloaded using link preload but not used within a few seconds from the window's load event. Please make sure it has an appropriate `as` value and it is preloaded intentionally. @ https://sniffies.com/:0
[ 6322866ms] [WARNING] The resource https://sniffies.com/assets/images/vm-sprite-120px.jpg was preloaded using link preload but not used within a few seconds from the window's load event. Please make sure it has an appropriate `as` value and it is preloaded intentionally. @ https://sniffies.com/:0
[ 6329820ms] [WARNING] The resource https://sniffies.com/assets/images/vm-sprite-120px.jpg was preloaded using link preload but not used within a few seconds from the window's load event. Please make sure it has an appropriate `as` value and it is preloaded intentionally. @ https://sniffies.com/:0
[ 6360758ms] [WARNING] The resource https://sniffies.com/assets/images/vm-sprite-120px.jpg was preloaded using link preload but not used within a few seconds from the window's load event. Please make sure it has an appropriate `as` value and it is preloaded intentionally. @ https://sniffies.com/:0
[ 6377536ms] [WARNING] The resource https://sniffies.com/assets/images/vm-sprite-120px.jpg was preloaded using link preload but not used within a few seconds from the window's load event. Please make sure it has an appropriate `as` value and it is preloaded intentionally. @ https://sniffies.com/:0
[ 6380742ms] [WARNING] The resource https://sniffies.com/assets/images/vm-sprite-120px.jpg was preloaded using link preload but not used within a few seconds from the window's load event. Please make sure it has an appropriate `as` value and it is preloaded intentionally. @ https://sniffies.com/:0
[ 6385293ms] [WARNING] The resource https://sniffies.com/assets/images/vm-sprite-120px.jpg was preloaded using link preload but not used within a few seconds from the window's load event. Please make sure it has an appropriate `as` value and it is preloaded intentionally. @ https://sniffies.com/:0
[ 6395266ms] [WARNING] The resource https://sniffies.com/assets/images/vm-sprite-120px.jpg was preloaded using link preload but not used within a few seconds from the window's load event. Please make sure it has an appropriate `as` value and it is preloaded intentionally. @ https://sniffies.com/:0
[ 6401474ms] [WARNING] The resource https://sniffies.com/assets/images/vm-sprite-120px.jpg was preloaded using link preload but not used within a few seconds from the window's load event. Please make sure it has an appropriate `as` value and it is preloaded intentionally. @ https://sniffies.com/:0
[ 6410355ms] [WARNING] The resource https://sniffies.com/assets/images/vm-sprite-120px.jpg was preloaded using link preload but not used within a few seconds from the window's load event. Please make sure it has an appropriate `as` value and it is preloaded intentionally. @ https://sniffies.com/:0
[ 6418433ms] [WARNING] The resource https://sniffies.com/assets/images/vm-sprite-120px.jpg was preloaded using link preload but not used within a few seconds from the window's load event. Please make sure it has an appropriate `as` value and it is preloaded intentionally. @ https://sniffies.com/:0
[ 6439570ms] [WARNING] The resource https://sniffies.com/assets/images/vm-sprite-120px.jpg was preloaded using link preload but not used within a few seconds from the window's load event. Please make sure it has an appropriate `as` value and it is preloaded intentionally. @ https://sniffies.com/:0
[ 6449392ms] [WARNING] The resource https://sniffies.com/assets/images/vm-sprite-120px.jpg was preloaded using link preload but not used within a few seconds from the window's load event. Please make sure it has an appropriate `as` value and it is preloaded intentionally. @ https://sniffies.com/:0
[ 6453503ms] [WARNING] The resource https://sniffies.com/assets/images/vm-sprite-120px.jpg was preloaded using link preload but not used within a few seconds from the window's load event. Please make sure it has an appropriate `as` value and it is preloaded intentionally. @ https://sniffies.com/:0
[ 6472537ms] [WARNING] The resource https://sniffies.com/assets/images/vm-sprite-120px.jpg was preloaded using link preload but not used within a few seconds from the window's load event. Please make sure it has an appropriate `as` value and it is preloaded intentionally. @ https://sniffies.com/:0
[ 6485667ms] [WARNING] The resource https://sniffies.com/assets/images/vm-sprite-120px.jpg was preloaded using link preload but not used within a few seconds from the window's load event. Please make sure it has an appropriate `as` value and it is preloaded intentionally. @ https://sniffies.com/:0
[ 6498656ms] [WARNING] The resource https://sniffies.com/assets/images/vm-sprite-120px.jpg was preloaded using link preload but not used within a few seconds from the window's load event. Please make sure it has an appropriate `as` value and it is preloaded intentionally. @ https://sniffies.com/:0
[ 6511863ms] [WARNING] The resource https://sniffies.com/assets/images/vm-sprite-120px.jpg was preloaded using link preload but not used within a few seconds from the window's load event. Please make sure it has an appropriate `as` value and it is preloaded intentionally. @ https://sniffies.com/:0
[ 6516546ms] [WARNING] The resource https://sniffies.com/assets/images/vm-sprite-120px.jpg was preloaded using link preload but not used within a few seconds from the window's load event. Please make sure it has an appropriate `as` value and it is preloaded intentionally. @ https://sniffies.com/:0
[ 6538693ms] [WARNING] The resource https://sniffies.com/assets/images/vm-sprite-120px.jpg was preloaded using link preload but not used within a few seconds from the window's load event. Please make sure it has an appropriate `as` value and it is preloaded intentionally. @ https://sniffies.com/:0
[ 6544521ms] [WARNING] The resource https://sniffies.com/assets/images/vm-sprite-120px.jpg was preloaded using link preload but not used within a few seconds from the window's load event. Please make sure it has an appropriate `as` value and it is preloaded intentionally. @ https://sniffies.com/:0
[ 6566342ms] [WARNING] The resource https://sniffies.com/assets/images/vm-sprite-120px.jpg was preloaded using link preload but not used within a few seconds from the window's load event. Please make sure it has an appropriate `as` value and it is preloaded intentionally. @ https://sniffies.com/:0
[ 6574902ms] [WARNING] The resource https://sniffies.com/assets/images/vm-sprite-120px.jpg was preloaded using link preload but not used within a few seconds from the window's load event. Please make sure it has an appropriate `as` value and it is preloaded intentionally. @ https://sniffies.com/:0
[ 6583236ms] [WARNING] The resource https://sniffies.com/assets/images/vm-sprite-120px.jpg was preloaded using link preload but not used within a few seconds from the window's load event. Please make sure it has an appropriate `as` value and it is preloaded intentionally. @ https://sniffies.com/:0
[ 6586308ms] [WARNING] The resource https://sniffies.com/assets/images/vm-sprite-120px.jpg was preloaded using link preload but not used within a few seconds from the window's load event. Please make sure it has an appropriate `as` value and it is preloaded intentionally. @ https://sniffies.com/:0
[ 6602768ms] [WARNING] The resource https://sniffies.com/assets/images/vm-sprite-120px.jpg was preloaded using link preload but not used within a few seconds from the window's load event. Please make sure it has an appropriate `as` value and it is preloaded intentionally. @ https://sniffies.com/:0
[ 6608129ms] [WARNING] The resource https://sniffies.com/assets/images/vm-sprite-120px.jpg was preloaded using link preload but not used within a few seconds from the window's load event. Please make sure it has an appropriate `as` value and it is preloaded intentionally. @ https://sniffies.com/:0
[ 6615489ms] [WARNING] The resource https://sniffies.com/assets/images/vm-sprite-120px.jpg was preloaded using link preload but not used within a few seconds from the window's load event. Please make sure it has an appropriate `as` value and it is preloaded intentionally. @ https://sniffies.com/:0
[ 6621744ms] [WARNING] The resource https://sniffies.com/assets/images/vm-sprite-120px.jpg was preloaded using link preload but not used within a few seconds from the window's load event. Please make sure it has an appropriate `as` value and it is preloaded intentionally. @ https://sniffies.com/:0
[ 6630060ms] [WARNING] The resource https://sniffies.com/assets/images/vm-sprite-120px.jpg was preloaded using link preload but not used within a few seconds from the window's load event. Please make sure it has an appropriate `as` value and it is preloaded intentionally. @ https://sniffies.com/:0
[ 6633312ms] [WARNING] The resource https://sniffies.com/assets/images/vm-sprite-120px.jpg was preloaded using link preload but not used within a few seconds from the window's load event. Please make sure it has an appropriate `as` value and it is preloaded intentionally. @ https://sniffies.com/:0
[ 6642621ms] [WARNING] The resource https://sniffies.com/assets/images/vm-sprite-120px.jpg was preloaded using link preload but not used within a few seconds from the window's load event. Please make sure it has an appropriate `as` value and it is preloaded intentionally. @ https://sniffies.com/:0
[ 6648460ms] [WARNING] The resource https://sniffies.com/assets/images/vm-sprite-120px.jpg was preloaded using link preload but not used within a few seconds from the window's load event. Please make sure it has an appropriate `as` value and it is preloaded intentionally. @ https://sniffies.com/:0
[ 6655730ms] [WARNING] The resource https://sniffies.com/assets/images/vm-sprite-120px.jpg was preloaded using link preload but not used within a few seconds from the window's load event. Please make sure it has an appropriate `as` value and it is preloaded intentionally. @ https://sniffies.com/:0
[ 6660645ms] [WARNING] The resource https://sniffies.com/assets/images/vm-sprite-120px.jpg was preloaded using link preload but not used within a few seconds from the window's load event. Please make sure it has an appropriate `as` value and it is preloaded intentionally. @ https://sniffies.com/:0
[ 6667663ms] [WARNING] The resource https://sniffies.com/assets/images/vm-sprite-120px.jpg was preloaded using link preload but not used within a few seconds from the window's load event. Please make sure it has an appropriate `as` value and it is preloaded intentionally. @ https://sniffies.com/:0
[ 6681631ms] [WARNING] The resource https://sniffies.com/assets/images/vm-sprite-120px.jpg was preloaded using link preload but not used within a few seconds from the window's load event. Please make sure it has an appropriate `as` value and it is preloaded intentionally. @ https://sniffies.com/:0
[ 6686749ms] [WARNING] The resource https://sniffies.com/assets/images/vm-sprite-120px.jpg was preloaded using link preload but not used within a few seconds from the window's load event. Please make sure it has an appropriate `as` value and it is preloaded intentionally. @ https://sniffies.com/:0
[ 6698932ms] [WARNING] The resource https://sniffies.com/assets/images/vm-sprite-120px.jpg was preloaded using link preload but not used within a few seconds from the window's load event. Please make sure it has an appropriate `as` value and it is preloaded intentionally. @ https://sniffies.com/:0
[ 6702422ms] [WARNING] The resource https://sniffies.com/assets/images/vm-sprite-120px.jpg was preloaded using link preload but not used within a few seconds from the window's load event. Please make sure it has an appropriate `as` value and it is preloaded intentionally. @ https://sniffies.com/:0
[ 6705754ms] [WARNING] The resource https://sniffies.com/assets/images/vm-sprite-120px.jpg was preloaded using link preload but not used within a few seconds from the window's load event. Please make sure it has an appropriate `as` value and it is preloaded intentionally. @ https://sniffies.com/:0
[ 6710488ms] [WARNING] The resource https://sniffies.com/assets/images/vm-sprite-120px.jpg was preloaded using link preload but not used within a few seconds from the window's load event. Please make sure it has an appropriate `as` value and it is preloaded intentionally. @ https://sniffies.com/:0
[ 6719009ms] [WARNING] The resource https://sniffies.com/assets/images/vm-sprite-120px.jpg was preloaded using link preload but not used within a few seconds from the window's load event. Please make sure it has an appropriate `as` value and it is preloaded intentionally. @ https://sniffies.com/:0
[ 6722328ms] [WARNING] The resource https://sniffies.com/assets/images/vm-sprite-120px.jpg was preloaded using link preload but not used within a few seconds from the window's load event. Please make sure it has an appropriate `as` value and it is preloaded intentionally. @ https://sniffies.com/:0
[ 6728122ms] [WARNING] The resource https://sniffies.com/assets/images/vm-sprite-120px.jpg was preloaded using link preload but not used within a few seconds from the window's load event. Please make sure it has an appropriate `as` value and it is preloaded intentionally. @ https://sniffies.com/:0
[ 6735494ms] [WARNING] The resource https://sniffies.com/assets/images/vm-sprite-120px.jpg was preloaded using link preload but not used within a few seconds from the window's load event. Please make sure it has an appropriate `as` value and it is preloaded intentionally. @ https://sniffies.com/:0
[ 6742487ms] [WARNING] The resource https://sniffies.com/assets/images/vm-sprite-120px.jpg was preloaded using link preload but not used within a few seconds from the window's load event. Please make sure it has an appropriate `as` value and it is preloaded intentionally. @ https://sniffies.com/:0
[ 6752282ms] [WARNING] The resource https://sniffies.com/assets/images/vm-sprite-120px.jpg was preloaded using link preload but not used within a few seconds from the window's load event. Please make sure it has an appropriate `as` value and it is preloaded intentionally. @ https://sniffies.com/:0
[ 6766110ms] [WARNING] The resource https://sniffies.com/assets/images/vm-sprite-120px.jpg was preloaded using link preload but not used within a few seconds from the window's load event. Please make sure it has an appropriate `as` value and it is preloaded intentionally. @ https://sniffies.com/:0
[ 6773320ms] [WARNING] The resource https://sniffies.com/assets/images/vm-sprite-120px.jpg was preloaded using link preload but not used within a few seconds from the window's load event. Please make sure it has an appropriate `as` value and it is preloaded intentionally. @ https://sniffies.com/:0
[ 6779323ms] [WARNING] The resource https://sniffies.com/assets/images/vm-sprite-120px.jpg was preloaded using link preload but not used within a few seconds from the window's load event. Please make sure it has an appropriate `as` value and it is preloaded intentionally. @ https://sniffies.com/:0
[ 6789356ms] [WARNING] The resource https://sniffies.com/assets/images/vm-sprite-120px.jpg was preloaded using link preload but not used within a few seconds from the window's load event. Please make sure it has an appropriate `as` value and it is preloaded intentionally. @ https://sniffies.com/:0
[ 6792794ms] [WARNING] The resource https://sniffies.com/assets/images/vm-sprite-120px.jpg was preloaded using link preload but not used within a few seconds from the window's load event. Please make sure it has an appropriate `as` value and it is preloaded intentionally. @ https://sniffies.com/:0
[ 6803789ms] [WARNING] The resource https://sniffies.com/assets/images/vm-sprite-120px.jpg was preloaded using link preload but not used within a few seconds from the window's load event. Please make sure it has an appropriate `as` value and it is preloaded intentionally. @ https://sniffies.com/:0
[ 6808643ms] [WARNING] The resource https://sniffies.com/assets/images/vm-sprite-120px.jpg was preloaded using link preload but not used within a few seconds from the window's load event. Please make sure it has an appropriate `as` value and it is preloaded intentionally. @ https://sniffies.com/:0
[ 6818439ms] [WARNING] The resource https://sniffies.com/assets/images/vm-sprite-120px.jpg was preloaded using link preload but not used within a few seconds from the window's load event. Please make sure it has an appropriate `as` value and it is preloaded intentionally. @ https://sniffies.com/:0
[ 6827654ms] [WARNING] The resource https://sniffies.com/assets/images/vm-sprite-120px.jpg was preloaded using link preload but not used within a few seconds from the window's load event. Please make sure it has an appropriate `as` value and it is preloaded intentionally. @ https://sniffies.com/:0
[ 6831910ms] [WARNING] The resource https://sniffies.com/assets/images/vm-sprite-120px.jpg was preloaded using link preload but not used within a few seconds from the window's load event. Please make sure it has an appropriate `as` value and it is preloaded intentionally. @ https://sniffies.com/:0
[ 6847191ms] [WARNING] The resource https://sniffies.com/assets/images/vm-sprite-120px.jpg was preloaded using link preload but not used within a few seconds from the window's load event. Please make sure it has an appropriate `as` value and it is preloaded intentionally. @ https://sniffies.com/:0
[ 6851540ms] [WARNING] The resource https://sniffies.com/assets/images/vm-sprite-120px.jpg was preloaded using link preload but not used within a few seconds from the window's load event. Please make sure it has an appropriate `as` value and it is preloaded intentionally. @ https://sniffies.com/:0
[ 6858329ms] [WARNING] The resource https://sniffies.com/assets/images/vm-sprite-120px.jpg was preloaded using link preload but not used within a few seconds from the window's load event. Please make sure it has an appropriate `as` value and it is preloaded intentionally. @ https://sniffies.com/:0
[ 6868618ms] [WARNING] The resource https://sniffies.com/assets/images/vm-sprite-120px.jpg was preloaded using link preload but not used within a few seconds from the window's load event. Please make sure it has an appropriate `as` value and it is preloaded intentionally. @ https://sniffies.com/:0
[ 6875885ms] [WARNING] The resource https://sniffies.com/assets/images/vm-sprite-120px.jpg was preloaded using link preload but not used within a few seconds from the window's load event. Please make sure it has an appropriate `as` value and it is preloaded intentionally. @ https://sniffies.com/:0
[ 6884447ms] [WARNING] The resource https://sniffies.com/assets/images/vm-sprite-120px.jpg was preloaded using link preload but not used within a few seconds from the window's load event. Please make sure it has an appropriate `as` value and it is preloaded intentionally. @ https://sniffies.com/:0
[ 6891795ms] [WARNING] The resource https://sniffies.com/assets/images/vm-sprite-120px.jpg was preloaded using link preload but not used within a few seconds from the window's load event. Please make sure it has an appropriate `as` value and it is preloaded intentionally. @ https://sniffies.com/:0
[ 6897497ms] [WARNING] The resource https://sniffies.com/assets/images/vm-sprite-120px.jpg was preloaded using link preload but not used within a few seconds from the window's load event. Please make sure it has an appropriate `as` value and it is preloaded intentionally. @ https://sniffies.com/:0
[ 6901304ms] [WARNING] The resource https://sniffies.com/assets/images/vm-sprite-120px.jpg was preloaded using link preload but not used within a few seconds from the window's load event. Please make sure it has an appropriate `as` value and it is preloaded intentionally. @ https://sniffies.com/:0
[ 6908558ms] [WARNING] The resource https://sniffies.com/assets/images/vm-sprite-120px.jpg was preloaded using link preload but not used within a few seconds from the window's load event. Please make sure it has an appropriate `as` value and it is preloaded intentionally. @ https://sniffies.com/:0
[ 6914085ms] [WARNING] The resource https://sniffies.com/assets/images/vm-sprite-120px.jpg was preloaded using link preload but not used within a few seconds from the window's load event. Please make sure it has an appropriate `as` value and it is preloaded intentionally. @ https://sniffies.com/:0
[ 6925860ms] [WARNING] The resource https://sniffies.com/assets/images/vm-sprite-120px.jpg was preloaded using link preload but not used within a few seconds from the window's load event. Please make sure it has an appropriate `as` value and it is preloaded intentionally. @ https://sniffies.com/:0
[ 6935283ms] [WARNING] The resource https://sniffies.com/assets/images/vm-sprite-120px.jpg was preloaded using link preload but not used within a few seconds from the window's load event. Please make sure it has an appropriate `as` value and it is preloaded intentionally. @ https://sniffies.com/:0
[ 6939109ms] [WARNING] The resource https://sniffies.com/assets/images/vm-sprite-120px.jpg was preloaded using link preload but not used within a few seconds from the window's load event. Please make sure it has an appropriate `as` value and it is preloaded intentionally. @ https://sniffies.com/:0
[ 6943732ms] [WARNING] The resource https://sniffies.com/assets/images/vm-sprite-120px.jpg was preloaded using link preload but not used within a few seconds from the window's load event. Please make sure it has an appropriate `as` value and it is preloaded intentionally. @ https://sniffies.com/:0
[ 6952996ms] [WARNING] The resource https://sniffies.com/assets/images/vm-sprite-120px.jpg was preloaded using link preload but not used within a few seconds from the window's load event. Please make sure it has an appropriate `as` value and it is preloaded intentionally. @ https://sniffies.com/:0
[ 6967989ms] [WARNING] The resource https://sniffies.com/assets/images/vm-sprite-120px.jpg was preloaded using link preload but not used within a few seconds from the window's load event. Please make sure it has an appropriate `as` value and it is preloaded intentionally. @ https://sniffies.com/:0
[ 6974677ms] [WARNING] The resource https://sniffies.com/assets/images/vm-sprite-120px.jpg was preloaded using link preload but not used within a few seconds from the window's load event. Please make sure it has an appropriate `as` value and it is preloaded intentionally. @ https://sniffies.com/:0
[ 6983108ms] [WARNING] The resource https://sniffies.com/assets/images/vm-sprite-120px.jpg was preloaded using link preload but not used within a few seconds from the window's load event. Please make sure it has an appropriate `as` value and it is preloaded intentionally. @ https://sniffies.com/:0
[ 7003056ms] [WARNING] The resource https://sniffies.com/assets/images/vm-sprite-120px.jpg was preloaded using link preload but not used within a few seconds from the window's load event. Please make sure it has an appropriate `as` value and it is preloaded intentionally. @ https://sniffies.com/:0
[ 7010446ms] [WARNING] The resource https://sniffies.com/assets/images/vm-sprite-120px.jpg was preloaded using link preload but not used within a few seconds from the window's load event. Please make sure it has an appropriate `as` value and it is preloaded intentionally. @ https://sniffies.com/:0
[ 7020784ms] [WARNING] The resource https://sniffies.com/assets/images/vm-sprite-120px.jpg was preloaded using link preload but not used within a few seconds from the window's load event. Please make sure it has an appropriate `as` value and it is preloaded intentionally. @ https://sniffies.com/:0
[ 7025259ms] [WARNING] The resource https://sniffies.com/assets/images/vm-sprite-120px.jpg was preloaded using link preload but not used within a few seconds from the window's load event. Please make sure it has an appropriate `as` value and it is preloaded intentionally. @ https://sniffies.com/:0
[ 7029858ms] [WARNING] The resource https://sniffies.com/assets/images/vm-sprite-120px.jpg was preloaded using link preload but not used within a few seconds from the window's load event. Please make sure it has an appropriate `as` value and it is preloaded intentionally. @ https://sniffies.com/:0
[ 7034144ms] [WARNING] The resource https://sniffies.com/assets/images/vm-sprite-120px.jpg was preloaded using link preload but not used within a few seconds from the window's load event. Please make sure it has an appropriate `as` value and it is preloaded intentionally. @ https://sniffies.com/:0
[ 7041870ms] [WARNING] The resource https://sniffies.com/assets/images/vm-sprite-120px.jpg was preloaded using link preload but not used within a few seconds from the window's load event. Please make sure it has an appropriate `as` value and it is preloaded intentionally. @ https://sniffies.com/:0
[ 7046017ms] [WARNING] The resource https://sniffies.com/assets/images/vm-sprite-120px.jpg was preloaded using link preload but not used within a few seconds from the window's load event. Please make sure it has an appropriate `as` value and it is preloaded intentionally. @ https://sniffies.com/:0
[ 7049627ms] [WARNING] The resource https://sniffies.com/assets/images/vm-sprite-120px.jpg was preloaded using link preload but not used within a few seconds from the window's load event. Please make sure it has an appropriate `as` value and it is preloaded intentionally. @ https://sniffies.com/:0
[ 7063621ms] [WARNING] The resource https://sniffies.com/assets/images/vm-sprite-120px.jpg was preloaded using link preload but not used within a few seconds from the window's load event. Please make sure it has an appropriate `as` value and it is preloaded intentionally. @ https://sniffies.com/:0
[ 7082549ms] [WARNING] The resource https://sniffies.com/assets/images/vm-sprite-120px.jpg was preloaded using link preload but not used within a few seconds from the window's load event. Please make sure it has an appropriate `as` value and it is preloaded intentionally. @ https://sniffies.com/:0
[ 7092192ms] [WARNING] The resource https://sniffies.com/assets/images/vm-sprite-120px.jpg was preloaded using link preload but not used within a few seconds from the window's load event. Please make sure it has an appropriate `as` value and it is preloaded intentionally. @ https://sniffies.com/:0
[ 7099718ms] [WARNING] The resource https://sniffies.com/assets/images/vm-sprite-120px.jpg was preloaded using link preload but not used within a few seconds from the window's load event. Please make sure it has an appropriate `as` value and it is preloaded intentionally. @ https://sniffies.com/:0
[ 7102811ms] [WARNING] The resource https://sniffies.com/assets/images/vm-sprite-120px.jpg was preloaded using link preload but not used within a few seconds from the window's load event. Please make sure it has an appropriate `as` value and it is preloaded intentionally. @ https://sniffies.com/:0
[ 7106859ms] [WARNING] The resource https://sniffies.com/assets/images/vm-sprite-120px.jpg was preloaded using link preload but not used within a few seconds from the window's load event. Please make sure it has an appropriate `as` value and it is preloaded intentionally. @ https://sniffies.com/:0
[ 7129229ms] [WARNING] The resource https://sniffies.com/assets/images/vm-sprite-120px.jpg was preloaded using link preload but not used within a few seconds from the window's load event. Please make sure it has an appropriate `as` value and it is preloaded intentionally. @ https://sniffies.com/:0
[ 7133656ms] [WARNING] The resource https://sniffies.com/assets/images/vm-sprite-120px.jpg was preloaded using link preload but not used within a few seconds from the window's load event. Please make sure it has an appropriate `as` value and it is preloaded intentionally. @ https://sniffies.com/:0
[ 7144254ms] [WARNING] The resource https://sniffies.com/assets/images/vm-sprite-120px.jpg was preloaded using link preload but not used within a few seconds from the window's load event. Please make sure it has an appropriate `as` value and it is preloaded intentionally. @ https://sniffies.com/:0
[ 7159328ms] [WARNING] The resource https://sniffies.com/assets/images/vm-sprite-120px.jpg was preloaded using link preload but not used within a few seconds from the window's load event. Please make sure it has an appropriate `as` value and it is preloaded intentionally. @ https://sniffies.com/:0
[ 7170422ms] [WARNING] The resource https://sniffies.com/assets/images/vm-sprite-120px.jpg was preloaded using link preload but not used within a few seconds from the window's load event. Please make sure it has an appropriate `as` value and it is preloaded intentionally. @ https://sniffies.com/:0
[ 7181307ms] [WARNING] The resource https://sniffies.com/assets/images/vm-sprite-120px.jpg was preloaded using link preload but not used within a few seconds from the window's load event. Please make sure it has an appropriate `as` value and it is preloaded intentionally. @ https://sniffies.com/:0
[ 7190937ms] [WARNING] The resource https://sniffies.com/assets/images/vm-sprite-120px.jpg was preloaded using link preload but not used within a few seconds from the window's load event. Please make sure it has an appropriate `as` value and it is preloaded intentionally. @ https://sniffies.com/:0
[ 7210676ms] [WARNING] The resource https://sniffies.com/assets/images/vm-sprite-120px.jpg was preloaded using link preload but not used within a few seconds from the window's load event. Please make sure it has an appropriate `as` value and it is preloaded intentionally. @ https://sniffies.com/:0
[ 7217961ms] [WARNING] The resource https://sniffies.com/assets/images/vm-sprite-120px.jpg was preloaded using link preload but not used within a few seconds from the window's load event. Please make sure it has an appropriate `as` value and it is preloaded intentionally. @ https://sniffies.com/:0
[ 7231626ms] [WARNING] The resource https://sniffies.com/assets/images/vm-sprite-120px.jpg was preloaded using link preload but not used within a few seconds from the window's load event. Please make sure it has an appropriate `as` value and it is preloaded intentionally. @ https://sniffies.com/:0
[ 7239116ms] [WARNING] The resource https://sniffies.com/assets/images/vm-sprite-120px.jpg was preloaded using link preload but not used within a few seconds from the window's load event. Please make sure it has an appropriate `as` value and it is preloaded intentionally. @ https://sniffies.com/:0
[ 7243582ms] [WARNING] The resource https://sniffies.com/assets/images/vm-sprite-120px.jpg was preloaded using link preload but not used within a few seconds from the window's load event. Please make sure it has an appropriate `as` value and it is preloaded intentionally. @ https://sniffies.com/:0
[ 7262886ms] [WARNING] The resource https://sniffies.com/assets/images/vm-sprite-120px.jpg was preloaded using link preload but not used within a few seconds from the window's load event. Please make sure it has an appropriate `as` value and it is preloaded intentionally. @ https://sniffies.com/:0
[ 7266447ms] [WARNING] The resource https://sniffies.com/assets/images/vm-sprite-120px.jpg was preloaded using link preload but not used within a few seconds from the window's load event. Please make sure it has an appropriate `as` value and it is preloaded intentionally. @ https://sniffies.com/:0
[ 7276378ms] [WARNING] The resource https://sniffies.com/assets/images/vm-sprite-120px.jpg was preloaded using link preload but not used within a few seconds from the window's load event. Please make sure it has an appropriate `as` value and it is preloaded intentionally. @ https://sniffies.com/:0
[ 7281698ms] [WARNING] The resource https://sniffies.com/assets/images/vm-sprite-120px.jpg was preloaded using link preload but not used within a few seconds from the window's load event. Please make sure it has an appropriate `as` value and it is preloaded intentionally. @ https://sniffies.com/:0
[ 7289044ms] [WARNING] The resource https://sniffies.com/assets/images/vm-sprite-120px.jpg was preloaded using link preload but not used within a few seconds from the window's load event. Please make sure it has an appropriate `as` value and it is preloaded intentionally. @ https://sniffies.com/:0
[ 7312639ms] [WARNING] The resource https://sniffies.com/assets/images/vm-sprite-120px.jpg was preloaded using link preload but not used within a few seconds from the window's load event. Please make sure it has an appropriate `as` value and it is preloaded intentionally. @ https://sniffies.com/:0
[ 7329626ms] [WARNING] The resource https://sniffies.com/assets/images/vm-sprite-120px.jpg was preloaded using link preload but not used within a few seconds from the window's load event. Please make sure it has an appropriate `as` value and it is preloaded intentionally. @ https://sniffies.com/:0
[ 7335977ms] [WARNING] The resource https://sniffies.com/assets/images/vm-sprite-120px.jpg was preloaded using link preload but not used within a few seconds from the window's load event. Please make sure it has an appropriate `as` value and it is preloaded intentionally. @ https://sniffies.com/:0
[ 7342613ms] [WARNING] The resource https://sniffies.com/assets/images/vm-sprite-120px.jpg was preloaded using link preload but not used within a few seconds from the window's load event. Please make sure it has an appropriate `as` value and it is preloaded intentionally. @ https://sniffies.com/:0
[ 7355943ms] [WARNING] The resource https://sniffies.com/assets/images/vm-sprite-120px.jpg was preloaded using link preload but not used within a few seconds from the window's load event. Please make sure it has an appropriate `as` value and it is preloaded intentionally. @ https://sniffies.com/:0
[ 7367719ms] [WARNING] The resource https://sniffies.com/assets/images/vm-sprite-120px.jpg was preloaded using link preload but not used within a few seconds from the window's load event. Please make sure it has an appropriate `as` value and it is preloaded intentionally. @ https://sniffies.com/:0
[ 7376929ms] [WARNING] The resource https://sniffies.com/assets/images/vm-sprite-120px.jpg was preloaded using link preload but not used within a few seconds from the window's load event. Please make sure it has an appropriate `as` value and it is preloaded intentionally. @ https://sniffies.com/:0
[ 7385042ms] [WARNING] The resource https://sniffies.com/assets/images/vm-sprite-120px.jpg was preloaded using link preload but not used within a few seconds from the window's load event. Please make sure it has an appropriate `as` value and it is preloaded intentionally. @ https://sniffies.com/:0
[ 7393928ms] [WARNING] The resource https://sniffies.com/assets/images/vm-sprite-120px.jpg was preloaded using link preload but not used within a few seconds from the window's load event. Please make sure it has an appropriate `as` value and it is preloaded intentionally. @ https://sniffies.com/:0
[ 7405954ms] [WARNING] The resource https://sniffies.com/assets/images/vm-sprite-120px.jpg was preloaded using link preload but not used within a few seconds from the window's load event. Please make sure it has an appropriate `as` value and it is preloaded intentionally. @ https://sniffies.com/:0
[ 7414107ms] [WARNING] The resource https://sniffies.com/assets/images/vm-sprite-120px.jpg was preloaded using link preload but not used within a few seconds from the window's load event. Please make sure it has an appropriate `as` value and it is preloaded intentionally. @ https://sniffies.com/:0
[ 7417185ms] [WARNING] The resource https://sniffies.com/assets/images/vm-sprite-120px.jpg was preloaded using link preload but not used within a few seconds from the window's load event. Please make sure it has an appropriate `as` value and it is preloaded intentionally. @ https://sniffies.com/:0
[ 7434805ms] [WARNING] The resource https://sniffies.com/assets/images/vm-sprite-120px.jpg was preloaded using link preload but not used within a few seconds from the window's load event. Please make sure it has an appropriate `as` value and it is preloaded intentionally. @ https://sniffies.com/:0
[ 7438894ms] [WARNING] The resource https://sniffies.com/assets/images/vm-sprite-120px.jpg was preloaded using link preload but not used within a few seconds from the window's load event. Please make sure it has an appropriate `as` value and it is preloaded intentionally. @ https://sniffies.com/:0
[ 7444191ms] [WARNING] The resource https://sniffies.com/assets/images/vm-sprite-120px.jpg was preloaded using link preload but not used within a few seconds from the window's load event. Please make sure it has an appropriate `as` value and it is preloaded intentionally. @ https://sniffies.com/:0
[ 7448331ms] [WARNING] The resource https://sniffies.com/assets/images/vm-sprite-120px.jpg was preloaded using link preload but not used within a few seconds from the window's load event. Please make sure it has an appropriate `as` value and it is preloaded intentionally. @ https://sniffies.com/:0
[ 7459677ms] [WARNING] The resource https://sniffies.com/assets/images/vm-sprite-120px.jpg was preloaded using link preload but not used within a few seconds from the window's load event. Please make sure it has an appropriate `as` value and it is preloaded intentionally. @ https://sniffies.com/:0
[ 7467891ms] [WARNING] The resource https://sniffies.com/assets/images/vm-sprite-120px.jpg was preloaded using link preload but not used within a few seconds from the window's load event. Please make sure it has an appropriate `as` value and it is preloaded intentionally. @ https://sniffies.com/:0
[ 7479649ms] [WARNING] The resource https://sniffies.com/assets/images/vm-sprite-120px.jpg was preloaded using link preload but not used within a few seconds from the window's load event. Please make sure it has an appropriate `as` value and it is preloaded intentionally. @ https://sniffies.com/:0
[ 7484622ms] [WARNING] The resource https://sniffies.com/assets/images/vm-sprite-120px.jpg was preloaded using link preload but not used within a few seconds from the window's load event. Please make sure it has an appropriate `as` value and it is preloaded intentionally. @ https://sniffies.com/:0
[ 7496809ms] [WARNING] The resource https://sniffies.com/assets/images/vm-sprite-120px.jpg was preloaded using link preload but not used within a few seconds from the window's load event. Please make sure it has an appropriate `as` value and it is preloaded intentionally. @ https://sniffies.com/:0
[ 7504632ms] [WARNING] The resource https://sniffies.com/assets/images/vm-sprite-120px.jpg was preloaded using link preload but not used within a few seconds from the window's load event. Please make sure it has an appropriate `as` value and it is preloaded intentionally. @ https://sniffies.com/:0
[ 7519934ms] [WARNING] The resource https://sniffies.com/assets/images/vm-sprite-120px.jpg was preloaded using link preload but not used within a few seconds from the window's load event. Please make sure it has an appropriate `as` value and it is preloaded intentionally. @ https://sniffies.com/:0
[ 7531250ms] [WARNING] The resource https://sniffies.com/assets/images/vm-sprite-120px.jpg was preloaded using link preload but not used within a few seconds from the window's load event. Please make sure it has an appropriate `as` value and it is preloaded intentionally. @ https://sniffies.com/:0
[ 7535473ms] [WARNING] The resource https://sniffies.com/assets/images/vm-sprite-120px.jpg was preloaded using link preload but not used within a few seconds from the window's load event. Please make sure it has an appropriate `as` value and it is preloaded intentionally. @ https://sniffies.com/:0
[ 7538964ms] [WARNING] The resource https://sniffies.com/assets/images/vm-sprite-120px.jpg was preloaded using link preload but not used within a few seconds from the window's load event. Please make sure it has an appropriate `as` value and it is preloaded intentionally. @ https://sniffies.com/:0
[ 7548468ms] [WARNING] The resource https://sniffies.com/assets/images/vm-sprite-120px.jpg was preloaded using link preload but not used within a few seconds from the window's load event. Please make sure it has an appropriate `as` value and it is preloaded intentionally. @ https://sniffies.com/:0
[ 7555856ms] [WARNING] The resource https://sniffies.com/assets/images/vm-sprite-120px.jpg was preloaded using link preload but not used within a few seconds from the window's load event. Please make sure it has an appropriate `as` value and it is preloaded intentionally. @ https://sniffies.com/:0
[ 7559101ms] [WARNING] The resource https://sniffies.com/assets/images/vm-sprite-120px.jpg was preloaded using link preload but not used within a few seconds from the window's load event. Please make sure it has an appropriate `as` value and it is preloaded intentionally. @ https://sniffies.com/:0
[ 7563990ms] [WARNING] The resource https://sniffies.com/assets/images/vm-sprite-120px.jpg was preloaded using link preload but not used within a few seconds from the window's load event. Please make sure it has an appropriate `as` value and it is preloaded intentionally. @ https://sniffies.com/:0
[ 7569646ms] [WARNING] The resource https://sniffies.com/assets/images/vm-sprite-120px.jpg was preloaded using link preload but not used within a few seconds from the window's load event. Please make sure it has an appropriate `as` value and it is preloaded intentionally. @ https://sniffies.com/:0
[ 7577351ms] [WARNING] The resource https://sniffies.com/assets/images/vm-sprite-120px.jpg was preloaded using link preload but not used within a few seconds from the window's load event. Please make sure it has an appropriate `as` value and it is preloaded intentionally. @ https://sniffies.com/:0
[ 7583623ms] [WARNING] The resource https://sniffies.com/assets/images/vm-sprite-120px.jpg was preloaded using link preload but not used within a few seconds from the window's load event. Please make sure it has an appropriate `as` value and it is preloaded intentionally. @ https://sniffies.com/:0
[ 7594772ms] [WARNING] The resource https://sniffies.com/assets/images/vm-sprite-120px.jpg was preloaded using link preload but not used within a few seconds from the window's load event. Please make sure it has an appropriate `as` value and it is preloaded intentionally. @ https://sniffies.com/:0
[ 7598607ms] [WARNING] The resource https://sniffies.com/assets/images/vm-sprite-120px.jpg was preloaded using link preload but not used within a few seconds from the window's load event. Please make sure it has an appropriate `as` value and it is preloaded intentionally. @ https://sniffies.com/:0
[ 7602273ms] [WARNING] The resource https://sniffies.com/assets/images/vm-sprite-120px.jpg was preloaded using link preload but not used within a few seconds from the window's load event. Please make sure it has an appropriate `as` value and it is preloaded intentionally. @ https://sniffies.com/:0
[ 7618195ms] [WARNING] The resource https://sniffies.com/assets/images/vm-sprite-120px.jpg was preloaded using link preload but not used within a few seconds from the window's load event. Please make sure it has an appropriate `as` value and it is preloaded intentionally. @ https://sniffies.com/:0
[ 7623218ms] [WARNING] The resource https://sniffies.com/assets/images/vm-sprite-120px.jpg was preloaded using link preload but not used within a few seconds from the window's load event. Please make sure it has an appropriate `as` value and it is preloaded intentionally. @ https://sniffies.com/:0
[ 7637546ms] [WARNING] The resource https://sniffies.com/assets/images/vm-sprite-120px.jpg was preloaded using link preload but not used within a few seconds from the window's load event. Please make sure it has an appropriate `as` value and it is preloaded intentionally. @ https://sniffies.com/:0
[ 7642750ms] [WARNING] The resource https://sniffies.com/assets/images/vm-sprite-120px.jpg was preloaded using link preload but not used within a few seconds from the window's load event. Please make sure it has an appropriate `as` value and it is preloaded intentionally. @ https://sniffies.com/:0
[ 7650138ms] [WARNING] The resource https://sniffies.com/assets/images/vm-sprite-120px.jpg was preloaded using link preload but not used within a few seconds from the window's load event. Please make sure it has an appropriate `as` value and it is preloaded intentionally. @ https://sniffies.com/:0
[ 7658744ms] [WARNING] The resource https://sniffies.com/assets/images/vm-sprite-120px.jpg was preloaded using link preload but not used within a few seconds from the window's load event. Please make sure it has an appropriate `as` value and it is preloaded intentionally. @ https://sniffies.com/:0
[ 7671373ms] [WARNING] The resource https://sniffies.com/assets/images/vm-sprite-120px.jpg was preloaded using link preload but not used within a few seconds from the window's load event. Please make sure it has an appropriate `as` value and it is preloaded intentionally. @ https://sniffies.com/:0
[ 7675622ms] [WARNING] The resource https://sniffies.com/assets/images/vm-sprite-120px.jpg was preloaded using link preload but not used within a few seconds from the window's load event. Please make sure it has an appropriate `as` value and it is preloaded intentionally. @ https://sniffies.com/:0
[ 7683611ms] [WARNING] The resource https://sniffies.com/assets/images/vm-sprite-120px.jpg was preloaded using link preload but not used within a few seconds from the window's load event. Please make sure it has an appropriate `as` value and it is preloaded intentionally. @ https://sniffies.com/:0
[ 7687675ms] [WARNING] The resource https://sniffies.com/assets/images/vm-sprite-120px.jpg was preloaded using link preload but not used within a few seconds from the window's load event. Please make sure it has an appropriate `as` value and it is preloaded intentionally. @ https://sniffies.com/:0
[ 7699497ms] [WARNING] The resource https://sniffies.com/assets/images/vm-sprite-120px.jpg was preloaded using link preload but not used within a few seconds from the window's load event. Please make sure it has an appropriate `as` value and it is preloaded intentionally. @ https://sniffies.com/:0
[ 7705231ms] [WARNING] The resource https://sniffies.com/assets/images/vm-sprite-120px.jpg was preloaded using link preload but not used within a few seconds from the window's load event. Please make sure it has an appropriate `as` value and it is preloaded intentionally. @ https://sniffies.com/:0
[ 7733398ms] [WARNING] The resource https://sniffies.com/assets/images/vm-sprite-120px.jpg was preloaded using link preload but not used within a few seconds from the window's load event. Please make sure it has an appropriate `as` value and it is preloaded intentionally. @ https://sniffies.com/:0
[ 7738250ms] [WARNING] The resource https://sniffies.com/assets/images/vm-sprite-120px.jpg was preloaded using link preload but not used within a few seconds from the window's load event. Please make sure it has an appropriate `as` value and it is preloaded intentionally. @ https://sniffies.com/:0
[ 7744496ms] [WARNING] The resource https://sniffies.com/assets/images/vm-sprite-120px.jpg was preloaded using link preload but not used within a few seconds from the window's load event. Please make sure it has an appropriate `as` value and it is preloaded intentionally. @ https://sniffies.com/:0
[ 7756027ms] [WARNING] The resource https://sniffies.com/assets/images/vm-sprite-120px.jpg was preloaded using link preload but not used within a few seconds from the window's load event. Please make sure it has an appropriate `as` value and it is preloaded intentionally. @ https://sniffies.com/:0
[ 7764253ms] [WARNING] The resource https://sniffies.com/assets/images/vm-sprite-120px.jpg was preloaded using link preload but not used within a few seconds from the window's load event. Please make sure it has an appropriate `as` value and it is preloaded intentionally. @ https://sniffies.com/:0
[ 7771366ms] [WARNING] The resource https://sniffies.com/assets/images/vm-sprite-120px.jpg was preloaded using link preload but not used within a few seconds from the window's load event. Please make sure it has an appropriate `as` value and it is preloaded intentionally. @ https://sniffies.com/:0
[ 7774556ms] [WARNING] The resource https://sniffies.com/assets/images/vm-sprite-120px.jpg was preloaded using link preload but not used within a few seconds from the window's load event. Please make sure it has an appropriate `as` value and it is preloaded intentionally. @ https://sniffies.com/:0
[ 7788017ms] [WARNING] The resource https://sniffies.com/assets/images/vm-sprite-120px.jpg was preloaded using link preload but not used within a few seconds from the window's load event. Please make sure it has an appropriate `as` value and it is preloaded intentionally. @ https://sniffies.com/:0
[ 7792207ms] [WARNING] The resource https://sniffies.com/assets/images/vm-sprite-120px.jpg was preloaded using link preload but not used within a few seconds from the window's load event. Please make sure it has an appropriate `as` value and it is preloaded intentionally. @ https://sniffies.com/:0
[ 7809314ms] [WARNING] The resource https://sniffies.com/assets/images/vm-sprite-120px.jpg was preloaded using link preload but not used within a few seconds from the window's load event. Please make sure it has an appropriate `as` value and it is preloaded intentionally. @ https://sniffies.com/:0
[ 7814365ms] [WARNING] The resource https://sniffies.com/assets/images/vm-sprite-120px.jpg was preloaded using link preload but not used within a few seconds from the window's load event. Please make sure it has an appropriate `as` value and it is preloaded intentionally. @ https://sniffies.com/:0
[ 7819046ms] [WARNING] The resource https://sniffies.com/assets/images/vm-sprite-120px.jpg was preloaded using link preload but not used within a few seconds from the window's load event. Please make sure it has an appropriate `as` value and it is preloaded intentionally. @ https://sniffies.com/:0
[ 7825456ms] [WARNING] The resource https://sniffies.com/assets/images/vm-sprite-120px.jpg was preloaded using link preload but not used within a few seconds from the window's load event. Please make sure it has an appropriate `as` value and it is preloaded intentionally. @ https://sniffies.com/:0
[ 7829315ms] [WARNING] The resource https://sniffies.com/assets/images/vm-sprite-120px.jpg was preloaded using link preload but not used within a few seconds from the window's load event. Please make sure it has an appropriate `as` value and it is preloaded intentionally. @ https://sniffies.com/:0
[ 7833804ms] [WARNING] The resource https://sniffies.com/assets/images/vm-sprite-120px.jpg was preloaded using link preload but not used within a few seconds from the window's load event. Please make sure it has an appropriate `as` value and it is preloaded intentionally. @ https://sniffies.com/:0
[ 7842757ms] [WARNING] The resource https://sniffies.com/assets/images/vm-sprite-120px.jpg was preloaded using link preload but not used within a few seconds from the window's load event. Please make sure it has an appropriate `as` value and it is preloaded intentionally. @ https://sniffies.com/:0
[ 7847478ms] [WARNING] The resource https://sniffies.com/assets/images/vm-sprite-120px.jpg was preloaded using link preload but not used within a few seconds from the window's load event. Please make sure it has an appropriate `as` value and it is preloaded intentionally. @ https://sniffies.com/:0
[ 7852835ms] [WARNING] The resource https://sniffies.com/assets/images/vm-sprite-120px.jpg was preloaded using link preload but not used within a few seconds from the window's load event. Please make sure it has an appropriate `as` value and it is preloaded intentionally. @ https://sniffies.com/:0
[ 7856382ms] [WARNING] The resource https://sniffies.com/assets/images/vm-sprite-120px.jpg was preloaded using link preload but not used within a few seconds from the window's load event. Please make sure it has an appropriate `as` value and it is preloaded intentionally. @ https://sniffies.com/:0
[ 7859429ms] [WARNING] The resource https://sniffies.com/assets/images/vm-sprite-120px.jpg was preloaded using link preload but not used within a few seconds from the window's load event. Please make sure it has an appropriate `as` value and it is preloaded intentionally. @ https://sniffies.com/:0
[ 7863123ms] [WARNING] The resource https://sniffies.com/assets/images/vm-sprite-120px.jpg was preloaded using link preload but not used within a few seconds from the window's load event. Please make sure it has an appropriate `as` value and it is preloaded intentionally. @ https://sniffies.com/:0
[ 7884794ms] [WARNING] The resource https://sniffies.com/assets/images/vm-sprite-120px.jpg was preloaded using link preload but not used within a few seconds from the window's load event. Please make sure it has an appropriate `as` value and it is preloaded intentionally. @ https://sniffies.com/:0
[ 7893960ms] [WARNING] The resource https://sniffies.com/assets/images/vm-sprite-120px.jpg was preloaded using link preload but not used within a few seconds from the window's load event. Please make sure it has an appropriate `as` value and it is preloaded intentionally. @ https://sniffies.com/:0
[ 7898394ms] [WARNING] The resource https://sniffies.com/assets/images/vm-sprite-120px.jpg was preloaded using link preload but not used within a few seconds from the window's load event. Please make sure it has an appropriate `as` value and it is preloaded intentionally. @ https://sniffies.com/:0
[ 7905703ms] [WARNING] The resource https://sniffies.com/assets/images/vm-sprite-120px.jpg was preloaded using link preload but not used within a few seconds from the window's load event. Please make sure it has an appropriate `as` value and it is preloaded intentionally. @ https://sniffies.com/:0
[ 7916380ms] [WARNING] The resource https://sniffies.com/assets/images/vm-sprite-120px.jpg was preloaded using link preload but not used within a few seconds from the window's load event. Please make sure it has an appropriate `as` value and it is preloaded intentionally. @ https://sniffies.com/:0
[ 7942116ms] [WARNING] The resource https://sniffies.com/assets/images/vm-sprite-120px.jpg was preloaded using link preload but not used within a few seconds from the window's load event. Please make sure it has an appropriate `as` value and it is preloaded intentionally. @ https://sniffies.com/:0
[ 7947296ms] [WARNING] The resource https://sniffies.com/assets/images/vm-sprite-120px.jpg was preloaded using link preload but not used within a few seconds from the window's load event. Please make sure it has an appropriate `as` value and it is preloaded intentionally. @ https://sniffies.com/:0
[ 7950397ms] [WARNING] The resource https://sniffies.com/assets/images/vm-sprite-120px.jpg was preloaded using link preload but not used within a few seconds from the window's load event. Please make sure it has an appropriate `as` value and it is preloaded intentionally. @ https://sniffies.com/:0
[ 7965534ms] [WARNING] The resource https://sniffies.com/assets/images/vm-sprite-120px.jpg was preloaded using link preload but not used within a few seconds from the window's load event. Please make sure it has an appropriate `as` value and it is preloaded intentionally. @ https://sniffies.com/:0
[ 7976086ms] [WARNING] The resource https://sniffies.com/assets/images/vm-sprite-120px.jpg was preloaded using link preload but not used within a few seconds from the window's load event. Please make sure it has an appropriate `as` value and it is preloaded intentionally. @ https://sniffies.com/:0
[ 7984144ms] [WARNING] The resource https://sniffies.com/assets/images/vm-sprite-120px.jpg was preloaded using link preload but not used within a few seconds from the window's load event. Please make sure it has an appropriate `as` value and it is preloaded intentionally. @ https://sniffies.com/:0
[ 7997178ms] [WARNING] The resource https://sniffies.com/assets/images/vm-sprite-120px.jpg was preloaded using link preload but not used within a few seconds from the window's load event. Please make sure it has an appropriate `as` value and it is preloaded intentionally. @ https://sniffies.com/:0
[ 8005614ms] [WARNING] The resource https://sniffies.com/assets/images/vm-sprite-120px.jpg was preloaded using link preload but not used within a few seconds from the window's load event. Please make sure it has an appropriate `as` value and it is preloaded intentionally. @ https://sniffies.com/:0
[ 8011512ms] [WARNING] The resource https://sniffies.com/assets/images/vm-sprite-120px.jpg was preloaded using link preload but not used within a few seconds from the window's load event. Please make sure it has an appropriate `as` value and it is preloaded intentionally. @ https://sniffies.com/:0
[ 8015568ms] [WARNING] The resource https://sniffies.com/assets/images/vm-sprite-120px.jpg was preloaded using link preload but not used within a few seconds from the window's load event. Please make sure it has an appropriate `as` value and it is preloaded intentionally. @ https://sniffies.com/:0
[ 8027477ms] [WARNING] The resource https://sniffies.com/assets/images/vm-sprite-120px.jpg was preloaded using link preload but not used within a few seconds from the window's load event. Please make sure it has an appropriate `as` value and it is preloaded intentionally. @ https://sniffies.com/:0
[ 8037047ms] [WARNING] The resource https://sniffies.com/assets/images/vm-sprite-120px.jpg was preloaded using link preload but not used within a few seconds from the window's load event. Please make sure it has an appropriate `as` value and it is preloaded intentionally. @ https://sniffies.com/:0
[ 8043045ms] [WARNING] The resource https://sniffies.com/assets/images/vm-sprite-120px.jpg was preloaded using link preload but not used within a few seconds from the window's load event. Please make sure it has an appropriate `as` value and it is preloaded intentionally. @ https://sniffies.com/:0
[ 8046521ms] [WARNING] The resource https://sniffies.com/assets/images/vm-sprite-120px.jpg was preloaded using link preload but not used within a few seconds from the window's load event. Please make sure it has an appropriate `as` value and it is preloaded intentionally. @ https://sniffies.com/:0
[ 8052472ms] [WARNING] The resource https://sniffies.com/assets/images/vm-sprite-120px.jpg was preloaded using link preload but not used within a few seconds from the window's load event. Please make sure it has an appropriate `as` value and it is preloaded intentionally. @ https://sniffies.com/:0
[ 8055968ms] [WARNING] The resource https://sniffies.com/assets/images/vm-sprite-120px.jpg was preloaded using link preload but not used within a few seconds from the window's load event. Please make sure it has an appropriate `as` value and it is preloaded intentionally. @ https://sniffies.com/:0
[ 8067309ms] [WARNING] The resource https://sniffies.com/assets/images/vm-sprite-120px.jpg was preloaded using link preload but not used within a few seconds from the window's load event. Please make sure it has an appropriate `as` value and it is preloaded intentionally. @ https://sniffies.com/:0
[ 8072442ms] [WARNING] The resource https://sniffies.com/assets/images/vm-sprite-120px.jpg was preloaded using link preload but not used within a few seconds from the window's load event. Please make sure it has an appropriate `as` value and it is preloaded intentionally. @ https://sniffies.com/:0
[ 8079690ms] [WARNING] The resource https://sniffies.com/assets/images/vm-sprite-120px.jpg was preloaded using link preload but not used within a few seconds from the window's load event. Please make sure it has an appropriate `as` value and it is preloaded intentionally. @ https://sniffies.com/:0
[ 8093225ms] [WARNING] The resource https://sniffies.com/assets/images/vm-sprite-120px.jpg was preloaded using link preload but not used within a few seconds from the window's load event. Please make sure it has an appropriate `as` value and it is preloaded intentionally. @ https://sniffies.com/:0
[ 8106108ms] [WARNING] The resource https://sniffies.com/assets/images/vm-sprite-120px.jpg was preloaded using link preload but not used within a few seconds from the window's load event. Please make sure it has an appropriate `as` value and it is preloaded intentionally. @ https://sniffies.com/:0
[ 8118524ms] [WARNING] The resource https://sniffies.com/assets/images/vm-sprite-120px.jpg was preloaded using link preload but not used within a few seconds from the window's load event. Please make sure it has an appropriate `as` value and it is preloaded intentionally. @ https://sniffies.com/:0
[ 8123278ms] [WARNING] The resource https://sniffies.com/assets/images/vm-sprite-120px.jpg was preloaded using link preload but not used within a few seconds from the window's load event. Please make sure it has an appropriate `as` value and it is preloaded intentionally. @ https://sniffies.com/:0
[ 8127806ms] [WARNING] The resource https://sniffies.com/assets/images/vm-sprite-120px.jpg was preloaded using link preload but not used within a few seconds from the window's load event. Please make sure it has an appropriate `as` value and it is preloaded intentionally. @ https://sniffies.com/:0
[ 8130808ms] [WARNING] The resource https://sniffies.com/assets/images/vm-sprite-120px.jpg was preloaded using link preload but not used within a few seconds from the window's load event. Please make sure it has an appropriate `as` value and it is preloaded intentionally. @ https://sniffies.com/:0
[ 8140569ms] [WARNING] The resource https://sniffies.com/assets/images/vm-sprite-120px.jpg was preloaded using link preload but not used within a few seconds from the window's load event. Please make sure it has an appropriate `as` value and it is preloaded intentionally. @ https://sniffies.com/:0
[ 8163647ms] [WARNING] The resource https://sniffies.com/assets/images/vm-sprite-120px.jpg was preloaded using link preload but not used within a few seconds from the window's load event. Please make sure it has an appropriate `as` value and it is preloaded intentionally. @ https://sniffies.com/:0
[ 8171153ms] [WARNING] The resource https://sniffies.com/assets/images/vm-sprite-120px.jpg was preloaded using link preload but not used within a few seconds from the window's load event. Please make sure it has an appropriate `as` value and it is preloaded intentionally. @ https://sniffies.com/:0
[ 8179863ms] [WARNING] The resource https://sniffies.com/assets/images/vm-sprite-120px.jpg was preloaded using link preload but not used within a few seconds from the window's load event. Please make sure it has an appropriate `as` value and it is preloaded intentionally. @ https://sniffies.com/:0
[ 8187100ms] [WARNING] The resource https://sniffies.com/assets/images/vm-sprite-120px.jpg was preloaded using link preload but not used within a few seconds from the window's load event. Please make sure it has an appropriate `as` value and it is preloaded intentionally. @ https://sniffies.com/:0
[ 8197671ms] [WARNING] The resource https://sniffies.com/assets/images/vm-sprite-120px.jpg was preloaded using link preload but not used within a few seconds from the window's load event. Please make sure it has an appropriate `as` value and it is preloaded intentionally. @ https://sniffies.com/:0
[ 8208205ms] [WARNING] The resource https://sniffies.com/assets/images/vm-sprite-120px.jpg was preloaded using link preload but not used within a few seconds from the window's load event. Please make sure it has an appropriate `as` value and it is preloaded intentionally. @ https://sniffies.com/:0
[ 8218671ms] [WARNING] The resource https://sniffies.com/assets/images/vm-sprite-120px.jpg was preloaded using link preload but not used within a few seconds from the window's load event. Please make sure it has an appropriate `as` value and it is preloaded intentionally. @ https://sniffies.com/:0
[ 8226322ms] [WARNING] The resource https://sniffies.com/assets/images/vm-sprite-120px.jpg was preloaded using link preload but not used within a few seconds from the window's load event. Please make sure it has an appropriate `as` value and it is preloaded intentionally. @ https://sniffies.com/:0
[ 8231688ms] [WARNING] The resource https://sniffies.com/assets/images/vm-sprite-120px.jpg was preloaded using link preload but not used within a few seconds from the window's load event. Please make sure it has an appropriate `as` value and it is preloaded intentionally. @ https://sniffies.com/:0
[ 8237406ms] [WARNING] The resource https://sniffies.com/assets/images/vm-sprite-120px.jpg was preloaded using link preload but not used within a few seconds from the window's load event. Please make sure it has an appropriate `as` value and it is preloaded intentionally. @ https://sniffies.com/:0
[ 8253067ms] [WARNING] The resource https://sniffies.com/assets/images/vm-sprite-120px.jpg was preloaded using link preload but not used within a few seconds from the window's load event. Please make sure it has an appropriate `as` value and it is preloaded intentionally. @ https://sniffies.com/:0
[ 8259021ms] [WARNING] The resource https://sniffies.com/assets/images/vm-sprite-120px.jpg was preloaded using link preload but not used within a few seconds from the window's load event. Please make sure it has an appropriate `as` value and it is preloaded intentionally. @ https://sniffies.com/:0
[ 8287049ms] [WARNING] The resource https://sniffies.com/assets/images/vm-sprite-120px.jpg was preloaded using link preload but not used within a few seconds from the window's load event. Please make sure it has an appropriate `as` value and it is preloaded intentionally. @ https://sniffies.com/:0
[ 8295779ms] [WARNING] The resource https://sniffies.com/assets/images/vm-sprite-120px.jpg was preloaded using link preload but not used within a few seconds from the window's load event. Please make sure it has an appropriate `as` value and it is preloaded intentionally. @ https://sniffies.com/:0
[ 8310207ms] [WARNING] The resource https://sniffies.com/assets/images/vm-sprite-120px.jpg was preloaded using link preload but not used within a few seconds from the window's load event. Please make sure it has an appropriate `as` value and it is preloaded intentionally. @ https://sniffies.com/:0
[ 8315287ms] [WARNING] The resource https://sniffies.com/assets/images/vm-sprite-120px.jpg was preloaded using link preload but not used within a few seconds from the window's load event. Please make sure it has an appropriate `as` value and it is preloaded intentionally. @ https://sniffies.com/:0
[ 8319425ms] [WARNING] The resource https://sniffies.com/assets/images/vm-sprite-120px.jpg was preloaded using link preload but not used within a few seconds from the window's load event. Please make sure it has an appropriate `as` value and it is preloaded intentionally. @ https://sniffies.com/:0
[ 8338687ms] [WARNING] The resource https://sniffies.com/assets/images/vm-sprite-120px.jpg was preloaded using link preload but not used within a few seconds from the window's load event. Please make sure it has an appropriate `as` value and it is preloaded intentionally. @ https://sniffies.com/:0
[ 8344318ms] [WARNING] The resource https://sniffies.com/assets/images/vm-sprite-120px.jpg was preloaded using link preload but not used within a few seconds from the window's load event. Please make sure it has an appropriate `as` value and it is preloaded intentionally. @ https://sniffies.com/:0
[ 8355545ms] [WARNING] The resource https://sniffies.com/assets/images/vm-sprite-120px.jpg was preloaded using link preload but not used within a few seconds from the window's load event. Please make sure it has an appropriate `as` value and it is preloaded intentionally. @ https://sniffies.com/:0
[ 8363163ms] [WARNING] The resource https://sniffies.com/assets/images/vm-sprite-120px.jpg was preloaded using link preload but not used within a few seconds from the window's load event. Please make sure it has an appropriate `as` value and it is preloaded intentionally. @ https://sniffies.com/:0
[ 8366671ms] [WARNING] The resource https://sniffies.com/assets/images/vm-sprite-120px.jpg was preloaded using link preload but not used within a few seconds from the window's load event. Please make sure it has an appropriate `as` value and it is preloaded intentionally. @ https://sniffies.com/:0
[ 8370809ms] [WARNING] The resource https://sniffies.com/assets/images/vm-sprite-120px.jpg was preloaded using link preload but not used within a few seconds from the window's load event. Please make sure it has an appropriate `as` value and it is preloaded intentionally. @ https://sniffies.com/:0
[ 8379152ms] [WARNING] The resource https://sniffies.com/assets/images/vm-sprite-120px.jpg was preloaded using link preload but not used within a few seconds from the window's load event. Please make sure it has an appropriate `as` value and it is preloaded intentionally. @ https://sniffies.com/:0
[ 8385583ms] [WARNING] The resource https://sniffies.com/assets/images/vm-sprite-120px.jpg was preloaded using link preload but not used within a few seconds from the window's load event. Please make sure it has an appropriate `as` value and it is preloaded intentionally. @ https://sniffies.com/:0
[ 8393768ms] [WARNING] The resource https://sniffies.com/assets/images/vm-sprite-120px.jpg was preloaded using link preload but not used within a few seconds from the window's load event. Please make sure it has an appropriate `as` value and it is preloaded intentionally. @ https://sniffies.com/:0
[ 8397590ms] [WARNING] The resource https://sniffies.com/assets/images/vm-sprite-120px.jpg was preloaded using link preload but not used within a few seconds from the window's load event. Please make sure it has an appropriate `as` value and it is preloaded intentionally. @ https://sniffies.com/:0
[ 8402866ms] [WARNING] The resource https://sniffies.com/assets/images/vm-sprite-120px.jpg was preloaded using link preload but not used within a few seconds from the window's load event. Please make sure it has an appropriate `as` value and it is preloaded intentionally. @ https://sniffies.com/:0
[ 8409338ms] [WARNING] The resource https://sniffies.com/assets/images/vm-sprite-120px.jpg was preloaded using link preload but not used within a few seconds from the window's load event. Please make sure it has an appropriate `as` value and it is preloaded intentionally. @ https://sniffies.com/:0
[ 8413843ms] [WARNING] The resource https://sniffies.com/assets/images/vm-sprite-120px.jpg was preloaded using link preload but not used within a few seconds from the window's load event. Please make sure it has an appropriate `as` value and it is preloaded intentionally. @ https://sniffies.com/:0
[ 8420756ms] [WARNING] The resource https://sniffies.com/assets/images/vm-sprite-120px.jpg was preloaded using link preload but not used within a few seconds from the window's load event. Please make sure it has an appropriate `as` value and it is preloaded intentionally. @ https://sniffies.com/:0
[ 8436371ms] [WARNING] The resource https://sniffies.com/assets/images/vm-sprite-120px.jpg was preloaded using link preload but not used within a few seconds from the window's load event. Please make sure it has an appropriate `as` value and it is preloaded intentionally. @ https://sniffies.com/:0
[ 8439877ms] [WARNING] The resource https://sniffies.com/assets/images/vm-sprite-120px.jpg was preloaded using link preload but not used within a few seconds from the window's load event. Please make sure it has an appropriate `as` value and it is preloaded intentionally. @ https://sniffies.com/:0
[ 8455048ms] [WARNING] The resource https://sniffies.com/assets/images/vm-sprite-120px.jpg was preloaded using link preload but not used within a few seconds from the window's load event. Please make sure it has an appropriate `as` value and it is preloaded intentionally. @ https://sniffies.com/:0
[ 8465648ms] [WARNING] The resource https://sniffies.com/assets/images/vm-sprite-120px.jpg was preloaded using link preload but not used within a few seconds from the window's load event. Please make sure it has an appropriate `as` value and it is preloaded intentionally. @ https://sniffies.com/:0
[ 8470631ms] [WARNING] The resource https://sniffies.com/assets/images/vm-sprite-120px.jpg was preloaded using link preload but not used within a few seconds from the window's load event. Please make sure it has an appropriate `as` value and it is preloaded intentionally. @ https://sniffies.com/:0
[ 8476912ms] [WARNING] The resource https://sniffies.com/assets/images/vm-sprite-120px.jpg was preloaded using link preload but not used within a few seconds from the window's load event. Please make sure it has an appropriate `as` value and it is preloaded intentionally. @ https://sniffies.com/:0
[ 8484092ms] [WARNING] The resource https://sniffies.com/assets/images/vm-sprite-120px.jpg was preloaded using link preload but not used within a few seconds from the window's load event. Please make sure it has an appropriate `as` value and it is preloaded intentionally. @ https://sniffies.com/:0
[ 8493779ms] [WARNING] The resource https://sniffies.com/assets/images/vm-sprite-120px.jpg was preloaded using link preload but not used within a few seconds from the window's load event. Please make sure it has an appropriate `as` value and it is preloaded intentionally. @ https://sniffies.com/:0
[ 8501299ms] [WARNING] The resource https://sniffies.com/assets/images/vm-sprite-120px.jpg was preloaded using link preload but not used within a few seconds from the window's load event. Please make sure it has an appropriate `as` value and it is preloaded intentionally. @ https://sniffies.com/:0
[ 8505718ms] [WARNING] The resource https://sniffies.com/assets/images/vm-sprite-120px.jpg was preloaded using link preload but not used within a few seconds from the window's load event. Please make sure it has an appropriate `as` value and it is preloaded intentionally. @ https://sniffies.com/:0
[ 8519421ms] [WARNING] The resource https://sniffies.com/assets/images/vm-sprite-120px.jpg was preloaded using link preload but not used within a few seconds from the window's load event. Please make sure it has an appropriate `as` value and it is preloaded intentionally. @ https://sniffies.com/:0
[ 8531639ms] [WARNING] The resource https://sniffies.com/assets/images/vm-sprite-120px.jpg was preloaded using link preload but not used within a few seconds from the window's load event. Please make sure it has an appropriate `as` value and it is preloaded intentionally. @ https://sniffies.com/:0
[ 8540515ms] [WARNING] The resource https://sniffies.com/assets/images/vm-sprite-120px.jpg was preloaded using link preload but not used within a few seconds from the window's load event. Please make sure it has an appropriate `as` value and it is preloaded intentionally. @ https://sniffies.com/:0
[ 8547056ms] [WARNING] The resource https://sniffies.com/assets/images/vm-sprite-120px.jpg was preloaded using link preload but not used within a few seconds from the window's load event. Please make sure it has an appropriate `as` value and it is preloaded intentionally. @ https://sniffies.com/:0
[ 8559353ms] [WARNING] The resource https://sniffies.com/assets/images/vm-sprite-120px.jpg was preloaded using link preload but not used within a few seconds from the window's load event. Please make sure it has an appropriate `as` value and it is preloaded intentionally. @ https://sniffies.com/:0
[ 8564468ms] [WARNING] The resource https://sniffies.com/assets/images/vm-sprite-120px.jpg was preloaded using link preload but not used within a few seconds from the window's load event. Please make sure it has an appropriate `as` value and it is preloaded intentionally. @ https://sniffies.com/:0
[ 8567932ms] [WARNING] The resource https://sniffies.com/assets/images/vm-sprite-120px.jpg was preloaded using link preload but not used within a few seconds from the window's load event. Please make sure it has an appropriate `as` value and it is preloaded intentionally. @ https://sniffies.com/:0
[ 8572657ms] [WARNING] The resource https://sniffies.com/assets/images/vm-sprite-120px.jpg was preloaded using link preload but not used within a few seconds from the window's load event. Please make sure it has an appropriate `as` value and it is preloaded intentionally. @ https://sniffies.com/:0
[ 8577856ms] [WARNING] The resource https://sniffies.com/assets/images/vm-sprite-120px.jpg was preloaded using link preload but not used within a few seconds from the window's load event. Please make sure it has an appropriate `as` value and it is preloaded intentionally. @ https://sniffies.com/:0
[ 8585062ms] [WARNING] The resource https://sniffies.com/assets/images/vm-sprite-120px.jpg was preloaded using link preload but not used within a few seconds from the window's load event. Please make sure it has an appropriate `as` value and it is preloaded intentionally. @ https://sniffies.com/:0
[ 8594259ms] [WARNING] The resource https://sniffies.com/assets/images/vm-sprite-120px.jpg was preloaded using link preload but not used within a few seconds from the window's load event. Please make sure it has an appropriate `as` value and it is preloaded intentionally. @ https://sniffies.com/:0
[ 8604815ms] [WARNING] The resource https://sniffies.com/assets/images/vm-sprite-120px.jpg was preloaded using link preload but not used within a few seconds from the window's load event. Please make sure it has an appropriate `as` value and it is preloaded intentionally. @ https://sniffies.com/:0
[ 8614171ms] [WARNING] The resource https://sniffies.com/assets/images/vm-sprite-120px.jpg was preloaded using link preload but not used within a few seconds from the window's load event. Please make sure it has an appropriate `as` value and it is preloaded intentionally. @ https://sniffies.com/:0
[ 8623655ms] [WARNING] The resource https://sniffies.com/assets/images/vm-sprite-120px.jpg was preloaded using link preload but not used within a few seconds from the window's load event. Please make sure it has an appropriate `as` value and it is preloaded intentionally. @ https://sniffies.com/:0
[ 8632748ms] [WARNING] The resource https://sniffies.com/assets/images/vm-sprite-120px.jpg was preloaded using link preload but not used within a few seconds from the window's load event. Please make sure it has an appropriate `as` value and it is preloaded intentionally. @ https://sniffies.com/:0
[ 8639132ms] [WARNING] The resource https://sniffies.com/assets/images/vm-sprite-120px.jpg was preloaded using link preload but not used within a few seconds from the window's load event. Please make sure it has an appropriate `as` value and it is preloaded intentionally. @ https://sniffies.com/:0
[ 8643726ms] [WARNING] The resource https://sniffies.com/assets/images/vm-sprite-120px.jpg was preloaded using link preload but not used within a few seconds from the window's load event. Please make sure it has an appropriate `as` value and it is preloaded intentionally. @ https://sniffies.com/:0
[ 8647625ms] [WARNING] The resource https://sniffies.com/assets/images/vm-sprite-120px.jpg was preloaded using link preload but not used within a few seconds from the window's load event. Please make sure it has an appropriate `as` value and it is preloaded intentionally. @ https://sniffies.com/:0
[ 8654241ms] [WARNING] The resource https://sniffies.com/assets/images/vm-sprite-120px.jpg was preloaded using link preload but not used within a few seconds from the window's load event. Please make sure it has an appropriate `as` value and it is preloaded intentionally. @ https://sniffies.com/:0
[ 8664942ms] [WARNING] The resource https://sniffies.com/assets/images/vm-sprite-120px.jpg was preloaded using link preload but not used within a few seconds from the window's load event. Please make sure it has an appropriate `as` value and it is preloaded intentionally. @ https://sniffies.com/:0
[ 8680014ms] [WARNING] The resource https://sniffies.com/assets/images/vm-sprite-120px.jpg was preloaded using link preload but not used within a few seconds from the window's load event. Please make sure it has an appropriate `as` value and it is preloaded intentionally. @ https://sniffies.com/:0
[ 8688958ms] [WARNING] The resource https://sniffies.com/assets/images/vm-sprite-120px.jpg was preloaded using link preload but not used within a few seconds from the window's load event. Please make sure it has an appropriate `as` value and it is preloaded intentionally. @ https://sniffies.com/:0
[ 8706817ms] [WARNING] The resource https://sniffies.com/assets/images/vm-sprite-120px.jpg was preloaded using link preload but not used within a few seconds from the window's load event. Please make sure it has an appropriate `as` value and it is preloaded intentionally. @ https://sniffies.com/:0
[ 8713345ms] [WARNING] The resource https://sniffies.com/assets/images/vm-sprite-120px.jpg was preloaded using link preload but not used within a few seconds from the window's load event. Please make sure it has an appropriate `as` value and it is preloaded intentionally. @ https://sniffies.com/:0
[ 8718143ms] [WARNING] The resource https://sniffies.com/assets/images/vm-sprite-120px.jpg was preloaded using link preload but not used within a few seconds from the window's load event. Please make sure it has an appropriate `as` value and it is preloaded intentionally. @ https://sniffies.com/:0
[ 8721650ms] [WARNING] The resource https://sniffies.com/assets/images/vm-sprite-120px.jpg was preloaded using link preload but not used within a few seconds from the window's load event. Please make sure it has an appropriate `as` value and it is preloaded intentionally. @ https://sniffies.com/:0
[ 8727917ms] [WARNING] The resource https://sniffies.com/assets/images/vm-sprite-120px.jpg was preloaded using link preload but not used within a few seconds from the window's load event. Please make sure it has an appropriate `as` value and it is preloaded intentionally. @ https://sniffies.com/:0
[ 8732602ms] [WARNING] The resource https://sniffies.com/assets/images/vm-sprite-120px.jpg was preloaded using link preload but not used within a few seconds from the window's load event. Please make sure it has an appropriate `as` value and it is preloaded intentionally. @ https://sniffies.com/:0
[ 8741883ms] [WARNING] The resource https://sniffies.com/assets/images/vm-sprite-120px.jpg was preloaded using link preload but not used within a few seconds from the window's load event. Please make sure it has an appropriate `as` value and it is preloaded intentionally. @ https://sniffies.com/:0
[ 8746735ms] [WARNING] The resource https://sniffies.com/assets/images/vm-sprite-120px.jpg was preloaded using link preload but not used within a few seconds from the window's load event. Please make sure it has an appropriate `as` value and it is preloaded intentionally. @ https://sniffies.com/:0
[ 8750068ms] [WARNING] The resource https://sniffies.com/assets/images/vm-sprite-120px.jpg was preloaded using link preload but not used within a few seconds from the window's load event. Please make sure it has an appropriate `as` value and it is preloaded intentionally. @ https://sniffies.com/:0
[ 8760678ms] [WARNING] The resource https://sniffies.com/assets/images/vm-sprite-120px.jpg was preloaded using link preload but not used within a few seconds from the window's load event. Please make sure it has an appropriate `as` value and it is preloaded intentionally. @ https://sniffies.com/:0
[ 8774706ms] [WARNING] The resource https://sniffies.com/assets/images/vm-sprite-120px.jpg was preloaded using link preload but not used within a few seconds from the window's load event. Please make sure it has an appropriate `as` value and it is preloaded intentionally. @ https://sniffies.com/:0
[ 8778077ms] [WARNING] The resource https://sniffies.com/assets/images/vm-sprite-120px.jpg was preloaded using link preload but not used within a few seconds from the window's load event. Please make sure it has an appropriate `as` value and it is preloaded intentionally. @ https://sniffies.com/:0
[ 8783772ms] [WARNING] The resource https://sniffies.com/assets/images/vm-sprite-120px.jpg was preloaded using link preload but not used within a few seconds from the window's load event. Please make sure it has an appropriate `as` value and it is preloaded intentionally. @ https://sniffies.com/:0
[ 8794209ms] [WARNING] The resource https://sniffies.com/assets/images/vm-sprite-120px.jpg was preloaded using link preload but not used within a few seconds from the window's load event. Please make sure it has an appropriate `as` value and it is preloaded intentionally. @ https://sniffies.com/:0
[ 8811472ms] [WARNING] The resource https://sniffies.com/assets/images/vm-sprite-120px.jpg was preloaded using link preload but not used within a few seconds from the window's load event. Please make sure it has an appropriate `as` value and it is preloaded intentionally. @ https://sniffies.com/:0
[ 8818736ms] [WARNING] The resource https://sniffies.com/assets/images/vm-sprite-120px.jpg was preloaded using link preload but not used within a few seconds from the window's load event. Please make sure it has an appropriate `as` value and it is preloaded intentionally. @ https://sniffies.com/:0
[ 8827723ms] [WARNING] The resource https://sniffies.com/assets/images/vm-sprite-120px.jpg was preloaded using link preload but not used within a few seconds from the window's load event. Please make sure it has an appropriate `as` value and it is preloaded intentionally. @ https://sniffies.com/:0
[ 8833807ms] [WARNING] The resource https://sniffies.com/assets/images/vm-sprite-120px.jpg was preloaded using link preload but not used within a few seconds from the window's load event. Please make sure it has an appropriate `as` value and it is preloaded intentionally. @ https://sniffies.com/:0
[ 8839254ms] [WARNING] The resource https://sniffies.com/assets/images/vm-sprite-120px.jpg was preloaded using link preload but not used within a few seconds from the window's load event. Please make sure it has an appropriate `as` value and it is preloaded intentionally. @ https://sniffies.com/:0
[ 8844365ms] [WARNING] The resource https://sniffies.com/assets/images/vm-sprite-120px.jpg was preloaded using link preload but not used within a few seconds from the window's load event. Please make sure it has an appropriate `as` value and it is preloaded intentionally. @ https://sniffies.com/:0
[ 8854068ms] [WARNING] The resource https://sniffies.com/assets/images/vm-sprite-120px.jpg was preloaded using link preload but not used within a few seconds from the window's load event. Please make sure it has an appropriate `as` value and it is preloaded intentionally. @ https://sniffies.com/:0
[ 8857633ms] [WARNING] The resource https://sniffies.com/assets/images/vm-sprite-120px.jpg was preloaded using link preload but not used within a few seconds from the window's load event. Please make sure it has an appropriate `as` value and it is preloaded intentionally. @ https://sniffies.com/:0
[ 8861458ms] [WARNING] The resource https://sniffies.com/assets/images/vm-sprite-120px.jpg was preloaded using link preload but not used within a few seconds from the window's load event. Please make sure it has an appropriate `as` value and it is preloaded intentionally. @ https://sniffies.com/:0
[ 8864853ms] [WARNING] The resource https://sniffies.com/assets/images/vm-sprite-120px.jpg was preloaded using link preload but not used within a few seconds from the window's load event. Please make sure it has an appropriate `as` value and it is preloaded intentionally. @ https://sniffies.com/:0
[ 8868169ms] [WARNING] The resource https://sniffies.com/assets/images/vm-sprite-120px.jpg was preloaded using link preload but not used within a few seconds from the window's load event. Please make sure it has an appropriate `as` value and it is preloaded intentionally. @ https://sniffies.com/:0
[ 8875116ms] [WARNING] The resource https://sniffies.com/assets/images/vm-sprite-120px.jpg was preloaded using link preload but not used within a few seconds from the window's load event. Please make sure it has an appropriate `as` value and it is preloaded intentionally. @ https://sniffies.com/:0
[ 8883259ms] [WARNING] The resource https://sniffies.com/assets/images/vm-sprite-120px.jpg was preloaded using link preload but not used within a few seconds from the window's load event. Please make sure it has an appropriate `as` value and it is preloaded intentionally. @ https://sniffies.com/:0
[ 8886673ms] [WARNING] The resource https://sniffies.com/assets/images/vm-sprite-120px.jpg was preloaded using link preload but not used within a few seconds from the window's load event. Please make sure it has an appropriate `as` value and it is preloaded intentionally. @ https://sniffies.com/:0
[ 8897101ms] [WARNING] The resource https://sniffies.com/assets/images/vm-sprite-120px.jpg was preloaded using link preload but not used within a few seconds from the window's load event. Please make sure it has an appropriate `as` value and it is preloaded intentionally. @ https://sniffies.com/:0
[ 8904755ms] [WARNING] The resource https://sniffies.com/assets/images/vm-sprite-120px.jpg was preloaded using link preload but not used within a few seconds from the window's load event. Please make sure it has an appropriate `as` value and it is preloaded intentionally. @ https://sniffies.com/:0
[ 8910900ms] [WARNING] The resource https://sniffies.com/assets/images/vm-sprite-120px.jpg was preloaded using link preload but not used within a few seconds from the window's load event. Please make sure it has an appropriate `as` value and it is preloaded intentionally. @ https://sniffies.com/:0
[ 8922694ms] [WARNING] The resource https://sniffies.com/assets/images/vm-sprite-120px.jpg was preloaded using link preload but not used within a few seconds from the window's load event. Please make sure it has an appropriate `as` value and it is preloaded intentionally. @ https://sniffies.com/:0
[ 8931706ms] [WARNING] The resource https://sniffies.com/assets/images/vm-sprite-120px.jpg was preloaded using link preload but not used within a few seconds from the window's load event. Please make sure it has an appropriate `as` value and it is preloaded intentionally. @ https://sniffies.com/:0
[ 8934817ms] [WARNING] The resource https://sniffies.com/assets/images/vm-sprite-120px.jpg was preloaded using link preload but not used within a few seconds from the window's load event. Please make sure it has an appropriate `as` value and it is preloaded intentionally. @ https://sniffies.com/:0
[ 8944382ms] [WARNING] The resource https://sniffies.com/assets/images/vm-sprite-120px.jpg was preloaded using link preload but not used within a few seconds from the window's load event. Please make sure it has an appropriate `as` value and it is preloaded intentionally. @ https://sniffies.com/:0
[ 8958753ms] [WARNING] The resource https://sniffies.com/assets/images/vm-sprite-120px.jpg was preloaded using link preload but not used within a few seconds from the window's load event. Please make sure it has an appropriate `as` value and it is preloaded intentionally. @ https://sniffies.com/:0
[ 8963021ms] [WARNING] The resource https://sniffies.com/assets/images/vm-sprite-120px.jpg was preloaded using link preload but not used within a few seconds from the window's load event. Please make sure it has an appropriate `as` value and it is preloaded intentionally. @ https://sniffies.com/:0
[ 8967897ms] [WARNING] The resource https://sniffies.com/assets/images/vm-sprite-120px.jpg was preloaded using link preload but not used within a few seconds from the window's load event. Please make sure it has an appropriate `as` value and it is preloaded intentionally. @ https://sniffies.com/:0
[ 8986303ms] [WARNING] The resource https://sniffies.com/assets/images/vm-sprite-120px.jpg was preloaded using link preload but not used within a few seconds from the window's load event. Please make sure it has an appropriate `as` value and it is preloaded intentionally. @ https://sniffies.com/:0
[ 8989934ms] [WARNING] The resource https://sniffies.com/assets/images/vm-sprite-120px.jpg was preloaded using link preload but not used within a few seconds from the window's load event. Please make sure it has an appropriate `as` value and it is preloaded intentionally. @ https://sniffies.com/:0
[ 8998141ms] [WARNING] The resource https://sniffies.com/assets/images/vm-sprite-120px.jpg was preloaded using link preload but not used within a few seconds from the window's load event. Please make sure it has an appropriate `as` value and it is preloaded intentionally. @ https://sniffies.com/:0
[ 9016717ms] [WARNING] The resource https://sniffies.com/assets/images/vm-sprite-120px.jpg was preloaded using link preload but not used within a few seconds from the window's load event. Please make sure it has an appropriate `as` value and it is preloaded intentionally. @ https://sniffies.com/:0
[ 9022553ms] [WARNING] The resource https://sniffies.com/assets/images/vm-sprite-120px.jpg was preloaded using link preload but not used within a few seconds from the window's load event. Please make sure it has an appropriate `as` value and it is preloaded intentionally. @ https://sniffies.com/:0
[ 9047023ms] [WARNING] The resource https://sniffies.com/assets/images/vm-sprite-120px.jpg was preloaded using link preload but not used within a few seconds from the window's load event. Please make sure it has an appropriate `as` value and it is preloaded intentionally. @ https://sniffies.com/:0
[ 9054606ms] [WARNING] The resource https://sniffies.com/assets/images/vm-sprite-120px.jpg was preloaded using link preload but not used within a few seconds from the window's load event. Please make sure it has an appropriate `as` value and it is preloaded intentionally. @ https://sniffies.com/:0
[ 9062855ms] [WARNING] The resource https://sniffies.com/assets/images/vm-sprite-120px.jpg was preloaded using link preload but not used within a few seconds from the window's load event. Please make sure it has an appropriate `as` value and it is preloaded intentionally. @ https://sniffies.com/:0
[ 9069712ms] [WARNING] The resource https://sniffies.com/assets/images/vm-sprite-120px.jpg was preloaded using link preload but not used within a few seconds from the window's load event. Please make sure it has an appropriate `as` value and it is preloaded intentionally. @ https://sniffies.com/:0
[ 9079793ms] [WARNING] The resource https://sniffies.com/assets/images/vm-sprite-120px.jpg was preloaded using link preload but not used within a few seconds from the window's load event. Please make sure it has an appropriate `as` value and it is preloaded intentionally. @ https://sniffies.com/:0
[ 9090029ms] [WARNING] The resource https://sniffies.com/assets/images/vm-sprite-120px.jpg was preloaded using link preload but not used within a few seconds from the window's load event. Please make sure it has an appropriate `as` value and it is preloaded intentionally. @ https://sniffies.com/:0
[ 9095101ms] [WARNING] The resource https://sniffies.com/assets/images/vm-sprite-120px.jpg was preloaded using link preload but not used within a few seconds from the window's load event. Please make sure it has an appropriate `as` value and it is preloaded intentionally. @ https://sniffies.com/:0
[ 9105092ms] [WARNING] The resource https://sniffies.com/assets/images/vm-sprite-120px.jpg was preloaded using link preload but not used within a few seconds from the window's load event. Please make sure it has an appropriate `as` value and it is preloaded intentionally. @ https://sniffies.com/:0
[ 9109593ms] [WARNING] The resource https://sniffies.com/assets/images/vm-sprite-120px.jpg was preloaded using link preload but not used within a few seconds from the window's load event. Please make sure it has an appropriate `as` value and it is preloaded intentionally. @ https://sniffies.com/:0
[ 9118606ms] [WARNING] The resource https://sniffies.com/assets/images/vm-sprite-120px.jpg was preloaded using link preload but not used within a few seconds from the window's load event. Please make sure it has an appropriate `as` value and it is preloaded intentionally. @ https://sniffies.com/:0
[ 9125875ms] [WARNING] The resource https://sniffies.com/assets/images/vm-sprite-120px.jpg was preloaded using link preload but not used within a few seconds from the window's load event. Please make sure it has an appropriate `as` value and it is preloaded intentionally. @ https://sniffies.com/:0
[ 9136018ms] [WARNING] The resource https://sniffies.com/assets/images/vm-sprite-120px.jpg was preloaded using link preload but not used within a few seconds from the window's load event. Please make sure it has an appropriate `as` value and it is preloaded intentionally. @ https://sniffies.com/:0
[ 9145215ms] [WARNING] The resource https://sniffies.com/assets/images/vm-sprite-120px.jpg was preloaded using link preload but not used within a few seconds from the window's load event. Please make sure it has an appropriate `as` value and it is preloaded intentionally. @ https://sniffies.com/:0
[ 9154066ms] [WARNING] The resource https://sniffies.com/assets/images/vm-sprite-120px.jpg was preloaded using link preload but not used within a few seconds from the window's load event. Please make sure it has an appropriate `as` value and it is preloaded intentionally. @ https://sniffies.com/:0
[ 9164674ms] [WARNING] The resource https://sniffies.com/assets/images/vm-sprite-120px.jpg was preloaded using link preload but not used within a few seconds from the window's load event. Please make sure it has an appropriate `as` value and it is preloaded intentionally. @ https://sniffies.com/:0
[ 9172805ms] [WARNING] The resource https://sniffies.com/assets/images/vm-sprite-120px.jpg was preloaded using link preload but not used within a few seconds from the window's load event. Please make sure it has an appropriate `as` value and it is preloaded intentionally. @ https://sniffies.com/:0
[ 9175940ms] [WARNING] The resource https://sniffies.com/assets/images/vm-sprite-120px.jpg was preloaded using link preload but not used within a few seconds from the window's load event. Please make sure it has an appropriate `as` value and it is preloaded intentionally. @ https://sniffies.com/:0
[ 9191506ms] [WARNING] The resource https://sniffies.com/assets/images/vm-sprite-120px.jpg was preloaded using link preload but not used within a few seconds from the window's load event. Please make sure it has an appropriate `as` value and it is preloaded intentionally. @ https://sniffies.com/:0
[ 9197825ms] [WARNING] The resource https://sniffies.com/assets/images/vm-sprite-120px.jpg was preloaded using link preload but not used within a few seconds from the window's load event. Please make sure it has an appropriate `as` value and it is preloaded intentionally. @ https://sniffies.com/:0
[ 9204848ms] [WARNING] The resource https://sniffies.com/assets/images/vm-sprite-120px.jpg was preloaded using link preload but not used within a few seconds from the window's load event. Please make sure it has an appropriate `as` value and it is preloaded intentionally. @ https://sniffies.com/:0
[ 9211184ms] [WARNING] The resource https://sniffies.com/assets/images/vm-sprite-120px.jpg was preloaded using link preload but not used within a few seconds from the window's load event. Please make sure it has an appropriate `as` value and it is preloaded intentionally. @ https://sniffies.com/:0
[ 9214239ms] [WARNING] The resource https://sniffies.com/assets/images/vm-sprite-120px.jpg was preloaded using link preload but not used within a few seconds from the window's load event. Please make sure it has an appropriate `as` value and it is preloaded intentionally. @ https://sniffies.com/:0
[ 9225840ms] [WARNING] The resource https://sniffies.com/assets/images/vm-sprite-120px.jpg was preloaded using link preload but not used within a few seconds from the window's load event. Please make sure it has an appropriate `as` value and it is preloaded intentionally. @ https://sniffies.com/:0
[ 9229860ms] [WARNING] The resource https://sniffies.com/assets/images/vm-sprite-120px.jpg was preloaded using link preload but not used within a few seconds from the window's load event. Please make sure it has an appropriate `as` value and it is preloaded intentionally. @ https://sniffies.com/:0
[ 9236084ms] [WARNING] The resource https://sniffies.com/assets/images/vm-sprite-120px.jpg was preloaded using link preload but not used within a few seconds from the window's load event. Please make sure it has an appropriate `as` value and it is preloaded intentionally. @ https://sniffies.com/:0
[ 9240468ms] [WARNING] The resource https://sniffies.com/assets/images/vm-sprite-120px.jpg was preloaded using link preload but not used within a few seconds from the window's load event. Please make sure it has an appropriate `as` value and it is preloaded intentionally. @ https://sniffies.com/:0
[ 9249853ms] [WARNING] The resource https://sniffies.com/assets/images/vm-sprite-120px.jpg was preloaded using link preload but not used within a few seconds from the window's load event. Please make sure it has an appropriate `as` value and it is preloaded intentionally. @ https://sniffies.com/:0
[ 9263048ms] [WARNING] The resource https://sniffies.com/assets/images/vm-sprite-120px.jpg was preloaded using link preload but not used within a few seconds from the window's load event. Please make sure it has an appropriate `as` value and it is preloaded intentionally. @ https://sniffies.com/:0
[ 9273369ms] [WARNING] The resource https://sniffies.com/assets/images/vm-sprite-120px.jpg was preloaded using link preload but not used within a few seconds from the window's load event. Please make sure it has an appropriate `as` value and it is preloaded intentionally. @ https://sniffies.com/:0
[ 9296901ms] [WARNING] The resource https://sniffies.com/assets/images/vm-sprite-120px.jpg was preloaded using link preload but not used within a few seconds from the window's load event. Please make sure it has an appropriate `as` value and it is preloaded intentionally. @ https://sniffies.com/:0
[ 9302836ms] [WARNING] The resource https://sniffies.com/assets/images/vm-sprite-120px.jpg was preloaded using link preload but not used within a few seconds from the window's load event. Please make sure it has an appropriate `as` value and it is preloaded intentionally. @ https://sniffies.com/:0
[ 9313162ms] [WARNING] The resource https://sniffies.com/assets/images/vm-sprite-120px.jpg was preloaded using link preload but not used within a few seconds from the window's load event. Please make sure it has an appropriate `as` value and it is preloaded intentionally. @ https://sniffies.com/:0
[ 9327284ms] [WARNING] The resource https://sniffies.com/assets/images/vm-sprite-120px.jpg was preloaded using link preload but not used within a few seconds from the window's load event. Please make sure it has an appropriate `as` value and it is preloaded intentionally. @ https://sniffies.com/:0
[ 9333565ms] [WARNING] The resource https://sniffies.com/assets/images/vm-sprite-120px.jpg was preloaded using link preload but not used within a few seconds from the window's load event. Please make sure it has an appropriate `as` value and it is preloaded intentionally. @ https://sniffies.com/:0
[ 9338858ms] [WARNING] The resource https://sniffies.com/assets/images/vm-sprite-120px.jpg was preloaded using link preload but not used within a few seconds from the window's load event. Please make sure it has an appropriate `as` value and it is preloaded intentionally. @ https://sniffies.com/:0
[ 9346497ms] [WARNING] The resource https://sniffies.com/assets/images/vm-sprite-120px.jpg was preloaded using link preload but not used within a few seconds from the window's load event. Please make sure it has an appropriate `as` value and it is preloaded intentionally. @ https://sniffies.com/:0
[ 9351064ms] [WARNING] The resource https://sniffies.com/assets/images/vm-sprite-120px.jpg was preloaded using link preload but not used within a few seconds from the window's load event. Please make sure it has an appropriate `as` value and it is preloaded intentionally. @ https://sniffies.com/:0
[ 9359224ms] [WARNING] The resource https://sniffies.com/assets/images/vm-sprite-120px.jpg was preloaded using link preload but not used within a few seconds from the window's load event. Please make sure it has an appropriate `as` value and it is preloaded intentionally. @ https://sniffies.com/:0
[ 9369485ms] [WARNING] The resource https://sniffies.com/assets/images/vm-sprite-120px.jpg was preloaded using link preload but not used within a few seconds from the window's load event. Please make sure it has an appropriate `as` value and it is preloaded intentionally. @ https://sniffies.com/:0
[ 9375425ms] [WARNING] The resource https://sniffies.com/assets/images/vm-sprite-120px.jpg was preloaded using link preload but not used within a few seconds from the window's load event. Please make sure it has an appropriate `as` value and it is preloaded intentionally. @ https://sniffies.com/:0
[ 9385000ms] [WARNING] The resource https://sniffies.com/assets/images/vm-sprite-120px.jpg was preloaded using link preload but not used within a few seconds from the window's load event. Please make sure it has an appropriate `as` value and it is preloaded intentionally. @ https://sniffies.com/:0
[ 9392310ms] [WARNING] The resource https://sniffies.com/assets/images/vm-sprite-120px.jpg was preloaded using link preload but not used within a few seconds from the window's load event. Please make sure it has an appropriate `as` value and it is preloaded intentionally. @ https://sniffies.com/:0
[ 9395571ms] [WARNING] The resource https://sniffies.com/assets/images/vm-sprite-120px.jpg was preloaded using link preload but not used within a few seconds from the window's load event. Please make sure it has an appropriate `as` value and it is preloaded intentionally. @ https://sniffies.com/:0
[ 9416948ms] [WARNING] The resource https://sniffies.com/assets/images/vm-sprite-120px.jpg was preloaded using link preload but not used within a few seconds from the window's load event. Please make sure it has an appropriate `as` value and it is preloaded intentionally. @ https://sniffies.com/:0
[ 9437607ms] [WARNING] The resource https://sniffies.com/assets/images/vm-sprite-120px.jpg was preloaded using link preload but not used within a few seconds from the window's load event. Please make sure it has an appropriate `as` value and it is preloaded intentionally. @ https://sniffies.com/:0
[ 9442946ms] [WARNING] The resource https://sniffies.com/assets/images/vm-sprite-120px.jpg was preloaded using link preload but not used within a few seconds from the window's load event. Please make sure it has an appropriate `as` value and it is preloaded intentionally. @ https://sniffies.com/:0
[ 9448867ms] [WARNING] The resource https://sniffies.com/assets/images/vm-sprite-120px.jpg was preloaded using link preload but not used within a few seconds from the window's load event. Please make sure it has an appropriate `as` value and it is preloaded intentionally. @ https://sniffies.com/:0
[ 9453001ms] [WARNING] The resource https://sniffies.com/assets/images/vm-sprite-120px.jpg was preloaded using link preload but not used within a few seconds from the window's load event. Please make sure it has an appropriate `as` value and it is preloaded intentionally. @ https://sniffies.com/:0
[ 9483551ms] [WARNING] The resource https://sniffies.com/assets/images/vm-sprite-120px.jpg was preloaded using link preload but not used within a few seconds from the window's load event. Please make sure it has an appropriate `as` value and it is preloaded intentionally. @ https://sniffies.com/:0
[ 9490214ms] [WARNING] The resource https://sniffies.com/assets/images/vm-sprite-120px.jpg was preloaded using link preload but not used within a few seconds from the window's load event. Please make sure it has an appropriate `as` value and it is preloaded intentionally. @ https://sniffies.com/:0
[ 9500675ms] [WARNING] The resource https://sniffies.com/assets/images/vm-sprite-120px.jpg was preloaded using link preload but not used within a few seconds from the window's load event. Please make sure it has an appropriate `as` value and it is preloaded intentionally. @ https://sniffies.com/:0
[ 9507809ms] [WARNING] The resource https://sniffies.com/assets/images/vm-sprite-120px.jpg was preloaded using link preload but not used within a few seconds from the window's load event. Please make sure it has an appropriate `as` value and it is preloaded intentionally. @ https://sniffies.com/:0
[ 9520593ms] [WARNING] The resource https://sniffies.com/assets/images/vm-sprite-120px.jpg was preloaded using link preload but not used within a few seconds from the window's load event. Please make sure it has an appropriate `as` value and it is preloaded intentionally. @ https://sniffies.com/:0
[ 9524801ms] [WARNING] The resource https://sniffies.com/assets/images/vm-sprite-120px.jpg was preloaded using link preload but not used within a few seconds from the window's load event. Please make sure it has an appropriate `as` value and it is preloaded intentionally. @ https://sniffies.com/:0
[ 9530037ms] [WARNING] The resource https://sniffies.com/assets/images/vm-sprite-120px.jpg was preloaded using link preload but not used within a few seconds from the window's load event. Please make sure it has an appropriate `as` value and it is preloaded intentionally. @ https://sniffies.com/:0
[ 9536649ms] [WARNING] The resource https://sniffies.com/assets/images/vm-sprite-120px.jpg was preloaded using link preload but not used within a few seconds from the window's load event. Please make sure it has an appropriate `as` value and it is preloaded intentionally. @ https://sniffies.com/:0
[ 9553149ms] [WARNING] The resource https://sniffies.com/assets/images/vm-sprite-120px.jpg was preloaded using link preload but not used within a few seconds from the window's load event. Please make sure it has an appropriate `as` value and it is preloaded intentionally. @ https://sniffies.com/:0
[ 9559013ms] [WARNING] The resource https://sniffies.com/assets/images/vm-sprite-120px.jpg was preloaded using link preload but not used within a few seconds from the window's load event. Please make sure it has an appropriate `as` value and it is preloaded intentionally. @ https://sniffies.com/:0
[ 9577969ms] [WARNING] The resource https://sniffies.com/assets/images/vm-sprite-120px.jpg was preloaded using link preload but not used within a few seconds from the window's load event. Please make sure it has an appropriate `as` value and it is preloaded intentionally. @ https://sniffies.com/:0
[ 9585025ms] [WARNING] The resource https://sniffies.com/assets/images/vm-sprite-120px.jpg was preloaded using link preload but not used within a few seconds from the window's load event. Please make sure it has an appropriate `as` value and it is preloaded intentionally. @ https://sniffies.com/:0
[ 9590932ms] [WARNING] The resource https://sniffies.com/assets/images/vm-sprite-120px.jpg was preloaded using link preload but not used within a few seconds from the window's load event. Please make sure it has an appropriate `as` value and it is preloaded intentionally. @ https://sniffies.com/:0
[ 9602234ms] [WARNING] The resource https://sniffies.com/assets/images/vm-sprite-120px.jpg was preloaded using link preload but not used within a few seconds from the window's load event. Please make sure it has an appropriate `as` value and it is preloaded intentionally. @ https://sniffies.com/:0
[ 9611143ms] [WARNING] The resource https://sniffies.com/assets/images/vm-sprite-120px.jpg was preloaded using link preload but not used within a few seconds from the window's load event. Please make sure it has an appropriate `as` value and it is preloaded intentionally. @ https://sniffies.com/:0
[ 9615816ms] [WARNING] The resource https://sniffies.com/assets/images/vm-sprite-120px.jpg was preloaded using link preload but not used within a few seconds from the window's load event. Please make sure it has an appropriate `as` value and it is preloaded intentionally. @ https://sniffies.com/:0
[ 9635948ms] [WARNING] The resource https://sniffies.com/assets/images/vm-sprite-120px.jpg was preloaded using link preload but not used within a few seconds from the window's load event. Please make sure it has an appropriate `as` value and it is preloaded intentionally. @ https://sniffies.com/:0
[ 9648203ms] [WARNING] The resource https://sniffies.com/assets/images/vm-sprite-120px.jpg was preloaded using link preload but not used within a few seconds from the window's load event. Please make sure it has an appropriate `as` value and it is preloaded intentionally. @ https://sniffies.com/:0
[ 9679327ms] [WARNING] The resource https://sniffies.com/assets/images/vm-sprite-120px.jpg was preloaded using link preload but not used within a few seconds from the window's load event. Please make sure it has an appropriate `as` value and it is preloaded intentionally. @ https://sniffies.com/:0
[ 9684140ms] [WARNING] The resource https://sniffies.com/assets/images/vm-sprite-120px.jpg was preloaded using link preload but not used within a few seconds from the window's load event. Please make sure it has an appropriate `as` value and it is preloaded intentionally. @ https://sniffies.com/:0
[ 9690102ms] [WARNING] The resource https://sniffies.com/assets/images/vm-sprite-120px.jpg was preloaded using link preload but not used within a few seconds from the window's load event. Please make sure it has an appropriate `as` value and it is preloaded intentionally. @ https://sniffies.com/:0
[ 9695436ms] [WARNING] The resource https://sniffies.com/assets/images/vm-sprite-120px.jpg was preloaded using link preload but not used within a few seconds from the window's load event. Please make sure it has an appropriate `as` value and it is preloaded intentionally. @ https://sniffies.com/:0
[ 9710682ms] [WARNING] The resource https://sniffies.com/assets/images/vm-sprite-120px.jpg was preloaded using link preload but not used within a few seconds from the window's load event. Please make sure it has an appropriate `as` value and it is preloaded intentionally. @ https://sniffies.com/:0
[ 9723702ms] [WARNING] The resource https://sniffies.com/assets/images/vm-sprite-120px.jpg was preloaded using link preload but not used within a few seconds from the window's load event. Please make sure it has an appropriate `as` value and it is preloaded intentionally. @ https://sniffies.com/:0
[ 9730809ms] [WARNING] The resource https://sniffies.com/assets/images/vm-sprite-120px.jpg was preloaded using link preload but not used within a few seconds from the window's load event. Please make sure it has an appropriate `as` value and it is preloaded intentionally. @ https://sniffies.com/:0
[ 9738446ms] [WARNING] The resource https://sniffies.com/assets/images/vm-sprite-120px.jpg was preloaded using link preload but not used within a few seconds from the window's load event. Please make sure it has an appropriate `as` value and it is preloaded intentionally. @ https://sniffies.com/:0
[ 9743748ms] [WARNING] The resource https://sniffies.com/assets/images/vm-sprite-120px.jpg was preloaded using link preload but not used within a few seconds from the window's load event. Please make sure it has an appropriate `as` value and it is preloaded intentionally. @ https://sniffies.com/:0
[ 9763441ms] [WARNING] The resource https://sniffies.com/assets/images/vm-sprite-120px.jpg was preloaded using link preload but not used within a few seconds from the window's load event. Please make sure it has an appropriate `as` value and it is preloaded intentionally. @ https://sniffies.com/:0
[ 9772500ms] [WARNING] The resource https://sniffies.com/assets/images/vm-sprite-120px.jpg was preloaded using link preload but not used within a few seconds from the window's load event. Please make sure it has an appropriate `as` value and it is preloaded intentionally. @ https://sniffies.com/:0
[ 9786448ms] [WARNING] The resource https://sniffies.com/assets/images/vm-sprite-120px.jpg was preloaded using link preload but not used within a few seconds from the window's load event. Please make sure it has an appropriate `as` value and it is preloaded intentionally. @ https://sniffies.com/:0
[ 9793599ms] [WARNING] The resource https://sniffies.com/assets/images/vm-sprite-120px.jpg was preloaded using link preload but not used within a few seconds from the window's load event. Please make sure it has an appropriate `as` value and it is preloaded intentionally. @ https://sniffies.com/:0
[ 9804792ms] [WARNING] The resource https://sniffies.com/assets/images/vm-sprite-120px.jpg was preloaded using link preload but not used within a few seconds from the window's load event. Please make sure it has an appropriate `as` value and it is preloaded intentionally. @ https://sniffies.com/:0
[ 9807948ms] [WARNING] The resource https://sniffies.com/assets/images/vm-sprite-120px.jpg was preloaded using link preload but not used within a few seconds from the window's load event. Please make sure it has an appropriate `as` value and it is preloaded intentionally. @ https://sniffies.com/:0
[ 9812923ms] [WARNING] The resource https://sniffies.com/assets/images/vm-sprite-120px.jpg was preloaded using link preload but not used within a few seconds from the window's load event. Please make sure it has an appropriate `as` value and it is preloaded intentionally. @ https://sniffies.com/:0
[ 9816431ms] [WARNING] The resource https://sniffies.com/assets/images/vm-sprite-120px.jpg was preloaded using link preload but not used within a few seconds from the window's load event. Please make sure it has an appropriate `as` value and it is preloaded intentionally. @ https://sniffies.com/:0
[ 9825874ms] [WARNING] The resource https://sniffies.com/assets/images/vm-sprite-120px.jpg was preloaded using link preload but not used within a few seconds from the window's load event. Please make sure it has an appropriate `as` value and it is preloaded intentionally. @ https://sniffies.com/:0
[ 9832992ms] [WARNING] The resource https://sniffies.com/assets/images/vm-sprite-120px.jpg was preloaded using link preload but not used within a few seconds from the window's load event. Please make sure it has an appropriate `as` value and it is preloaded intentionally. @ https://sniffies.com/:0
[ 9839133ms] [WARNING] The resource https://sniffies.com/assets/images/vm-sprite-120px.jpg was preloaded using link preload but not used within a few seconds from the window's load event. Please make sure it has an appropriate `as` value and it is preloaded intentionally. @ https://sniffies.com/:0
[ 9843744ms] [WARNING] The resource https://sniffies.com/assets/images/vm-sprite-120px.jpg was preloaded using link preload but not used within a few seconds from the window's load event. Please make sure it has an appropriate `as` value and it is preloaded intentionally. @ https://sniffies.com/:0
[ 9859585ms] [WARNING] The resource https://sniffies.com/assets/images/vm-sprite-120px.jpg was preloaded using link preload but not used within a few seconds from the window's load event. Please make sure it has an appropriate `as` value and it is preloaded intentionally. @ https://sniffies.com/:0
[ 9863819ms] [WARNING] The resource https://sniffies.com/assets/images/vm-sprite-120px.jpg was preloaded using link preload but not used within a few seconds from the window's load event. Please make sure it has an appropriate `as` value and it is preloaded intentionally. @ https://sniffies.com/:0
[ 9888327ms] [WARNING] The resource https://sniffies.com/assets/images/vm-sprite-120px.jpg was preloaded using link preload but not used within a few seconds from the window's load event. Please make sure it has an appropriate `as` value and it is preloaded intentionally. @ https://sniffies.com/:0
[ 9894101ms] [WARNING] The resource https://sniffies.com/assets/images/vm-sprite-120px.jpg was preloaded using link preload but not used within a few seconds from the window's load event. Please make sure it has an appropriate `as` value and it is preloaded intentionally. @ https://sniffies.com/:0
[ 9900182ms] [WARNING] The resource https://sniffies.com/assets/images/vm-sprite-120px.jpg was preloaded using link preload but not used within a few seconds from the window's load event. Please make sure it has an appropriate `as` value and it is preloaded intentionally. @ https://sniffies.com/:0
[ 9907705ms] [WARNING] The resource https://sniffies.com/assets/images/vm-sprite-120px.jpg was preloaded using link preload but not used within a few seconds from the window's load event. Please make sure it has an appropriate `as` value and it is preloaded intentionally. @ https://sniffies.com/:0
[ 9919263ms] [WARNING] The resource https://sniffies.com/assets/images/vm-sprite-120px.jpg was preloaded using link preload but not used within a few seconds from the window's load event. Please make sure it has an appropriate `as` value and it is preloaded intentionally. @ https://sniffies.com/:0
[ 9925686ms] [WARNING] The resource https://sniffies.com/assets/images/vm-sprite-120px.jpg was preloaded using link preload but not used within a few seconds from the window's load event. Please make sure it has an appropriate `as` value and it is preloaded intentionally. @ https://sniffies.com/:0
[ 9932357ms] [WARNING] The resource https://sniffies.com/assets/images/vm-sprite-120px.jpg was preloaded using link preload but not used within a few seconds from the window's load event. Please make sure it has an appropriate `as` value and it is preloaded intentionally. @ https://sniffies.com/:0
[ 9951618ms] [WARNING] The resource https://sniffies.com/assets/images/vm-sprite-120px.jpg was preloaded using link preload but not used within a few seconds from the window's load event. Please make sure it has an appropriate `as` value and it is preloaded intentionally. @ https://sniffies.com/:0
[ 9962010ms] [WARNING] The resource https://sniffies.com/assets/images/vm-sprite-120px.jpg was preloaded using link preload but not used within a few seconds from the window's load event. Please make sure it has an appropriate `as` value and it is preloaded intentionally. @ https://sniffies.com/:0
[ 9965757ms] [WARNING] The resource https://sniffies.com/assets/images/vm-sprite-120px.jpg was preloaded using link preload but not used within a few seconds from the window's load event. Please make sure it has an appropriate `as` value and it is preloaded intentionally. @ https://sniffies.com/:0
[ 9974039ms] [WARNING] The resource https://sniffies.com/assets/images/vm-sprite-120px.jpg was preloaded using link preload but not used within a few seconds from the window's load event. Please make sure it has an appropriate `as` value and it is preloaded intentionally. @ https://sniffies.com/:0
[ 9978058ms] [WARNING] The resource https://sniffies.com/assets/images/vm-sprite-120px.jpg was preloaded using link preload but not used within a few seconds from the window's load event. Please make sure it has an appropriate `as` value and it is preloaded intentionally. @ https://sniffies.com/:0
[ 9986558ms] [WARNING] The resource https://sniffies.com/assets/images/vm-sprite-120px.jpg was preloaded using link preload but not used within a few seconds from the window's load event. Please make sure it has an appropriate `as` value and it is preloaded intentionally. @ https://sniffies.com/:0
[ 9996446ms] [WARNING] The resource https://sniffies.com/assets/images/vm-sprite-120px.jpg was preloaded using link preload but not used within a few seconds from the window's load event. Please make sure it has an appropriate `as` value and it is preloaded intentionally. @ https://sniffies.com/:0
[10013691ms] [WARNING] The resource https://sniffies.com/assets/images/vm-sprite-120px.jpg was preloaded using link preload but not used within a few seconds from the window's load event. Please make sure it has an appropriate `as` value and it is preloaded intentionally. @ https://sniffies.com/:0
[10017349ms] [WARNING] The resource https://sniffies.com/assets/images/vm-sprite-120px.jpg was preloaded using link preload but not used within a few seconds from the window's load event. Please make sure it has an appropriate `as` value and it is preloaded intentionally. @ https://sniffies.com/:0
[10022551ms] [WARNING] The resource https://sniffies.com/assets/images/vm-sprite-120px.jpg was preloaded using link preload but not used within a few seconds from the window's load event. Please make sure it has an appropriate `as` value and it is preloaded intentionally. @ https://sniffies.com/:0
[10027373ms] [WARNING] The resource https://sniffies.com/assets/images/vm-sprite-120px.jpg was preloaded using link preload but not used within a few seconds from the window's load event. Please make sure it has an appropriate `as` value and it is preloaded intentionally. @ https://sniffies.com/:0
[10038979ms] [WARNING] The resource https://sniffies.com/assets/images/vm-sprite-120px.jpg was preloaded using link preload but not used within a few seconds from the window's load event. Please make sure it has an appropriate `as` value and it is preloaded intentionally. @ https://sniffies.com/:0
[10043537ms] [WARNING] The resource https://sniffies.com/assets/images/vm-sprite-120px.jpg was preloaded using link preload but not used within a few seconds from the window's load event. Please make sure it has an appropriate `as` value and it is preloaded intentionally. @ https://sniffies.com/:0
[10056441ms] [WARNING] The resource https://sniffies.com/assets/images/vm-sprite-120px.jpg was preloaded using link preload but not used within a few seconds from the window's load event. Please make sure it has an appropriate `as` value and it is preloaded intentionally. @ https://sniffies.com/:0
[10063644ms] [WARNING] The resource https://sniffies.com/assets/images/vm-sprite-120px.jpg was preloaded using link preload but not used within a few seconds from the window's load event. Please make sure it has an appropriate `as` value and it is preloaded intentionally. @ https://sniffies.com/:0
[10067044ms] [WARNING] The resource https://sniffies.com/assets/images/vm-sprite-120px.jpg was preloaded using link preload but not used within a few seconds from the window's load event. Please make sure it has an appropriate `as` value and it is preloaded intentionally. @ https://sniffies.com/:0
[10074205ms] [WARNING] The resource https://sniffies.com/assets/images/vm-sprite-120px.jpg was preloaded using link preload but not used within a few seconds from the window's load event. Please make sure it has an appropriate `as` value and it is preloaded intentionally. @ https://sniffies.com/:0
[10080746ms] [WARNING] The resource https://sniffies.com/assets/images/vm-sprite-120px.jpg was preloaded using link preload but not used within a few seconds from the window's load event. Please make sure it has an appropriate `as` value and it is preloaded intentionally. @ https://sniffies.com/:0
[10087351ms] [WARNING] The resource https://sniffies.com/assets/images/vm-sprite-120px.jpg was preloaded using link preload but not used within a few seconds from the window's load event. Please make sure it has an appropriate `as` value and it is preloaded intentionally. @ https://sniffies.com/:0
[10093025ms] [WARNING] The resource https://sniffies.com/assets/images/vm-sprite-120px.jpg was preloaded using link preload but not used within a few seconds from the window's load event. Please make sure it has an appropriate `as` value and it is preloaded intentionally. @ https://sniffies.com/:0
[10130420ms] [WARNING] The resource https://sniffies.com/assets/images/vm-sprite-120px.jpg was preloaded using link preload but not used within a few seconds from the window's load event. Please make sure it has an appropriate `as` value and it is preloaded intentionally. @ https://sniffies.com/:0
[10147833ms] [WARNING] The resource https://sniffies.com/assets/images/vm-sprite-120px.jpg was preloaded using link preload but not used within a few seconds from the window's load event. Please make sure it has an appropriate `as` value and it is preloaded intentionally. @ https://sniffies.com/:0
[10150926ms] [WARNING] The resource https://sniffies.com/assets/images/vm-sprite-120px.jpg was preloaded using link preload but not used within a few seconds from the window's load event. Please make sure it has an appropriate `as` value and it is preloaded intentionally. @ https://sniffies.com/:0
[10158806ms] [WARNING] The resource https://sniffies.com/assets/images/vm-sprite-120px.jpg was preloaded using link preload but not used within a few seconds from the window's load event. Please make sure it has an appropriate `as` value and it is preloaded intentionally. @ https://sniffies.com/:0
[10163009ms] [WARNING] The resource https://sniffies.com/assets/images/vm-sprite-120px.jpg was preloaded using link preload but not used within a few seconds from the window's load event. Please make sure it has an appropriate `as` value and it is preloaded intentionally. @ https://sniffies.com/:0
[10166337ms] [WARNING] The resource https://sniffies.com/assets/images/vm-sprite-120px.jpg was preloaded using link preload but not used within a few seconds from the window's load event. Please make sure it has an appropriate `as` value and it is preloaded intentionally. @ https://sniffies.com/:0
[10196125ms] [WARNING] The resource https://sniffies.com/assets/images/vm-sprite-120px.jpg was preloaded using link preload but not used within a few seconds from the window's load event. Please make sure it has an appropriate `as` value and it is preloaded intentionally. @ https://sniffies.com/:0
[10208233ms] [WARNING] The resource https://sniffies.com/assets/images/vm-sprite-120px.jpg was preloaded using link preload but not used within a few seconds from the window's load event. Please make sure it has an appropriate `as` value and it is preloaded intentionally. @ https://sniffies.com/:0
[10219294ms] [WARNING] The resource https://sniffies.com/assets/images/vm-sprite-120px.jpg was preloaded using link preload but not used within a few seconds from the window's load event. Please make sure it has an appropriate `as` value and it is preloaded intentionally. @ https://sniffies.com/:0
[10226867ms] [WARNING] The resource https://sniffies.com/assets/images/vm-sprite-120px.jpg was preloaded using link preload but not used within a few seconds from the window's load event. Please make sure it has an appropriate `as` value and it is preloaded intentionally. @ https://sniffies.com/:0
[10236158ms] [WARNING] The resource https://sniffies.com/assets/images/vm-sprite-120px.jpg was preloaded using link preload but not used within a few seconds from the window's load event. Please make sure it has an appropriate `as` value and it is preloaded intentionally. @ https://sniffies.com/:0
[10243464ms] [WARNING] The resource https://sniffies.com/assets/images/vm-sprite-120px.jpg was preloaded using link preload but not used within a few seconds from the window's load event. Please make sure it has an appropriate `as` value and it is preloaded intentionally. @ https://sniffies.com/:0
[10258731ms] [WARNING] The resource https://sniffies.com/assets/images/vm-sprite-120px.jpg was preloaded using link preload but not used within a few seconds from the window's load event. Please make sure it has an appropriate `as` value and it is preloaded intentionally. @ https://sniffies.com/:0
[10274306ms] [WARNING] The resource https://sniffies.com/assets/images/vm-sprite-120px.jpg was preloaded using link preload but not used within a few seconds from the window's load event. Please make sure it has an appropriate `as` value and it is preloaded intentionally. @ https://sniffies.com/:0
[10284551ms] [WARNING] The resource https://sniffies.com/assets/images/vm-sprite-120px.jpg was preloaded using link preload but not used within a few seconds from the window's load event. Please make sure it has an appropriate `as` value and it is preloaded intentionally. @ https://sniffies.com/:0
[10290498ms] [WARNING] The resource https://sniffies.com/assets/images/vm-sprite-120px.jpg was preloaded using link preload but not used within a few seconds from the window's load event. Please make sure it has an appropriate `as` value and it is preloaded intentionally. @ https://sniffies.com/:0
[10297885ms] [WARNING] The resource https://sniffies.com/assets/images/vm-sprite-120px.jpg was preloaded using link preload but not used within a few seconds from the window's load event. Please make sure it has an appropriate `as` value and it is preloaded intentionally. @ https://sniffies.com/:0
[10304845ms] [WARNING] The resource https://sniffies.com/assets/images/vm-sprite-120px.jpg was preloaded using link preload but not used within a few seconds from the window's load event. Please make sure it has an appropriate `as` value and it is preloaded intentionally. @ https://sniffies.com/:0
[10309256ms] [WARNING] The resource https://sniffies.com/assets/images/vm-sprite-120px.jpg was preloaded using link preload but not used within a few seconds from the window's load event. Please make sure it has an appropriate `as` value and it is preloaded intentionally. @ https://sniffies.com/:0
[10312625ms] [WARNING] The resource https://sniffies.com/assets/images/vm-sprite-120px.jpg was preloaded using link preload but not used within a few seconds from the window's load event. Please make sure it has an appropriate `as` value and it is preloaded intentionally. @ https://sniffies.com/:0
[10317128ms] [WARNING] The resource https://sniffies.com/assets/images/vm-sprite-120px.jpg was preloaded using link preload but not used within a few seconds from the window's load event. Please make sure it has an appropriate `as` value and it is preloaded intentionally. @ https://sniffies.com/:0
[10323030ms] [WARNING] The resource https://sniffies.com/assets/images/vm-sprite-120px.jpg was preloaded using link preload but not used within a few seconds from the window's load event. Please make sure it has an appropriate `as` value and it is preloaded intentionally. @ https://sniffies.com/:0
[10331699ms] [WARNING] The resource https://sniffies.com/assets/images/vm-sprite-120px.jpg was preloaded using link preload but not used within a few seconds from the window's load event. Please make sure it has an appropriate `as` value and it is preloaded intentionally. @ https://sniffies.com/:0
[10338451ms] [WARNING] The resource https://sniffies.com/assets/images/vm-sprite-120px.jpg was preloaded using link preload but not used within a few seconds from the window's load event. Please make sure it has an appropriate `as` value and it is preloaded intentionally. @ https://sniffies.com/:0
[10342042ms] [WARNING] The resource https://sniffies.com/assets/images/vm-sprite-120px.jpg was preloaded using link preload but not used within a few seconds from the window's load event. Please make sure it has an appropriate `as` value and it is preloaded intentionally. @ https://sniffies.com/:0
[10347240ms] [WARNING] The resource https://sniffies.com/assets/images/vm-sprite-120px.jpg was preloaded using link preload but not used within a few seconds from the window's load event. Please make sure it has an appropriate `as` value and it is preloaded intentionally. @ https://sniffies.com/:0
[10362803ms] [WARNING] The resource https://sniffies.com/assets/images/vm-sprite-120px.jpg was preloaded using link preload but not used within a few seconds from the window's load event. Please make sure it has an appropriate `as` value and it is preloaded intentionally. @ https://sniffies.com/:0
[10369596ms] [WARNING] The resource https://sniffies.com/assets/images/vm-sprite-120px.jpg was preloaded using link preload but not used within a few seconds from the window's load event. Please make sure it has an appropriate `as` value and it is preloaded intentionally. @ https://sniffies.com/:0
[10387892ms] [WARNING] The resource https://sniffies.com/assets/images/vm-sprite-120px.jpg was preloaded using link preload but not used within a few seconds from the window's load event. Please make sure it has an appropriate `as` value and it is preloaded intentionally. @ https://sniffies.com/:0
[10394128ms] [WARNING] The resource https://sniffies.com/assets/images/vm-sprite-120px.jpg was preloaded using link preload but not used within a few seconds from the window's load event. Please make sure it has an appropriate `as` value and it is preloaded intentionally. @ https://sniffies.com/:0
[10398196ms] [WARNING] The resource https://sniffies.com/assets/images/vm-sprite-120px.jpg was preloaded using link preload but not used within a few seconds from the window's load event. Please make sure it has an appropriate `as` value and it is preloaded intentionally. @ https://sniffies.com/:0
[10414105ms] [WARNING] The resource https://sniffies.com/assets/images/vm-sprite-120px.jpg was preloaded using link preload but not used within a few seconds from the window's load event. Please make sure it has an appropriate `as` value and it is preloaded intentionally. @ https://sniffies.com/:0
[10430117ms] [WARNING] The resource https://sniffies.com/assets/images/vm-sprite-120px.jpg was preloaded using link preload but not used within a few seconds from the window's load event. Please make sure it has an appropriate `as` value and it is preloaded intentionally. @ https://sniffies.com/:0
[10434140ms] [WARNING] The resource https://sniffies.com/assets/images/vm-sprite-120px.jpg was preloaded using link preload but not used within a few seconds from the window's load event. Please make sure it has an appropriate `as` value and it is preloaded intentionally. @ https://sniffies.com/:0
[10442516ms] [WARNING] The resource https://sniffies.com/assets/images/vm-sprite-120px.jpg was preloaded using link preload but not used within a few seconds from the window's load event. Please make sure it has an appropriate `as` value and it is preloaded intentionally. @ https://sniffies.com/:0
[10457521ms] [WARNING] The resource https://sniffies.com/assets/images/vm-sprite-120px.jpg was preloaded using link preload but not used within a few seconds from the window's load event. Please make sure it has an appropriate `as` value and it is preloaded intentionally. @ https://sniffies.com/:0
[10464018ms] [WARNING] The resource https://sniffies.com/assets/images/vm-sprite-120px.jpg was preloaded using link preload but not used within a few seconds from the window's load event. Please make sure it has an appropriate `as` value and it is preloaded intentionally. @ https://sniffies.com/:0
[10480199ms] [WARNING] The resource https://sniffies.com/assets/images/vm-sprite-120px.jpg was preloaded using link preload but not used within a few seconds from the window's load event. Please make sure it has an appropriate `as` value and it is preloaded intentionally. @ https://sniffies.com/:0
[10484543ms] [WARNING] The resource https://sniffies.com/assets/images/vm-sprite-120px.jpg was preloaded using link preload but not used within a few seconds from the window's load event. Please make sure it has an appropriate `as` value and it is preloaded intentionally. @ https://sniffies.com/:0
[10494814ms] [WARNING] The resource https://sniffies.com/assets/images/vm-sprite-120px.jpg was preloaded using link preload but not used within a few seconds from the window's load event. Please make sure it has an appropriate `as` value and it is preloaded intentionally. @ https://sniffies.com/:0
[10498126ms] [WARNING] The resource https://sniffies.com/assets/images/vm-sprite-120px.jpg was preloaded using link preload but not used within a few seconds from the window's load event. Please make sure it has an appropriate `as` value and it is preloaded intentionally. @ https://sniffies.com/:0
[10512205ms] [WARNING] The resource https://sniffies.com/assets/images/vm-sprite-120px.jpg was preloaded using link preload but not used within a few seconds from the window's load event. Please make sure it has an appropriate `as` value and it is preloaded intentionally. @ https://sniffies.com/:0
[10521026ms] [WARNING] The resource https://sniffies.com/assets/images/vm-sprite-120px.jpg was preloaded using link preload but not used within a few seconds from the window's load event. Please make sure it has an appropriate `as` value and it is preloaded intentionally. @ https://sniffies.com/:0
[10528099ms] [WARNING] The resource https://sniffies.com/assets/images/vm-sprite-120px.jpg was preloaded using link preload but not used within a few seconds from the window's load event. Please make sure it has an appropriate `as` value and it is preloaded intentionally. @ https://sniffies.com/:0
[10531144ms] [WARNING] The resource https://sniffies.com/assets/images/vm-sprite-120px.jpg was preloaded using link preload but not used within a few seconds from the window's load event. Please make sure it has an appropriate `as` value and it is preloaded intentionally. @ https://sniffies.com/:0
[10538719ms] [WARNING] The resource https://sniffies.com/assets/images/vm-sprite-120px.jpg was preloaded using link preload but not used within a few seconds from the window's load event. Please make sure it has an appropriate `as` value and it is preloaded intentionally. @ https://sniffies.com/:0
[10542725ms] [WARNING] The resource https://sniffies.com/assets/images/vm-sprite-120px.jpg was preloaded using link preload but not used within a few seconds from the window's load event. Please make sure it has an appropriate `as` value and it is preloaded intentionally. @ https://sniffies.com/:0
[10545895ms] [WARNING] The resource https://sniffies.com/assets/images/vm-sprite-120px.jpg was preloaded using link preload but not used within a few seconds from the window's load event. Please make sure it has an appropriate `as` value and it is preloaded intentionally. @ https://sniffies.com/:0
[10555866ms] [WARNING] The resource https://sniffies.com/assets/images/vm-sprite-120px.jpg was preloaded using link preload but not used within a few seconds from the window's load event. Please make sure it has an appropriate `as` value and it is preloaded intentionally. @ https://sniffies.com/:0
[10564287ms] [WARNING] The resource https://sniffies.com/assets/images/vm-sprite-120px.jpg was preloaded using link preload but not used within a few seconds from the window's load event. Please make sure it has an appropriate `as` value and it is preloaded intentionally. @ https://sniffies.com/:0
[10569755ms] [WARNING] The resource https://sniffies.com/assets/images/vm-sprite-120px.jpg was preloaded using link preload but not used within a few seconds from the window's load event. Please make sure it has an appropriate `as` value and it is preloaded intentionally. @ https://sniffies.com/:0
[10582134ms] [WARNING] The resource https://sniffies.com/assets/images/vm-sprite-120px.jpg was preloaded using link preload but not used within a few seconds from the window's load event. Please make sure it has an appropriate `as` value and it is preloaded intentionally. @ https://sniffies.com/:0
[10589202ms] [WARNING] The resource https://sniffies.com/assets/images/vm-sprite-120px.jpg was preloaded using link preload but not used within a few seconds from the window's load event. Please make sure it has an appropriate `as` value and it is preloaded intentionally. @ https://sniffies.com/:0
[10595432ms] [WARNING] The resource https://sniffies.com/assets/images/vm-sprite-120px.jpg was preloaded using link preload but not used within a few seconds from the window's load event. Please make sure it has an appropriate `as` value and it is preloaded intentionally. @ https://sniffies.com/:0
[10604350ms] [WARNING] The resource https://sniffies.com/assets/images/vm-sprite-120px.jpg was preloaded using link preload but not used within a few seconds from the window's load event. Please make sure it has an appropriate `as` value and it is preloaded intentionally. @ https://sniffies.com/:0
[10610407ms] [WARNING] The resource https://sniffies.com/assets/images/vm-sprite-120px.jpg was preloaded using link preload but not used within a few seconds from the window's load event. Please make sure it has an appropriate `as` value and it is preloaded intentionally. @ https://sniffies.com/:0
[10616032ms] [WARNING] The resource https://sniffies.com/assets/images/vm-sprite-120px.jpg was preloaded using link preload but not used within a few seconds from the window's load event. Please make sure it has an appropriate `as` value and it is preloaded intentionally. @ https://sniffies.com/:0
[10626156ms] [WARNING] The resource https://sniffies.com/assets/images/vm-sprite-120px.jpg was preloaded using link preload but not used within a few seconds from the window's load event. Please make sure it has an appropriate `as` value and it is preloaded intentionally. @ https://sniffies.com/:0
[10638548ms] [WARNING] The resource https://sniffies.com/assets/images/vm-sprite-120px.jpg was preloaded using link preload but not used within a few seconds from the window's load event. Please make sure it has an appropriate `as` value and it is preloaded intentionally. @ https://sniffies.com/:0
[10644235ms] [WARNING] The resource https://sniffies.com/assets/images/vm-sprite-120px.jpg was preloaded using link preload but not used within a few seconds from the window's load event. Please make sure it has an appropriate `as` value and it is preloaded intentionally. @ https://sniffies.com/:0
[10650018ms] [WARNING] The resource https://sniffies.com/assets/images/vm-sprite-120px.jpg was preloaded using link preload but not used within a few seconds from the window's load event. Please make sure it has an appropriate `as` value and it is preloaded intentionally. @ https://sniffies.com/:0
[10658844ms] [WARNING] The resource https://sniffies.com/assets/images/vm-sprite-120px.jpg was preloaded using link preload but not used within a few seconds from the window's load event. Please make sure it has an appropriate `as` value and it is preloaded intentionally. @ https://sniffies.com/:0
[10672906ms] [WARNING] The resource https://sniffies.com/assets/images/vm-sprite-120px.jpg was preloaded using link preload but not used within a few seconds from the window's load event. Please make sure it has an appropriate `as` value and it is preloaded intentionally. @ https://sniffies.com/:0
[10687935ms] [WARNING] The resource https://sniffies.com/assets/images/vm-sprite-120px.jpg was preloaded using link preload but not used within a few seconds from the window's load event. Please make sure it has an appropriate `as` value and it is preloaded intentionally. @ https://sniffies.com/:0
[10697547ms] [WARNING] The resource https://sniffies.com/assets/images/vm-sprite-120px.jpg was preloaded using link preload but not used within a few seconds from the window's load event. Please make sure it has an appropriate `as` value and it is preloaded intentionally. @ https://sniffies.com/:0
[10730434ms] [WARNING] The resource https://sniffies.com/assets/images/vm-sprite-120px.jpg was preloaded using link preload but not used within a few seconds from the window's load event. Please make sure it has an appropriate `as` value and it is preloaded intentionally. @ https://sniffies.com/:0
[10741373ms] [WARNING] The resource https://sniffies.com/assets/images/vm-sprite-120px.jpg was preloaded using link preload but not used within a few seconds from the window's load event. Please make sure it has an appropriate `as` value and it is preloaded intentionally. @ https://sniffies.com/:0
[10744510ms] [WARNING] The resource https://sniffies.com/assets/images/vm-sprite-120px.jpg was preloaded using link preload but not used within a few seconds from the window's load event. Please make sure it has an appropriate `as` value and it is preloaded intentionally. @ https://sniffies.com/:0
[10747556ms] [WARNING] The resource https://sniffies.com/assets/images/vm-sprite-120px.jpg was preloaded using link preload but not used within a few seconds from the window's load event. Please make sure it has an appropriate `as` value and it is preloaded intentionally. @ https://sniffies.com/:0
[10754240ms] [WARNING] The resource https://sniffies.com/assets/images/vm-sprite-120px.jpg was preloaded using link preload but not used within a few seconds from the window's load event. Please make sure it has an appropriate `as` value and it is preloaded intentionally. @ https://sniffies.com/:0
[10758511ms] [WARNING] The resource https://sniffies.com/assets/images/vm-sprite-120px.jpg was preloaded using link preload but not used within a few seconds from the window's load event. Please make sure it has an appropriate `as` value and it is preloaded intentionally. @ https://sniffies.com/:0
[10772975ms] [WARNING] The resource https://sniffies.com/assets/images/vm-sprite-120px.jpg was preloaded using link preload but not used within a few seconds from the window's load event. Please make sure it has an appropriate `as` value and it is preloaded intentionally. @ https://sniffies.com/:0
[10777004ms] [WARNING] The resource https://sniffies.com/assets/images/vm-sprite-120px.jpg was preloaded using link preload but not used within a few seconds from the window's load event. Please make sure it has an appropriate `as` value and it is preloaded intentionally. @ https://sniffies.com/:0
[10780122ms] [WARNING] The resource https://sniffies.com/assets/images/vm-sprite-120px.jpg was preloaded using link preload but not used within a few seconds from the window's load event. Please make sure it has an appropriate `as` value and it is preloaded intentionally. @ https://sniffies.com/:0
[10793651ms] [WARNING] The resource https://sniffies.com/assets/images/vm-sprite-120px.jpg was preloaded using link preload but not used within a few seconds from the window's load event. Please make sure it has an appropriate `as` value and it is preloaded intentionally. @ https://sniffies.com/:0
[10799334ms] [WARNING] The resource https://sniffies.com/assets/images/vm-sprite-120px.jpg was preloaded using link preload but not used within a few seconds from the window's load event. Please make sure it has an appropriate `as` value and it is preloaded intentionally. @ https://sniffies.com/:0
[10806906ms] [WARNING] The resource https://sniffies.com/assets/images/vm-sprite-120px.jpg was preloaded using link preload but not used within a few seconds from the window's load event. Please make sure it has an appropriate `as` value and it is preloaded intentionally. @ https://sniffies.com/:0
[10815389ms] [WARNING] The resource https://sniffies.com/assets/images/vm-sprite-120px.jpg was preloaded using link preload but not used within a few seconds from the window's load event. Please make sure it has an appropriate `as` value and it is preloaded intentionally. @ https://sniffies.com/:0
[10822010ms] [WARNING] The resource https://sniffies.com/assets/images/vm-sprite-120px.jpg was preloaded using link preload but not used within a few seconds from the window's load event. Please make sure it has an appropriate `as` value and it is preloaded intentionally. @ https://sniffies.com/:0
[10825147ms] [WARNING] The resource https://sniffies.com/assets/images/vm-sprite-120px.jpg was preloaded using link preload but not used within a few seconds from the window's load event. Please make sure it has an appropriate `as` value and it is preloaded intentionally. @ https://sniffies.com/:0
[10830533ms] [WARNING] The resource https://sniffies.com/assets/images/vm-sprite-120px.jpg was preloaded using link preload but not used within a few seconds from the window's load event. Please make sure it has an appropriate `as` value and it is preloaded intentionally. @ https://sniffies.com/:0
[10840228ms] [WARNING] The resource https://sniffies.com/assets/images/vm-sprite-120px.jpg was preloaded using link preload but not used within a few seconds from the window's load event. Please make sure it has an appropriate `as` value and it is preloaded intentionally. @ https://sniffies.com/:0
[10847564ms] [WARNING] The resource https://sniffies.com/assets/images/vm-sprite-120px.jpg was preloaded using link preload but not used within a few seconds from the window's load event. Please make sure it has an appropriate `as` value and it is preloaded intentionally. @ https://sniffies.com/:0
[10853713ms] [WARNING] The resource https://sniffies.com/assets/images/vm-sprite-120px.jpg was preloaded using link preload but not used within a few seconds from the window's load event. Please make sure it has an appropriate `as` value and it is preloaded intentionally. @ https://sniffies.com/:0
[10857100ms] [WARNING] The resource https://sniffies.com/assets/images/vm-sprite-120px.jpg was preloaded using link preload but not used within a few seconds from the window's load event. Please make sure it has an appropriate `as` value and it is preloaded intentionally. @ https://sniffies.com/:0
[10861560ms] [WARNING] The resource https://sniffies.com/assets/images/vm-sprite-120px.jpg was preloaded using link preload but not used within a few seconds from the window's load event. Please make sure it has an appropriate `as` value and it is preloaded intentionally. @ https://sniffies.com/:0
[10871320ms] [WARNING] The resource https://sniffies.com/assets/images/vm-sprite-120px.jpg was preloaded using link preload but not used within a few seconds from the window's load event. Please make sure it has an appropriate `as` value and it is preloaded intentionally. @ https://sniffies.com/:0
[10880528ms] [WARNING] The resource https://sniffies.com/assets/images/vm-sprite-120px.jpg was preloaded using link preload but not used within a few seconds from the window's load event. Please make sure it has an appropriate `as` value and it is preloaded intentionally. @ https://sniffies.com/:0
[10893228ms] [WARNING] The resource https://sniffies.com/assets/images/vm-sprite-120px.jpg was preloaded using link preload but not used within a few seconds from the window's load event. Please make sure it has an appropriate `as` value and it is preloaded intentionally. @ https://sniffies.com/:0
[10908713ms] [WARNING] The resource https://sniffies.com/assets/images/vm-sprite-120px.jpg was preloaded using link preload but not used within a few seconds from the window's load event. Please make sure it has an appropriate `as` value and it is preloaded intentionally. @ https://sniffies.com/:0
[10917488ms] [WARNING] The resource https://sniffies.com/assets/images/vm-sprite-120px.jpg was preloaded using link preload but not used within a few seconds from the window's load event. Please make sure it has an appropriate `as` value and it is preloaded intentionally. @ https://sniffies.com/:0
[10937991ms] [WARNING] The resource https://sniffies.com/assets/images/vm-sprite-120px.jpg was preloaded using link preload but not used within a few seconds from the window's load event. Please make sure it has an appropriate `as` value and it is preloaded intentionally. @ https://sniffies.com/:0
[10945045ms] [WARNING] The resource https://sniffies.com/assets/images/vm-sprite-120px.jpg was preloaded using link preload but not used within a few seconds from the window's load event. Please make sure it has an appropriate `as` value and it is preloaded intentionally. @ https://sniffies.com/:0
[10955187ms] [WARNING] The resource https://sniffies.com/assets/images/vm-sprite-120px.jpg was preloaded using link preload but not used within a few seconds from the window's load event. Please make sure it has an appropriate `as` value and it is preloaded intentionally. @ https://sniffies.com/:0
[10958681ms] [WARNING] The resource https://sniffies.com/assets/images/vm-sprite-120px.jpg was preloaded using link preload but not used within a few seconds from the window's load event. Please make sure it has an appropriate `as` value and it is preloaded intentionally. @ https://sniffies.com/:0
[10965579ms] [WARNING] The resource https://sniffies.com/assets/images/vm-sprite-120px.jpg was preloaded using link preload but not used within a few seconds from the window's load event. Please make sure it has an appropriate `as` value and it is preloaded intentionally. @ https://sniffies.com/:0
[10974849ms] [WARNING] The resource https://sniffies.com/assets/images/vm-sprite-120px.jpg was preloaded using link preload but not used within a few seconds from the window's load event. Please make sure it has an appropriate `as` value and it is preloaded intentionally. @ https://sniffies.com/:0
[10979590ms] [WARNING] The resource https://sniffies.com/assets/images/vm-sprite-120px.jpg was preloaded using link preload but not used within a few seconds from the window's load event. Please make sure it has an appropriate `as` value and it is preloaded intentionally. @ https://sniffies.com/:0
[10985440ms] [WARNING] The resource https://sniffies.com/assets/images/vm-sprite-120px.jpg was preloaded using link preload but not used within a few seconds from the window's load event. Please make sure it has an appropriate `as` value and it is preloaded intentionally. @ https://sniffies.com/:0
[10998093ms] [WARNING] The resource https://sniffies.com/assets/images/vm-sprite-120px.jpg was preloaded using link preload but not used within a few seconds from the window's load event. Please make sure it has an appropriate `as` value and it is preloaded intentionally. @ https://sniffies.com/:0
[11012767ms] [WARNING] The resource https://sniffies.com/assets/images/vm-sprite-120px.jpg was preloaded using link preload but not used within a few seconds from the window's load event. Please make sure it has an appropriate `as` value and it is preloaded intentionally. @ https://sniffies.com/:0
[11022440ms] [WARNING] The resource https://sniffies.com/assets/images/vm-sprite-120px.jpg was preloaded using link preload but not used within a few seconds from the window's load event. Please make sure it has an appropriate `as` value and it is preloaded intentionally. @ https://sniffies.com/:0
[11032089ms] [WARNING] The resource https://sniffies.com/assets/images/vm-sprite-120px.jpg was preloaded using link preload but not used within a few seconds from the window's load event. Please make sure it has an appropriate `as` value and it is preloaded intentionally. @ https://sniffies.com/:0
[11046523ms] [WARNING] The resource https://sniffies.com/assets/images/vm-sprite-120px.jpg was preloaded using link preload but not used within a few seconds from the window's load event. Please make sure it has an appropriate `as` value and it is preloaded intentionally. @ https://sniffies.com/:0
[11054221ms] [WARNING] The resource https://sniffies.com/assets/images/vm-sprite-120px.jpg was preloaded using link preload but not used within a few seconds from the window's load event. Please make sure it has an appropriate `as` value and it is preloaded intentionally. @ https://sniffies.com/:0
[11062404ms] [WARNING] The resource https://sniffies.com/assets/images/vm-sprite-120px.jpg was preloaded using link preload but not used within a few seconds from the window's load event. Please make sure it has an appropriate `as` value and it is preloaded intentionally. @ https://sniffies.com/:0
[11073527ms] [WARNING] The resource https://sniffies.com/assets/images/vm-sprite-120px.jpg was preloaded using link preload but not used within a few seconds from the window's load event. Please make sure it has an appropriate `as` value and it is preloaded intentionally. @ https://sniffies.com/:0
[11082576ms] [WARNING] The resource https://sniffies.com/assets/images/vm-sprite-120px.jpg was preloaded using link preload but not used within a few seconds from the window's load event. Please make sure it has an appropriate `as` value and it is preloaded intentionally. @ https://sniffies.com/:0
[11086504ms] [WARNING] The resource https://sniffies.com/assets/images/vm-sprite-120px.jpg was preloaded using link preload but not used within a few seconds from the window's load event. Please make sure it has an appropriate `as` value and it is preloaded intentionally. @ https://sniffies.com/:0
[11089887ms] [WARNING] The resource https://sniffies.com/assets/images/vm-sprite-120px.jpg was preloaded using link preload but not used within a few seconds from the window's load event. Please make sure it has an appropriate `as` value and it is preloaded intentionally. @ https://sniffies.com/:0
[11097732ms] [WARNING] The resource https://sniffies.com/assets/images/vm-sprite-120px.jpg was preloaded using link preload but not used within a few seconds from the window's load event. Please make sure it has an appropriate `as` value and it is preloaded intentionally. @ https://sniffies.com/:0
[11101341ms] [WARNING] The resource https://sniffies.com/assets/images/vm-sprite-120px.jpg was preloaded using link preload but not used within a few seconds from the window's load event. Please make sure it has an appropriate `as` value and it is preloaded intentionally. @ https://sniffies.com/:0
[11105581ms] [WARNING] The resource https://sniffies.com/assets/images/vm-sprite-120px.jpg was preloaded using link preload but not used within a few seconds from the window's load event. Please make sure it has an appropriate `as` value and it is preloaded intentionally. @ https://sniffies.com/:0
[11108876ms] [WARNING] The resource https://sniffies.com/assets/images/vm-sprite-120px.jpg was preloaded using link preload but not used within a few seconds from the window's load event. Please make sure it has an appropriate `as` value and it is preloaded intentionally. @ https://sniffies.com/:0
[11117878ms] [WARNING] The resource https://sniffies.com/assets/images/vm-sprite-120px.jpg was preloaded using link preload but not used within a few seconds from the window's load event. Please make sure it has an appropriate `as` value and it is preloaded intentionally. @ https://sniffies.com/:0
[11128481ms] [WARNING] The resource https://sniffies.com/assets/images/vm-sprite-120px.jpg was preloaded using link preload but not used within a few seconds from the window's load event. Please make sure it has an appropriate `as` value and it is preloaded intentionally. @ https://sniffies.com/:0
[11135081ms] [WARNING] The resource https://sniffies.com/assets/images/vm-sprite-120px.jpg was preloaded using link preload but not used within a few seconds from the window's load event. Please make sure it has an appropriate `as` value and it is preloaded intentionally. @ https://sniffies.com/:0
[11148688ms] [WARNING] The resource https://sniffies.com/assets/images/vm-sprite-120px.jpg was preloaded using link preload but not used within a few seconds from the window's load event. Please make sure it has an appropriate `as` value and it is preloaded intentionally. @ https://sniffies.com/:0
[11157438ms] [WARNING] The resource https://sniffies.com/assets/images/vm-sprite-120px.jpg was preloaded using link preload but not used within a few seconds from the window's load event. Please make sure it has an appropriate `as` value and it is preloaded intentionally. @ https://sniffies.com/:0
[11163573ms] [WARNING] The resource https://sniffies.com/assets/images/vm-sprite-120px.jpg was preloaded using link preload but not used within a few seconds from the window's load event. Please make sure it has an appropriate `as` value and it is preloaded intentionally. @ https://sniffies.com/:0
[11170364ms] [WARNING] The resource https://sniffies.com/assets/images/vm-sprite-120px.jpg was preloaded using link preload but not used within a few seconds from the window's load event. Please make sure it has an appropriate `as` value and it is preloaded intentionally. @ https://sniffies.com/:0
[11178310ms] [WARNING] The resource https://sniffies.com/assets/images/vm-sprite-120px.jpg was preloaded using link preload but not used within a few seconds from the window's load event. Please make sure it has an appropriate `as` value and it is preloaded intentionally. @ https://sniffies.com/:0
[11191225ms] [WARNING] The resource https://sniffies.com/assets/images/vm-sprite-120px.jpg was preloaded using link preload but not used within a few seconds from the window's load event. Please make sure it has an appropriate `as` value and it is preloaded intentionally. @ https://sniffies.com/:0
[11195102ms] [WARNING] The resource https://sniffies.com/assets/images/vm-sprite-120px.jpg was preloaded using link preload but not used within a few seconds from the window's load event. Please make sure it has an appropriate `as` value and it is preloaded intentionally. @ https://sniffies.com/:0
[11200994ms] [WARNING] The resource https://sniffies.com/assets/images/vm-sprite-120px.jpg was preloaded using link preload but not used within a few seconds from the window's load event. Please make sure it has an appropriate `as` value and it is preloaded intentionally. @ https://sniffies.com/:0
[11210137ms] [WARNING] The resource https://sniffies.com/assets/images/vm-sprite-120px.jpg was preloaded using link preload but not used within a few seconds from the window's load event. Please make sure it has an appropriate `as` value and it is preloaded intentionally. @ https://sniffies.com/:0
[11227325ms] [WARNING] The resource https://sniffies.com/assets/images/vm-sprite-120px.jpg was preloaded using link preload but not used within a few seconds from the window's load event. Please make sure it has an appropriate `as` value and it is preloaded intentionally. @ https://sniffies.com/:0
[11231633ms] [WARNING] The resource https://sniffies.com/assets/images/vm-sprite-120px.jpg was preloaded using link preload but not used within a few seconds from the window's load event. Please make sure it has an appropriate `as` value and it is preloaded intentionally. @ https://sniffies.com/:0
[11241500ms] [WARNING] The resource https://sniffies.com/assets/images/vm-sprite-120px.jpg was preloaded using link preload but not used within a few seconds from the window's load event. Please make sure it has an appropriate `as` value and it is preloaded intentionally. @ https://sniffies.com/:0
[11245105ms] [WARNING] The resource https://sniffies.com/assets/images/vm-sprite-120px.jpg was preloaded using link preload but not used within a few seconds from the window's load event. Please make sure it has an appropriate `as` value and it is preloaded intentionally. @ https://sniffies.com/:0
[11248996ms] [WARNING] The resource https://sniffies.com/assets/images/vm-sprite-120px.jpg was preloaded using link preload but not used within a few seconds from the window's load event. Please make sure it has an appropriate `as` value and it is preloaded intentionally. @ https://sniffies.com/:0
[11270809ms] [WARNING] The resource https://sniffies.com/assets/images/vm-sprite-120px.jpg was preloaded using link preload but not used within a few seconds from the window's load event. Please make sure it has an appropriate `as` value and it is preloaded intentionally. @ https://sniffies.com/:0
[11283679ms] [WARNING] The resource https://sniffies.com/assets/images/vm-sprite-120px.jpg was preloaded using link preload but not used within a few seconds from the window's load event. Please make sure it has an appropriate `as` value and it is preloaded intentionally. @ https://sniffies.com/:0
[11298729ms] [WARNING] The resource https://sniffies.com/assets/images/vm-sprite-120px.jpg was preloaded using link preload but not used within a few seconds from the window's load event. Please make sure it has an appropriate `as` value and it is preloaded intentionally. @ https://sniffies.com/:0
[11304049ms] [WARNING] The resource https://sniffies.com/assets/images/vm-sprite-120px.jpg was preloaded using link preload but not used within a few seconds from the window's load event. Please make sure it has an appropriate `as` value and it is preloaded intentionally. @ https://sniffies.com/:0
[11322087ms] [WARNING] The resource https://sniffies.com/assets/images/vm-sprite-120px.jpg was preloaded using link preload but not used within a few seconds from the window's load event. Please make sure it has an appropriate `as` value and it is preloaded intentionally. @ https://sniffies.com/:0
[11328602ms] [WARNING] The resource https://sniffies.com/assets/images/vm-sprite-120px.jpg was preloaded using link preload but not used within a few seconds from the window's load event. Please make sure it has an appropriate `as` value and it is preloaded intentionally. @ https://sniffies.com/:0
[11335246ms] [WARNING] The resource https://sniffies.com/assets/images/vm-sprite-120px.jpg was preloaded using link preload but not used within a few seconds from the window's load event. Please make sure it has an appropriate `as` value and it is preloaded intentionally. @ https://sniffies.com/:0
[11345045ms] [WARNING] The resource https://sniffies.com/assets/images/vm-sprite-120px.jpg was preloaded using link preload but not used within a few seconds from the window's load event. Please make sure it has an appropriate `as` value and it is preloaded intentionally. @ https://sniffies.com/:0
[11351542ms] [WARNING] The resource https://sniffies.com/assets/images/vm-sprite-120px.jpg was preloaded using link preload but not used within a few seconds from the window's load event. Please make sure it has an appropriate `as` value and it is preloaded intentionally. @ https://sniffies.com/:0
[11359157ms] [WARNING] The resource https://sniffies.com/assets/images/vm-sprite-120px.jpg was preloaded using link preload but not used within a few seconds from the window's load event. Please make sure it has an appropriate `as` value and it is preloaded intentionally. @ https://sniffies.com/:0
[11362400ms] [WARNING] The resource https://sniffies.com/assets/images/vm-sprite-120px.jpg was preloaded using link preload but not used within a few seconds from the window's load event. Please make sure it has an appropriate `as` value and it is preloaded intentionally. @ https://sniffies.com/:0
[11365873ms] [WARNING] The resource https://sniffies.com/assets/images/vm-sprite-120px.jpg was preloaded using link preload but not used within a few seconds from the window's load event. Please make sure it has an appropriate `as` value and it is preloaded intentionally. @ https://sniffies.com/:0
[11370500ms] [WARNING] The resource https://sniffies.com/assets/images/vm-sprite-120px.jpg was preloaded using link preload but not used within a few seconds from the window's load event. Please make sure it has an appropriate `as` value and it is preloaded intentionally. @ https://sniffies.com/:0
[11379461ms] [WARNING] The resource https://sniffies.com/assets/images/vm-sprite-120px.jpg was preloaded using link preload but not used within a few seconds from the window's load event. Please make sure it has an appropriate `as` value and it is preloaded intentionally. @ https://sniffies.com/:0
[11383796ms] [WARNING] The resource https://sniffies.com/assets/images/vm-sprite-120px.jpg was preloaded using link preload but not used within a few seconds from the window's load event. Please make sure it has an appropriate `as` value and it is preloaded intentionally. @ https://sniffies.com/:0
[11389975ms] [WARNING] The resource https://sniffies.com/assets/images/vm-sprite-120px.jpg was preloaded using link preload but not used within a few seconds from the window's load event. Please make sure it has an appropriate `as` value and it is preloaded intentionally. @ https://sniffies.com/:0
[11398608ms] [WARNING] The resource https://sniffies.com/assets/images/vm-sprite-120px.jpg was preloaded using link preload but not used within a few seconds from the window's load event. Please make sure it has an appropriate `as` value and it is preloaded intentionally. @ https://sniffies.com/:0
[11407067ms] [WARNING] The resource https://sniffies.com/assets/images/vm-sprite-120px.jpg was preloaded using link preload but not used within a few seconds from the window's load event. Please make sure it has an appropriate `as` value and it is preloaded intentionally. @ https://sniffies.com/:0
[11429722ms] [WARNING] The resource https://sniffies.com/assets/images/vm-sprite-120px.jpg was preloaded using link preload but not used within a few seconds from the window's load event. Please make sure it has an appropriate `as` value and it is preloaded intentionally. @ https://sniffies.com/:0
[11442095ms] [WARNING] The resource https://sniffies.com/assets/images/vm-sprite-120px.jpg was preloaded using link preload but not used within a few seconds from the window's load event. Please make sure it has an appropriate `as` value and it is preloaded intentionally. @ https://sniffies.com/:0
[11447821ms] [WARNING] The resource https://sniffies.com/assets/images/vm-sprite-120px.jpg was preloaded using link preload but not used within a few seconds from the window's load event. Please make sure it has an appropriate `as` value and it is preloaded intentionally. @ https://sniffies.com/:0
[11457539ms] [WARNING] The resource https://sniffies.com/assets/images/vm-sprite-120px.jpg was preloaded using link preload but not used within a few seconds from the window's load event. Please make sure it has an appropriate `as` value and it is preloaded intentionally. @ https://sniffies.com/:0
[11464932ms] [WARNING] The resource https://sniffies.com/assets/images/vm-sprite-120px.jpg was preloaded using link preload but not used within a few seconds from the window's load event. Please make sure it has an appropriate `as` value and it is preloaded intentionally. @ https://sniffies.com/:0
[11473879ms] [WARNING] The resource https://sniffies.com/assets/images/vm-sprite-120px.jpg was preloaded using link preload but not used within a few seconds from the window's load event. Please make sure it has an appropriate `as` value and it is preloaded intentionally. @ https://sniffies.com/:0
[11479184ms] [WARNING] The resource https://sniffies.com/assets/images/vm-sprite-120px.jpg was preloaded using link preload but not used within a few seconds from the window's load event. Please make sure it has an appropriate `as` value and it is preloaded intentionally. @ https://sniffies.com/:0
[11487096ms] [WARNING] The resource https://sniffies.com/assets/images/vm-sprite-120px.jpg was preloaded using link preload but not used within a few seconds from the window's load event. Please make sure it has an appropriate `as` value and it is preloaded intentionally. @ https://sniffies.com/:0
[11491748ms] [WARNING] The resource https://sniffies.com/assets/images/vm-sprite-120px.jpg was preloaded using link preload but not used within a few seconds from the window's load event. Please make sure it has an appropriate `as` value and it is preloaded intentionally. @ https://sniffies.com/:0
[11507228ms] [WARNING] The resource https://sniffies.com/assets/images/vm-sprite-120px.jpg was preloaded using link preload but not used within a few seconds from the window's load event. Please make sure it has an appropriate `as` value and it is preloaded intentionally. @ https://sniffies.com/:0
[11518103ms] [WARNING] The resource https://sniffies.com/assets/images/vm-sprite-120px.jpg was preloaded using link preload but not used within a few seconds from the window's load event. Please make sure it has an appropriate `as` value and it is preloaded intentionally. @ https://sniffies.com/:0
[11523089ms] [WARNING] The resource https://sniffies.com/assets/images/vm-sprite-120px.jpg was preloaded using link preload but not used within a few seconds from the window's load event. Please make sure it has an appropriate `as` value and it is preloaded intentionally. @ https://sniffies.com/:0
[11528745ms] [WARNING] The resource https://sniffies.com/assets/images/vm-sprite-120px.jpg was preloaded using link preload but not used within a few seconds from the window's load event. Please make sure it has an appropriate `as` value and it is preloaded intentionally. @ https://sniffies.com/:0
[11537670ms] [WARNING] The resource https://sniffies.com/assets/images/vm-sprite-120px.jpg was preloaded using link preload but not used within a few seconds from the window's load event. Please make sure it has an appropriate `as` value and it is preloaded intentionally. @ https://sniffies.com/:0
[11541294ms] [WARNING] The resource https://sniffies.com/assets/images/vm-sprite-120px.jpg was preloaded using link preload but not used within a few seconds from the window's load event. Please make sure it has an appropriate `as` value and it is preloaded intentionally. @ https://sniffies.com/:0
[11547391ms] [WARNING] The resource https://sniffies.com/assets/images/vm-sprite-120px.jpg was preloaded using link preload but not used within a few seconds from the window's load event. Please make sure it has an appropriate `as` value and it is preloaded intentionally. @ https://sniffies.com/:0
[11555744ms] [WARNING] The resource https://sniffies.com/assets/images/vm-sprite-120px.jpg was preloaded using link preload but not used within a few seconds from the window's load event. Please make sure it has an appropriate `as` value and it is preloaded intentionally. @ https://sniffies.com/:0
[11574392ms] [WARNING] The resource https://sniffies.com/assets/images/vm-sprite-120px.jpg was preloaded using link preload but not used within a few seconds from the window's load event. Please make sure it has an appropriate `as` value and it is preloaded intentionally. @ https://sniffies.com/:0
[11581286ms] [WARNING] The resource https://sniffies.com/assets/images/vm-sprite-120px.jpg was preloaded using link preload but not used within a few seconds from the window's load event. Please make sure it has an appropriate `as` value and it is preloaded intentionally. @ https://sniffies.com/:0
[11589938ms] [WARNING] The resource https://sniffies.com/assets/images/vm-sprite-120px.jpg was preloaded using link preload but not used within a few seconds from the window's load event. Please make sure it has an appropriate `as` value and it is preloaded intentionally. @ https://sniffies.com/:0
[11596970ms] [WARNING] The resource https://sniffies.com/assets/images/vm-sprite-120px.jpg was preloaded using link preload but not used within a few seconds from the window's load event. Please make sure it has an appropriate `as` value and it is preloaded intentionally. @ https://sniffies.com/:0
[11606182ms] [WARNING] The resource https://sniffies.com/assets/images/vm-sprite-120px.jpg was preloaded using link preload but not used within a few seconds from the window's load event. Please make sure it has an appropriate `as` value and it is preloaded intentionally. @ https://sniffies.com/:0
[11629079ms] [WARNING] The resource https://sniffies.com/assets/images/vm-sprite-120px.jpg was preloaded using link preload but not used within a few seconds from the window's load event. Please make sure it has an appropriate `as` value and it is preloaded intentionally. @ https://sniffies.com/:0
[11634196ms] [WARNING] The resource https://sniffies.com/assets/images/vm-sprite-120px.jpg was preloaded using link preload but not used within a few seconds from the window's load event. Please make sure it has an appropriate `as` value and it is preloaded intentionally. @ https://sniffies.com/:0
[11644784ms] [WARNING] The resource https://sniffies.com/assets/images/vm-sprite-120px.jpg was preloaded using link preload but not used within a few seconds from the window's load event. Please make sure it has an appropriate `as` value and it is preloaded intentionally. @ https://sniffies.com/:0
[11653509ms] [WARNING] The resource https://sniffies.com/assets/images/vm-sprite-120px.jpg was preloaded using link preload but not used within a few seconds from the window's load event. Please make sure it has an appropriate `as` value and it is preloaded intentionally. @ https://sniffies.com/:0
[11659498ms] [WARNING] The resource https://sniffies.com/assets/images/vm-sprite-120px.jpg was preloaded using link preload but not used within a few seconds from the window's load event. Please make sure it has an appropriate `as` value and it is preloaded intentionally. @ https://sniffies.com/:0
[11665441ms] [WARNING] The resource https://sniffies.com/assets/images/vm-sprite-120px.jpg was preloaded using link preload but not used within a few seconds from the window's load event. Please make sure it has an appropriate `as` value and it is preloaded intentionally. @ https://sniffies.com/:0
[11676692ms] [WARNING] The resource https://sniffies.com/assets/images/vm-sprite-120px.jpg was preloaded using link preload but not used within a few seconds from the window's load event. Please make sure it has an appropriate `as` value and it is preloaded intentionally. @ https://sniffies.com/:0
[11689788ms] [WARNING] The resource https://sniffies.com/assets/images/vm-sprite-120px.jpg was preloaded using link preload but not used within a few seconds from the window's load event. Please make sure it has an appropriate `as` value and it is preloaded intentionally. @ https://sniffies.com/:0
[11694627ms] [WARNING] The resource https://sniffies.com/assets/images/vm-sprite-120px.jpg was preloaded using link preload but not used within a few seconds from the window's load event. Please make sure it has an appropriate `as` value and it is preloaded intentionally. @ https://sniffies.com/:0
[11701890ms] [WARNING] The resource https://sniffies.com/assets/images/vm-sprite-120px.jpg was preloaded using link preload but not used within a few seconds from the window's load event. Please make sure it has an appropriate `as` value and it is preloaded intentionally. @ https://sniffies.com/:0
[11711724ms] [WARNING] The resource https://sniffies.com/assets/images/vm-sprite-120px.jpg was preloaded using link preload but not used within a few seconds from the window's load event. Please make sure it has an appropriate `as` value and it is preloaded intentionally. @ https://sniffies.com/:0
[11719392ms] [WARNING] The resource https://sniffies.com/assets/images/vm-sprite-120px.jpg was preloaded using link preload but not used within a few seconds from the window's load event. Please make sure it has an appropriate `as` value and it is preloaded intentionally. @ https://sniffies.com/:0
[11734052ms] [WARNING] The resource https://sniffies.com/assets/images/vm-sprite-120px.jpg was preloaded using link preload but not used within a few seconds from the window's load event. Please make sure it has an appropriate `as` value and it is preloaded intentionally. @ https://sniffies.com/:0
[11745929ms] [WARNING] The resource https://sniffies.com/assets/images/vm-sprite-120px.jpg was preloaded using link preload but not used within a few seconds from the window's load event. Please make sure it has an appropriate `as` value and it is preloaded intentionally. @ https://sniffies.com/:0
[11752427ms] [WARNING] The resource https://sniffies.com/assets/images/vm-sprite-120px.jpg was preloaded using link preload but not used within a few seconds from the window's load event. Please make sure it has an appropriate `as` value and it is preloaded intentionally. @ https://sniffies.com/:0
[11760971ms] [WARNING] The resource https://sniffies.com/assets/images/vm-sprite-120px.jpg was preloaded using link preload but not used within a few seconds from the window's load event. Please make sure it has an appropriate `as` value and it is preloaded intentionally. @ https://sniffies.com/:0
[11775334ms] [WARNING] The resource https://sniffies.com/assets/images/vm-sprite-120px.jpg was preloaded using link preload but not used within a few seconds from the window's load event. Please make sure it has an appropriate `as` value and it is preloaded intentionally. @ https://sniffies.com/:0
[11782283ms] [WARNING] The resource https://sniffies.com/assets/images/vm-sprite-120px.jpg was preloaded using link preload but not used within a few seconds from the window's load event. Please make sure it has an appropriate `as` value and it is preloaded intentionally. @ https://sniffies.com/:0
[11790293ms] [WARNING] The resource https://sniffies.com/assets/images/vm-sprite-120px.jpg was preloaded using link preload but not used within a few seconds from the window's load event. Please make sure it has an appropriate `as` value and it is preloaded intentionally. @ https://sniffies.com/:0
[11802462ms] [WARNING] The resource https://sniffies.com/assets/images/vm-sprite-120px.jpg was preloaded using link preload but not used within a few seconds from the window's load event. Please make sure it has an appropriate `as` value and it is preloaded intentionally. @ https://sniffies.com/:0
[11810611ms] [WARNING] The resource https://sniffies.com/assets/images/vm-sprite-120px.jpg was preloaded using link preload but not used within a few seconds from the window's load event. Please make sure it has an appropriate `as` value and it is preloaded intentionally. @ https://sniffies.com/:0
[11814903ms] [WARNING] The resource https://sniffies.com/assets/images/vm-sprite-120px.jpg was preloaded using link preload but not used within a few seconds from the window's load event. Please make sure it has an appropriate `as` value and it is preloaded intentionally. @ https://sniffies.com/:0
[11822466ms] [WARNING] The resource https://sniffies.com/assets/images/vm-sprite-120px.jpg was preloaded using link preload but not used within a few seconds from the window's load event. Please make sure it has an appropriate `as` value and it is preloaded intentionally. @ https://sniffies.com/:0
[11852850ms] [WARNING] The resource https://sniffies.com/assets/images/vm-sprite-120px.jpg was preloaded using link preload but not used within a few seconds from the window's load event. Please make sure it has an appropriate `as` value and it is preloaded intentionally. @ https://sniffies.com/:0
[11856267ms] [WARNING] The resource https://sniffies.com/assets/images/vm-sprite-120px.jpg was preloaded using link preload but not used within a few seconds from the window's load event. Please make sure it has an appropriate `as` value and it is preloaded intentionally. @ https://sniffies.com/:0
[11864497ms] [WARNING] The resource https://sniffies.com/assets/images/vm-sprite-120px.jpg was preloaded using link preload but not used within a few seconds from the window's load event. Please make sure it has an appropriate `as` value and it is preloaded intentionally. @ https://sniffies.com/:0
[11876461ms] [WARNING] The resource https://sniffies.com/assets/images/vm-sprite-120px.jpg was preloaded using link preload but not used within a few seconds from the window's load event. Please make sure it has an appropriate `as` value and it is preloaded intentionally. @ https://sniffies.com/:0
[11880863ms] [WARNING] The resource https://sniffies.com/assets/images/vm-sprite-120px.jpg was preloaded using link preload but not used within a few seconds from the window's load event. Please make sure it has an appropriate `as` value and it is preloaded intentionally. @ https://sniffies.com/:0
[11885423ms] [WARNING] The resource https://sniffies.com/assets/images/vm-sprite-120px.jpg was preloaded using link preload but not used within a few seconds from the window's load event. Please make sure it has an appropriate `as` value and it is preloaded intentionally. @ https://sniffies.com/:0
[11902099ms] [WARNING] The resource https://sniffies.com/assets/images/vm-sprite-120px.jpg was preloaded using link preload but not used within a few seconds from the window's load event. Please make sure it has an appropriate `as` value and it is preloaded intentionally. @ https://sniffies.com/:0
[11905629ms] [WARNING] The resource https://sniffies.com/assets/images/vm-sprite-120px.jpg was preloaded using link preload but not used within a few seconds from the window's load event. Please make sure it has an appropriate `as` value and it is preloaded intentionally. @ https://sniffies.com/:0
[11913826ms] [WARNING] The resource https://sniffies.com/assets/images/vm-sprite-120px.jpg was preloaded using link preload but not used within a few seconds from the window's load event. Please make sure it has an appropriate `as` value and it is preloaded intentionally. @ https://sniffies.com/:0
[11930478ms] [WARNING] The resource https://sniffies.com/assets/images/vm-sprite-120px.jpg was preloaded using link preload but not used within a few seconds from the window's load event. Please make sure it has an appropriate `as` value and it is preloaded intentionally. @ https://sniffies.com/:0
[11934586ms] [WARNING] The resource https://sniffies.com/assets/images/vm-sprite-120px.jpg was preloaded using link preload but not used within a few seconds from the window's load event. Please make sure it has an appropriate `as` value and it is preloaded intentionally. @ https://sniffies.com/:0
[11940296ms] [WARNING] The resource https://sniffies.com/assets/images/vm-sprite-120px.jpg was preloaded using link preload but not used within a few seconds from the window's load event. Please make sure it has an appropriate `as` value and it is preloaded intentionally. @ https://sniffies.com/:0
[11944605ms] [WARNING] The resource https://sniffies.com/assets/images/vm-sprite-120px.jpg was preloaded using link preload but not used within a few seconds from the window's load event. Please make sure it has an appropriate `as` value and it is preloaded intentionally. @ https://sniffies.com/:0
[11958314ms] [WARNING] The resource https://sniffies.com/assets/images/vm-sprite-120px.jpg was preloaded using link preload but not used within a few seconds from the window's load event. Please make sure it has an appropriate `as` value and it is preloaded intentionally. @ https://sniffies.com/:0
[11964933ms] [WARNING] The resource https://sniffies.com/assets/images/vm-sprite-120px.jpg was preloaded using link preload but not used within a few seconds from the window's load event. Please make sure it has an appropriate `as` value and it is preloaded intentionally. @ https://sniffies.com/:0
[11968915ms] [WARNING] The resource https://sniffies.com/assets/images/vm-sprite-120px.jpg was preloaded using link preload but not used within a few seconds from the window's load event. Please make sure it has an appropriate `as` value and it is preloaded intentionally. @ https://sniffies.com/:0
[11980750ms] [WARNING] The resource https://sniffies.com/assets/images/vm-sprite-120px.jpg was preloaded using link preload but not used within a few seconds from the window's load event. Please make sure it has an appropriate `as` value and it is preloaded intentionally. @ https://sniffies.com/:0
[11989030ms] [WARNING] The resource https://sniffies.com/assets/images/vm-sprite-120px.jpg was preloaded using link preload but not used within a few seconds from the window's load event. Please make sure it has an appropriate `as` value and it is preloaded intentionally. @ https://sniffies.com/:0
[11995499ms] [WARNING] The resource https://sniffies.com/assets/images/vm-sprite-120px.jpg was preloaded using link preload but not used within a few seconds from the window's load event. Please make sure it has an appropriate `as` value and it is preloaded intentionally. @ https://sniffies.com/:0
[12003275ms] [WARNING] The resource https://sniffies.com/assets/images/vm-sprite-120px.jpg was preloaded using link preload but not used within a few seconds from the window's load event. Please make sure it has an appropriate `as` value and it is preloaded intentionally. @ https://sniffies.com/:0
[12010194ms] [WARNING] The resource https://sniffies.com/assets/images/vm-sprite-120px.jpg was preloaded using link preload but not used within a few seconds from the window's load event. Please make sure it has an appropriate `as` value and it is preloaded intentionally. @ https://sniffies.com/:0
[12014464ms] [WARNING] The resource https://sniffies.com/assets/images/vm-sprite-120px.jpg was preloaded using link preload but not used within a few seconds from the window's load event. Please make sure it has an appropriate `as` value and it is preloaded intentionally. @ https://sniffies.com/:0
[12022514ms] [WARNING] The resource https://sniffies.com/assets/images/vm-sprite-120px.jpg was preloaded using link preload but not used within a few seconds from the window's load event. Please make sure it has an appropriate `as` value and it is preloaded intentionally. @ https://sniffies.com/:0
[12027764ms] [WARNING] The resource https://sniffies.com/assets/images/vm-sprite-120px.jpg was preloaded using link preload but not used within a few seconds from the window's load event. Please make sure it has an appropriate `as` value and it is preloaded intentionally. @ https://sniffies.com/:0
[12038394ms] [WARNING] The resource https://sniffies.com/assets/images/vm-sprite-120px.jpg was preloaded using link preload but not used within a few seconds from the window's load event. Please make sure it has an appropriate `as` value and it is preloaded intentionally. @ https://sniffies.com/:0
[12047718ms] [WARNING] The resource https://sniffies.com/assets/images/vm-sprite-120px.jpg was preloaded using link preload but not used within a few seconds from the window's load event. Please make sure it has an appropriate `as` value and it is preloaded intentionally. @ https://sniffies.com/:0
[12060579ms] [WARNING] The resource https://sniffies.com/assets/images/vm-sprite-120px.jpg was preloaded using link preload but not used within a few seconds from the window's load event. Please make sure it has an appropriate `as` value and it is preloaded intentionally. @ https://sniffies.com/:0
[12072184ms] [WARNING] The resource https://sniffies.com/assets/images/vm-sprite-120px.jpg was preloaded using link preload but not used within a few seconds from the window's load event. Please make sure it has an appropriate `as` value and it is preloaded intentionally. @ https://sniffies.com/:0
[12076118ms] [WARNING] The resource https://sniffies.com/assets/images/vm-sprite-120px.jpg was preloaded using link preload but not used within a few seconds from the window's load event. Please make sure it has an appropriate `as` value and it is preloaded intentionally. @ https://sniffies.com/:0
[12080374ms] [WARNING] The resource https://sniffies.com/assets/images/vm-sprite-120px.jpg was preloaded using link preload but not used within a few seconds from the window's load event. Please make sure it has an appropriate `as` value and it is preloaded intentionally. @ https://sniffies.com/:0
[12090425ms] [WARNING] The resource https://sniffies.com/assets/images/vm-sprite-120px.jpg was preloaded using link preload but not used within a few seconds from the window's load event. Please make sure it has an appropriate `as` value and it is preloaded intentionally. @ https://sniffies.com/:0
[12100862ms] [WARNING] The resource https://sniffies.com/assets/images/vm-sprite-120px.jpg was preloaded using link preload but not used within a few seconds from the window's load event. Please make sure it has an appropriate `as` value and it is preloaded intentionally. @ https://sniffies.com/:0
[12104789ms] [WARNING] The resource https://sniffies.com/assets/images/vm-sprite-120px.jpg was preloaded using link preload but not used within a few seconds from the window's load event. Please make sure it has an appropriate `as` value and it is preloaded intentionally. @ https://sniffies.com/:0
[12110173ms] [WARNING] The resource https://sniffies.com/assets/images/vm-sprite-120px.jpg was preloaded using link preload but not used within a few seconds from the window's load event. Please make sure it has an appropriate `as` value and it is preloaded intentionally. @ https://sniffies.com/:0
[12128119ms] [WARNING] The resource https://sniffies.com/assets/images/vm-sprite-120px.jpg was preloaded using link preload but not used within a few seconds from the window's load event. Please make sure it has an appropriate `as` value and it is preloaded intentionally. @ https://sniffies.com/:0
[12138854ms] [WARNING] The resource https://sniffies.com/assets/images/vm-sprite-120px.jpg was preloaded using link preload but not used within a few seconds from the window's load event. Please make sure it has an appropriate `as` value and it is preloaded intentionally. @ https://sniffies.com/:0
[12143959ms] [WARNING] The resource https://sniffies.com/assets/images/vm-sprite-120px.jpg was preloaded using link preload but not used within a few seconds from the window's load event. Please make sure it has an appropriate `as` value and it is preloaded intentionally. @ https://sniffies.com/:0
[12147392ms] [WARNING] The resource https://sniffies.com/assets/images/vm-sprite-120px.jpg was preloaded using link preload but not used within a few seconds from the window's load event. Please make sure it has an appropriate `as` value and it is preloaded intentionally. @ https://sniffies.com/:0
[12152297ms] [WARNING] The resource https://sniffies.com/assets/images/vm-sprite-120px.jpg was preloaded using link preload but not used within a few seconds from the window's load event. Please make sure it has an appropriate `as` value and it is preloaded intentionally. @ https://sniffies.com/:0
[12156284ms] [WARNING] The resource https://sniffies.com/assets/images/vm-sprite-120px.jpg was preloaded using link preload but not used within a few seconds from the window's load event. Please make sure it has an appropriate `as` value and it is preloaded intentionally. @ https://sniffies.com/:0
[12164239ms] [WARNING] The resource https://sniffies.com/assets/images/vm-sprite-120px.jpg was preloaded using link preload but not used within a few seconds from the window's load event. Please make sure it has an appropriate `as` value and it is preloaded intentionally. @ https://sniffies.com/:0
[12173169ms] [WARNING] The resource https://sniffies.com/assets/images/vm-sprite-120px.jpg was preloaded using link preload but not used within a few seconds from the window's load event. Please make sure it has an appropriate `as` value and it is preloaded intentionally. @ https://sniffies.com/:0
[12178045ms] [WARNING] The resource https://sniffies.com/assets/images/vm-sprite-120px.jpg was preloaded using link preload but not used within a few seconds from the window's load event. Please make sure it has an appropriate `as` value and it is preloaded intentionally. @ https://sniffies.com/:0
[12186573ms] [WARNING] The resource https://sniffies.com/assets/images/vm-sprite-120px.jpg was preloaded using link preload but not used within a few seconds from the window's load event. Please make sure it has an appropriate `as` value and it is preloaded intentionally. @ https://sniffies.com/:0
[12191083ms] [WARNING] The resource https://sniffies.com/assets/images/vm-sprite-120px.jpg was preloaded using link preload but not used within a few seconds from the window's load event. Please make sure it has an appropriate `as` value and it is preloaded intentionally. @ https://sniffies.com/:0
[12198580ms] [WARNING] The resource https://sniffies.com/assets/images/vm-sprite-120px.jpg was preloaded using link preload but not used within a few seconds from the window's load event. Please make sure it has an appropriate `as` value and it is preloaded intentionally. @ https://sniffies.com/:0
[12204626ms] [WARNING] The resource https://sniffies.com/assets/images/vm-sprite-120px.jpg was preloaded using link preload but not used within a few seconds from the window's load event. Please make sure it has an appropriate `as` value and it is preloaded intentionally. @ https://sniffies.com/:0
[12215072ms] [WARNING] The resource https://sniffies.com/assets/images/vm-sprite-120px.jpg was preloaded using link preload but not used within a few seconds from the window's load event. Please make sure it has an appropriate `as` value and it is preloaded intentionally. @ https://sniffies.com/:0
[12227771ms] [WARNING] The resource https://sniffies.com/assets/images/vm-sprite-120px.jpg was preloaded using link preload but not used within a few seconds from the window's load event. Please make sure it has an appropriate `as` value and it is preloaded intentionally. @ https://sniffies.com/:0
[12236732ms] [WARNING] The resource https://sniffies.com/assets/images/vm-sprite-120px.jpg was preloaded using link preload but not used within a few seconds from the window's load event. Please make sure it has an appropriate `as` value and it is preloaded intentionally. @ https://sniffies.com/:0
[12245442ms] [WARNING] The resource https://sniffies.com/assets/images/vm-sprite-120px.jpg was preloaded using link preload but not used within a few seconds from the window's load event. Please make sure it has an appropriate `as` value and it is preloaded intentionally. @ https://sniffies.com/:0
[12254013ms] [WARNING] The resource https://sniffies.com/assets/images/vm-sprite-120px.jpg was preloaded using link preload but not used within a few seconds from the window's load event. Please make sure it has an appropriate `as` value and it is preloaded intentionally. @ https://sniffies.com/:0
[12263020ms] [WARNING] The resource https://sniffies.com/assets/images/vm-sprite-120px.jpg was preloaded using link preload but not used within a few seconds from the window's load event. Please make sure it has an appropriate `as` value and it is preloaded intentionally. @ https://sniffies.com/:0
[12277217ms] [WARNING] The resource https://sniffies.com/assets/images/vm-sprite-120px.jpg was preloaded using link preload but not used within a few seconds from the window's load event. Please make sure it has an appropriate `as` value and it is preloaded intentionally. @ https://sniffies.com/:0
[12286014ms] [WARNING] The resource https://sniffies.com/assets/images/vm-sprite-120px.jpg was preloaded using link preload but not used within a few seconds from the window's load event. Please make sure it has an appropriate `as` value and it is preloaded intentionally. @ https://sniffies.com/:0
[12292513ms] [WARNING] The resource https://sniffies.com/assets/images/vm-sprite-120px.jpg was preloaded using link preload but not used within a few seconds from the window's load event. Please make sure it has an appropriate `as` value and it is preloaded intentionally. @ https://sniffies.com/:0
[12307296ms] [WARNING] The resource https://sniffies.com/assets/images/vm-sprite-120px.jpg was preloaded using link preload but not used within a few seconds from the window's load event. Please make sure it has an appropriate `as` value and it is preloaded intentionally. @ https://sniffies.com/:0
[12313443ms] [WARNING] The resource https://sniffies.com/assets/images/vm-sprite-120px.jpg was preloaded using link preload but not used within a few seconds from the window's load event. Please make sure it has an appropriate `as` value and it is preloaded intentionally. @ https://sniffies.com/:0
[12321254ms] [WARNING] The resource https://sniffies.com/assets/images/vm-sprite-120px.jpg was preloaded using link preload but not used within a few seconds from the window's load event. Please make sure it has an appropriate `as` value and it is preloaded intentionally. @ https://sniffies.com/:0
[12338497ms] [WARNING] The resource https://sniffies.com/assets/images/vm-sprite-120px.jpg was preloaded using link preload but not used within a few seconds from the window's load event. Please make sure it has an appropriate `as` value and it is preloaded intentionally. @ https://sniffies.com/:0
[12347113ms] [WARNING] The resource https://sniffies.com/assets/images/vm-sprite-120px.jpg was preloaded using link preload but not used within a few seconds from the window's load event. Please make sure it has an appropriate `as` value and it is preloaded intentionally. @ https://sniffies.com/:0
[12358405ms] [WARNING] The resource https://sniffies.com/assets/images/vm-sprite-120px.jpg was preloaded using link preload but not used within a few seconds from the window's load event. Please make sure it has an appropriate `as` value and it is preloaded intentionally. @ https://sniffies.com/:0
[12367133ms] [WARNING] The resource https://sniffies.com/assets/images/vm-sprite-120px.jpg was preloaded using link preload but not used within a few seconds from the window's load event. Please make sure it has an appropriate `as` value and it is preloaded intentionally. @ https://sniffies.com/:0
[12381379ms] [WARNING] The resource https://sniffies.com/assets/images/vm-sprite-120px.jpg was preloaded using link preload but not used within a few seconds from the window's load event. Please make sure it has an appropriate `as` value and it is preloaded intentionally. @ https://sniffies.com/:0
[12388061ms] [WARNING] The resource https://sniffies.com/assets/images/vm-sprite-120px.jpg was preloaded using link preload but not used within a few seconds from the window's load event. Please make sure it has an appropriate `as` value and it is preloaded intentionally. @ https://sniffies.com/:0
[12395959ms] [WARNING] The resource https://sniffies.com/assets/images/vm-sprite-120px.jpg was preloaded using link preload but not used within a few seconds from the window's load event. Please make sure it has an appropriate `as` value and it is preloaded intentionally. @ https://sniffies.com/:0
[12402505ms] [WARNING] The resource https://sniffies.com/assets/images/vm-sprite-120px.jpg was preloaded using link preload but not used within a few seconds from the window's load event. Please make sure it has an appropriate `as` value and it is preloaded intentionally. @ https://sniffies.com/:0
[12411746ms] [WARNING] The resource https://sniffies.com/assets/images/vm-sprite-120px.jpg was preloaded using link preload but not used within a few seconds from the window's load event. Please make sure it has an appropriate `as` value and it is preloaded intentionally. @ https://sniffies.com/:0
[12417285ms] [WARNING] The resource https://sniffies.com/assets/images/vm-sprite-120px.jpg was preloaded using link preload but not used within a few seconds from the window's load event. Please make sure it has an appropriate `as` value and it is preloaded intentionally. @ https://sniffies.com/:0
[12426534ms] [WARNING] The resource https://sniffies.com/assets/images/vm-sprite-120px.jpg was preloaded using link preload but not used within a few seconds from the window's load event. Please make sure it has an appropriate `as` value and it is preloaded intentionally. @ https://sniffies.com/:0
[12432418ms] [WARNING] The resource https://sniffies.com/assets/images/vm-sprite-120px.jpg was preloaded using link preload but not used within a few seconds from the window's load event. Please make sure it has an appropriate `as` value and it is preloaded intentionally. @ https://sniffies.com/:0
[12450939ms] [WARNING] The resource https://sniffies.com/assets/images/vm-sprite-120px.jpg was preloaded using link preload but not used within a few seconds from the window's load event. Please make sure it has an appropriate `as` value and it is preloaded intentionally. @ https://sniffies.com/:0
[12466198ms] [WARNING] The resource https://sniffies.com/assets/images/vm-sprite-120px.jpg was preloaded using link preload but not used within a few seconds from the window's load event. Please make sure it has an appropriate `as` value and it is preloaded intentionally. @ https://sniffies.com/:0
[12470907ms] [WARNING] The resource https://sniffies.com/assets/images/vm-sprite-120px.jpg was preloaded using link preload but not used within a few seconds from the window's load event. Please make sure it has an appropriate `as` value and it is preloaded intentionally. @ https://sniffies.com/:0
[12474393ms] [WARNING] The resource https://sniffies.com/assets/images/vm-sprite-120px.jpg was preloaded using link preload but not used within a few seconds from the window's load event. Please make sure it has an appropriate `as` value and it is preloaded intentionally. @ https://sniffies.com/:0
[12491827ms] [WARNING] The resource https://sniffies.com/assets/images/vm-sprite-120px.jpg was preloaded using link preload but not used within a few seconds from the window's load event. Please make sure it has an appropriate `as` value and it is preloaded intentionally. @ https://sniffies.com/:0
[12511311ms] [WARNING] The resource https://sniffies.com/assets/images/vm-sprite-120px.jpg was preloaded using link preload but not used within a few seconds from the window's load event. Please make sure it has an appropriate `as` value and it is preloaded intentionally. @ https://sniffies.com/:0
[12515966ms] [WARNING] The resource https://sniffies.com/assets/images/vm-sprite-120px.jpg was preloaded using link preload but not used within a few seconds from the window's load event. Please make sure it has an appropriate `as` value and it is preloaded intentionally. @ https://sniffies.com/:0
[12519637ms] [WARNING] The resource https://sniffies.com/assets/images/vm-sprite-120px.jpg was preloaded using link preload but not used within a few seconds from the window's load event. Please make sure it has an appropriate `as` value and it is preloaded intentionally. @ https://sniffies.com/:0
[12529926ms] [WARNING] The resource https://sniffies.com/assets/images/vm-sprite-120px.jpg was preloaded using link preload but not used within a few seconds from the window's load event. Please make sure it has an appropriate `as` value and it is preloaded intentionally. @ https://sniffies.com/:0
[12534497ms] [WARNING] The resource https://sniffies.com/assets/images/vm-sprite-120px.jpg was preloaded using link preload but not used within a few seconds from the window's load event. Please make sure it has an appropriate `as` value and it is preloaded intentionally. @ https://sniffies.com/:0
[12539757ms] [WARNING] The resource https://sniffies.com/assets/images/vm-sprite-120px.jpg was preloaded using link preload but not used within a few seconds from the window's load event. Please make sure it has an appropriate `as` value and it is preloaded intentionally. @ https://sniffies.com/:0
[12542951ms] [WARNING] The resource https://sniffies.com/assets/images/vm-sprite-120px.jpg was preloaded using link preload but not used within a few seconds from the window's load event. Please make sure it has an appropriate `as` value and it is preloaded intentionally. @ https://sniffies.com/:0
[12550294ms] [WARNING] The resource https://sniffies.com/assets/images/vm-sprite-120px.jpg was preloaded using link preload but not used within a few seconds from the window's load event. Please make sure it has an appropriate `as` value and it is preloaded intentionally. @ https://sniffies.com/:0
[12554107ms] [WARNING] The resource https://sniffies.com/assets/images/vm-sprite-120px.jpg was preloaded using link preload but not used within a few seconds from the window's load event. Please make sure it has an appropriate `as` value and it is preloaded intentionally. @ https://sniffies.com/:0
[12563057ms] [WARNING] The resource https://sniffies.com/assets/images/vm-sprite-120px.jpg was preloaded using link preload but not used within a few seconds from the window's load event. Please make sure it has an appropriate `as` value and it is preloaded intentionally. @ https://sniffies.com/:0
[12568988ms] [WARNING] The resource https://sniffies.com/assets/images/vm-sprite-120px.jpg was preloaded using link preload but not used within a few seconds from the window's load event. Please make sure it has an appropriate `as` value and it is preloaded intentionally. @ https://sniffies.com/:0
[12572829ms] [WARNING] The resource https://sniffies.com/assets/images/vm-sprite-120px.jpg was preloaded using link preload but not used within a few seconds from the window's load event. Please make sure it has an appropriate `as` value and it is preloaded intentionally. @ https://sniffies.com/:0
[12579383ms] [WARNING] The resource https://sniffies.com/assets/images/vm-sprite-120px.jpg was preloaded using link preload but not used within a few seconds from the window's load event. Please make sure it has an appropriate `as` value and it is preloaded intentionally. @ https://sniffies.com/:0
[12591300ms] [WARNING] The resource https://sniffies.com/assets/images/vm-sprite-120px.jpg was preloaded using link preload but not used within a few seconds from the window's load event. Please make sure it has an appropriate `as` value and it is preloaded intentionally. @ https://sniffies.com/:0
[12596496ms] [WARNING] The resource https://sniffies.com/assets/images/vm-sprite-120px.jpg was preloaded using link preload but not used within a few seconds from the window's load event. Please make sure it has an appropriate `as` value and it is preloaded intentionally. @ https://sniffies.com/:0
[12616659ms] [WARNING] The resource https://sniffies.com/assets/images/vm-sprite-120px.jpg was preloaded using link preload but not used within a few seconds from the window's load event. Please make sure it has an appropriate `as` value and it is preloaded intentionally. @ https://sniffies.com/:0
[12626698ms] [WARNING] The resource https://sniffies.com/assets/images/vm-sprite-120px.jpg was preloaded using link preload but not used within a few seconds from the window's load event. Please make sure it has an appropriate `as` value and it is preloaded intentionally. @ https://sniffies.com/:0
[12638979ms] [WARNING] The resource https://sniffies.com/assets/images/vm-sprite-120px.jpg was preloaded using link preload but not used within a few seconds from the window's load event. Please make sure it has an appropriate `as` value and it is preloaded intentionally. @ https://sniffies.com/:0
[12644364ms] [WARNING] The resource https://sniffies.com/assets/images/vm-sprite-120px.jpg was preloaded using link preload but not used within a few seconds from the window's load event. Please make sure it has an appropriate `as` value and it is preloaded intentionally. @ https://sniffies.com/:0
[12650331ms] [WARNING] The resource https://sniffies.com/assets/images/vm-sprite-120px.jpg was preloaded using link preload but not used within a few seconds from the window's load event. Please make sure it has an appropriate `as` value and it is preloaded intentionally. @ https://sniffies.com/:0
[12656592ms] [WARNING] The resource https://sniffies.com/assets/images/vm-sprite-120px.jpg was preloaded using link preload but not used within a few seconds from the window's load event. Please make sure it has an appropriate `as` value and it is preloaded intentionally. @ https://sniffies.com/:0
[12666108ms] [WARNING] The resource https://sniffies.com/assets/images/vm-sprite-120px.jpg was preloaded using link preload but not used within a few seconds from the window's load event. Please make sure it has an appropriate `as` value and it is preloaded intentionally. @ https://sniffies.com/:0
[12674017ms] [WARNING] The resource https://sniffies.com/assets/images/vm-sprite-120px.jpg was preloaded using link preload but not used within a few seconds from the window's load event. Please make sure it has an appropriate `as` value and it is preloaded intentionally. @ https://sniffies.com/:0
[12682087ms] [WARNING] The resource https://sniffies.com/assets/images/vm-sprite-120px.jpg was preloaded using link preload but not used within a few seconds from the window's load event. Please make sure it has an appropriate `as` value and it is preloaded intentionally. @ https://sniffies.com/:0
[12688234ms] [WARNING] The resource https://sniffies.com/assets/images/vm-sprite-120px.jpg was preloaded using link preload but not used within a few seconds from the window's load event. Please make sure it has an appropriate `as` value and it is preloaded intentionally. @ https://sniffies.com/:0
[12695146ms] [WARNING] The resource https://sniffies.com/assets/images/vm-sprite-120px.jpg was preloaded using link preload but not used within a few seconds from the window's load event. Please make sure it has an appropriate `as` value and it is preloaded intentionally. @ https://sniffies.com/:0
[12705378ms] [WARNING] The resource https://sniffies.com/assets/images/vm-sprite-120px.jpg was preloaded using link preload but not used within a few seconds from the window's load event. Please make sure it has an appropriate `as` value and it is preloaded intentionally. @ https://sniffies.com/:0
[12713053ms] [WARNING] The resource https://sniffies.com/assets/images/vm-sprite-120px.jpg was preloaded using link preload but not used within a few seconds from the window's load event. Please make sure it has an appropriate `as` value and it is preloaded intentionally. @ https://sniffies.com/:0
[12717015ms] [WARNING] The resource https://sniffies.com/assets/images/vm-sprite-120px.jpg was preloaded using link preload but not used within a few seconds from the window's load event. Please make sure it has an appropriate `as` value and it is preloaded intentionally. @ https://sniffies.com/:0
[12733595ms] [WARNING] The resource https://sniffies.com/assets/images/vm-sprite-120px.jpg was preloaded using link preload but not used within a few seconds from the window's load event. Please make sure it has an appropriate `as` value and it is preloaded intentionally. @ https://sniffies.com/:0
[12739560ms] [WARNING] The resource https://sniffies.com/assets/images/vm-sprite-120px.jpg was preloaded using link preload but not used within a few seconds from the window's load event. Please make sure it has an appropriate `as` value and it is preloaded intentionally. @ https://sniffies.com/:0
[12746704ms] [WARNING] The resource https://sniffies.com/assets/images/vm-sprite-120px.jpg was preloaded using link preload but not used within a few seconds from the window's load event. Please make sure it has an appropriate `as` value and it is preloaded intentionally. @ https://sniffies.com/:0
[12754864ms] [WARNING] The resource https://sniffies.com/assets/images/vm-sprite-120px.jpg was preloaded using link preload but not used within a few seconds from the window's load event. Please make sure it has an appropriate `as` value and it is preloaded intentionally. @ https://sniffies.com/:0
[12764007ms] [WARNING] The resource https://sniffies.com/assets/images/vm-sprite-120px.jpg was preloaded using link preload but not used within a few seconds from the window's load event. Please make sure it has an appropriate `as` value and it is preloaded intentionally. @ https://sniffies.com/:0
[12767287ms] [WARNING] The resource https://sniffies.com/assets/images/vm-sprite-120px.jpg was preloaded using link preload but not used within a few seconds from the window's load event. Please make sure it has an appropriate `as` value and it is preloaded intentionally. @ https://sniffies.com/:0
[12776956ms] [WARNING] The resource https://sniffies.com/assets/images/vm-sprite-120px.jpg was preloaded using link preload but not used within a few seconds from the window's load event. Please make sure it has an appropriate `as` value and it is preloaded intentionally. @ https://sniffies.com/:0
[12780356ms] [WARNING] The resource https://sniffies.com/assets/images/vm-sprite-120px.jpg was preloaded using link preload but not used within a few seconds from the window's load event. Please make sure it has an appropriate `as` value and it is preloaded intentionally. @ https://sniffies.com/:0
[12784944ms] [WARNING] The resource https://sniffies.com/assets/images/vm-sprite-120px.jpg was preloaded using link preload but not used within a few seconds from the window's load event. Please make sure it has an appropriate `as` value and it is preloaded intentionally. @ https://sniffies.com/:0
[12799032ms] [WARNING] The resource https://sniffies.com/assets/images/vm-sprite-120px.jpg was preloaded using link preload but not used within a few seconds from the window's load event. Please make sure it has an appropriate `as` value and it is preloaded intentionally. @ https://sniffies.com/:0
[12806574ms] [WARNING] The resource https://sniffies.com/assets/images/vm-sprite-120px.jpg was preloaded using link preload but not used within a few seconds from the window's load event. Please make sure it has an appropriate `as` value and it is preloaded intentionally. @ https://sniffies.com/:0
[12810791ms] [WARNING] The resource https://sniffies.com/assets/images/vm-sprite-120px.jpg was preloaded using link preload but not used within a few seconds from the window's load event. Please make sure it has an appropriate `as` value and it is preloaded intentionally. @ https://sniffies.com/:0
[12815555ms] [WARNING] The resource https://sniffies.com/assets/images/vm-sprite-120px.jpg was preloaded using link preload but not used within a few seconds from the window's load event. Please make sure it has an appropriate `as` value and it is preloaded intentionally. @ https://sniffies.com/:0
[12820272ms] [WARNING] The resource https://sniffies.com/assets/images/vm-sprite-120px.jpg was preloaded using link preload but not used within a few seconds from the window's load event. Please make sure it has an appropriate `as` value and it is preloaded intentionally. @ https://sniffies.com/:0
[12837178ms] [WARNING] The resource https://sniffies.com/assets/images/vm-sprite-120px.jpg was preloaded using link preload but not used within a few seconds from the window's load event. Please make sure it has an appropriate `as` value and it is preloaded intentionally. @ https://sniffies.com/:0
[12840497ms] [WARNING] The resource https://sniffies.com/assets/images/vm-sprite-120px.jpg was preloaded using link preload but not used within a few seconds from the window's load event. Please make sure it has an appropriate `as` value and it is preloaded intentionally. @ https://sniffies.com/:0
[12851477ms] [WARNING] The resource https://sniffies.com/assets/images/vm-sprite-120px.jpg was preloaded using link preload but not used within a few seconds from the window's load event. Please make sure it has an appropriate `as` value and it is preloaded intentionally. @ https://sniffies.com/:0
[12860516ms] [WARNING] The resource https://sniffies.com/assets/images/vm-sprite-120px.jpg was preloaded using link preload but not used within a few seconds from the window's load event. Please make sure it has an appropriate `as` value and it is preloaded intentionally. @ https://sniffies.com/:0
[12873171ms] [WARNING] The resource https://sniffies.com/assets/images/vm-sprite-120px.jpg was preloaded using link preload but not used within a few seconds from the window's load event. Please make sure it has an appropriate `as` value and it is preloaded intentionally. @ https://sniffies.com/:0
[12883311ms] [WARNING] The resource https://sniffies.com/assets/images/vm-sprite-120px.jpg was preloaded using link preload but not used within a few seconds from the window's load event. Please make sure it has an appropriate `as` value and it is preloaded intentionally. @ https://sniffies.com/:0
[12892934ms] [WARNING] The resource https://sniffies.com/assets/images/vm-sprite-120px.jpg was preloaded using link preload but not used within a few seconds from the window's load event. Please make sure it has an appropriate `as` value and it is preloaded intentionally. @ https://sniffies.com/:0
[12924963ms] [WARNING] The resource https://sniffies.com/assets/images/vm-sprite-120px.jpg was preloaded using link preload but not used within a few seconds from the window's load event. Please make sure it has an appropriate `as` value and it is preloaded intentionally. @ https://sniffies.com/:0
[12933882ms] [WARNING] The resource https://sniffies.com/assets/images/vm-sprite-120px.jpg was preloaded using link preload but not used within a few seconds from the window's load event. Please make sure it has an appropriate `as` value and it is preloaded intentionally. @ https://sniffies.com/:0
[12941576ms] [WARNING] The resource https://sniffies.com/assets/images/vm-sprite-120px.jpg was preloaded using link preload but not used within a few seconds from the window's load event. Please make sure it has an appropriate `as` value and it is preloaded intentionally. @ https://sniffies.com/:0
[12948191ms] [WARNING] The resource https://sniffies.com/assets/images/vm-sprite-120px.jpg was preloaded using link preload but not used within a few seconds from the window's load event. Please make sure it has an appropriate `as` value and it is preloaded intentionally. @ https://sniffies.com/:0
[12953781ms] [WARNING] The resource https://sniffies.com/assets/images/vm-sprite-120px.jpg was preloaded using link preload but not used within a few seconds from the window's load event. Please make sure it has an appropriate `as` value and it is preloaded intentionally. @ https://sniffies.com/:0
[12961587ms] [WARNING] The resource https://sniffies.com/assets/images/vm-sprite-120px.jpg was preloaded using link preload but not used within a few seconds from the window's load event. Please make sure it has an appropriate `as` value and it is preloaded intentionally. @ https://sniffies.com/:0
[12965806ms] [WARNING] The resource https://sniffies.com/assets/images/vm-sprite-120px.jpg was preloaded using link preload but not used within a few seconds from the window's load event. Please make sure it has an appropriate `as` value and it is preloaded intentionally. @ https://sniffies.com/:0
[12979248ms] [WARNING] The resource https://sniffies.com/assets/images/vm-sprite-120px.jpg was preloaded using link preload but not used within a few seconds from the window's load event. Please make sure it has an appropriate `as` value and it is preloaded intentionally. @ https://sniffies.com/:0
[12990596ms] [WARNING] The resource https://sniffies.com/assets/images/vm-sprite-120px.jpg was preloaded using link preload but not used within a few seconds from the window's load event. Please make sure it has an appropriate `as` value and it is preloaded intentionally. @ https://sniffies.com/:0
[12996693ms] [WARNING] The resource https://sniffies.com/assets/images/vm-sprite-120px.jpg was preloaded using link preload but not used within a few seconds from the window's load event. Please make sure it has an appropriate `as` value and it is preloaded intentionally. @ https://sniffies.com/:0
[13004504ms] [WARNING] The resource https://sniffies.com/assets/images/vm-sprite-120px.jpg was preloaded using link preload but not used within a few seconds from the window's load event. Please make sure it has an appropriate `as` value and it is preloaded intentionally. @ https://sniffies.com/:0
[13016944ms] [WARNING] The resource https://sniffies.com/assets/images/vm-sprite-120px.jpg was preloaded using link preload but not used within a few seconds from the window's load event. Please make sure it has an appropriate `as` value and it is preloaded intentionally. @ https://sniffies.com/:0
[13026185ms] [WARNING] The resource https://sniffies.com/assets/images/vm-sprite-120px.jpg was preloaded using link preload but not used within a few seconds from the window's load event. Please make sure it has an appropriate `as` value and it is preloaded intentionally. @ https://sniffies.com/:0
[13039160ms] [WARNING] The resource https://sniffies.com/assets/images/vm-sprite-120px.jpg was preloaded using link preload but not used within a few seconds from the window's load event. Please make sure it has an appropriate `as` value and it is preloaded intentionally. @ https://sniffies.com/:0
[13046416ms] [WARNING] The resource https://sniffies.com/assets/images/vm-sprite-120px.jpg was preloaded using link preload but not used within a few seconds from the window's load event. Please make sure it has an appropriate `as` value and it is preloaded intentionally. @ https://sniffies.com/:0
[13060460ms] [WARNING] The resource https://sniffies.com/assets/images/vm-sprite-120px.jpg was preloaded using link preload but not used within a few seconds from the window's load event. Please make sure it has an appropriate `as` value and it is preloaded intentionally. @ https://sniffies.com/:0
[13063846ms] [WARNING] The resource https://sniffies.com/assets/images/vm-sprite-120px.jpg was preloaded using link preload but not used within a few seconds from the window's load event. Please make sure it has an appropriate `as` value and it is preloaded intentionally. @ https://sniffies.com/:0
[13068981ms] [WARNING] The resource https://sniffies.com/assets/images/vm-sprite-120px.jpg was preloaded using link preload but not used within a few seconds from the window's load event. Please make sure it has an appropriate `as` value and it is preloaded intentionally. @ https://sniffies.com/:0
[13081024ms] [WARNING] The resource https://sniffies.com/assets/images/vm-sprite-120px.jpg was preloaded using link preload but not used within a few seconds from the window's load event. Please make sure it has an appropriate `as` value and it is preloaded intentionally. @ https://sniffies.com/:0
[13089030ms] [WARNING] The resource https://sniffies.com/assets/images/vm-sprite-120px.jpg was preloaded using link preload but not used within a few seconds from the window's load event. Please make sure it has an appropriate `as` value and it is preloaded intentionally. @ https://sniffies.com/:0
[13096397ms] [WARNING] The resource https://sniffies.com/assets/images/vm-sprite-120px.jpg was preloaded using link preload but not used within a few seconds from the window's load event. Please make sure it has an appropriate `as` value and it is preloaded intentionally. @ https://sniffies.com/:0
[13113095ms] [WARNING] The resource https://sniffies.com/assets/images/vm-sprite-120px.jpg was preloaded using link preload but not used within a few seconds from the window's load event. Please make sure it has an appropriate `as` value and it is preloaded intentionally. @ https://sniffies.com/:0
[13119631ms] [WARNING] The resource https://sniffies.com/assets/images/vm-sprite-120px.jpg was preloaded using link preload but not used within a few seconds from the window's load event. Please make sure it has an appropriate `as` value and it is preloaded intentionally. @ https://sniffies.com/:0
[13126917ms] [WARNING] The resource https://sniffies.com/assets/images/vm-sprite-120px.jpg was preloaded using link preload but not used within a few seconds from the window's load event. Please make sure it has an appropriate `as` value and it is preloaded intentionally. @ https://sniffies.com/:0
[13136261ms] [WARNING] The resource https://sniffies.com/assets/images/vm-sprite-120px.jpg was preloaded using link preload but not used within a few seconds from the window's load event. Please make sure it has an appropriate `as` value and it is preloaded intentionally. @ https://sniffies.com/:0
[13149452ms] [WARNING] The resource https://sniffies.com/assets/images/vm-sprite-120px.jpg was preloaded using link preload but not used within a few seconds from the window's load event. Please make sure it has an appropriate `as` value and it is preloaded intentionally. @ https://sniffies.com/:0
[13153988ms] [WARNING] The resource https://sniffies.com/assets/images/vm-sprite-120px.jpg was preloaded using link preload but not used within a few seconds from the window's load event. Please make sure it has an appropriate `as` value and it is preloaded intentionally. @ https://sniffies.com/:0
[13167691ms] [WARNING] The resource https://sniffies.com/assets/images/vm-sprite-120px.jpg was preloaded using link preload but not used within a few seconds from the window's load event. Please make sure it has an appropriate `as` value and it is preloaded intentionally. @ https://sniffies.com/:0
[13175354ms] [WARNING] The resource https://sniffies.com/assets/images/vm-sprite-120px.jpg was preloaded using link preload but not used within a few seconds from the window's load event. Please make sure it has an appropriate `as` value and it is preloaded intentionally. @ https://sniffies.com/:0
[13186207ms] [WARNING] The resource https://sniffies.com/assets/images/vm-sprite-120px.jpg was preloaded using link preload but not used within a few seconds from the window's load event. Please make sure it has an appropriate `as` value and it is preloaded intentionally. @ https://sniffies.com/:0
[13202020ms] [WARNING] The resource https://sniffies.com/assets/images/vm-sprite-120px.jpg was preloaded using link preload but not used within a few seconds from the window's load event. Please make sure it has an appropriate `as` value and it is preloaded intentionally. @ https://sniffies.com/:0
[13209319ms] [WARNING] The resource https://sniffies.com/assets/images/vm-sprite-120px.jpg was preloaded using link preload but not used within a few seconds from the window's load event. Please make sure it has an appropriate `as` value and it is preloaded intentionally. @ https://sniffies.com/:0
[13220970ms] [WARNING] The resource https://sniffies.com/assets/images/vm-sprite-120px.jpg was preloaded using link preload but not used within a few seconds from the window's load event. Please make sure it has an appropriate `as` value and it is preloaded intentionally. @ https://sniffies.com/:0
[13230004ms] [WARNING] The resource https://sniffies.com/assets/images/vm-sprite-120px.jpg was preloaded using link preload but not used within a few seconds from the window's load event. Please make sure it has an appropriate `as` value and it is preloaded intentionally. @ https://sniffies.com/:0
[13238865ms] [WARNING] The resource https://sniffies.com/assets/images/vm-sprite-120px.jpg was preloaded using link preload but not used within a few seconds from the window's load event. Please make sure it has an appropriate `as` value and it is preloaded intentionally. @ https://sniffies.com/:0
[13249597ms] [WARNING] The resource https://sniffies.com/assets/images/vm-sprite-120px.jpg was preloaded using link preload but not used within a few seconds from the window's load event. Please make sure it has an appropriate `as` value and it is preloaded intentionally. @ https://sniffies.com/:0
[13254935ms] [WARNING] The resource https://sniffies.com/assets/images/vm-sprite-120px.jpg was preloaded using link preload but not used within a few seconds from the window's load event. Please make sure it has an appropriate `as` value and it is preloaded intentionally. @ https://sniffies.com/:0
[13261108ms] [WARNING] The resource https://sniffies.com/assets/images/vm-sprite-120px.jpg was preloaded using link preload but not used within a few seconds from the window's load event. Please make sure it has an appropriate `as` value and it is preloaded intentionally. @ https://sniffies.com/:0
[13266157ms] [WARNING] The resource https://sniffies.com/assets/images/vm-sprite-120px.jpg was preloaded using link preload but not used within a few seconds from the window's load event. Please make sure it has an appropriate `as` value and it is preloaded intentionally. @ https://sniffies.com/:0
[13280214ms] [WARNING] The resource https://sniffies.com/assets/images/vm-sprite-120px.jpg was preloaded using link preload but not used within a few seconds from the window's load event. Please make sure it has an appropriate `as` value and it is preloaded intentionally. @ https://sniffies.com/:0
[13284866ms] [WARNING] The resource https://sniffies.com/assets/images/vm-sprite-120px.jpg was preloaded using link preload but not used within a few seconds from the window's load event. Please make sure it has an appropriate `as` value and it is preloaded intentionally. @ https://sniffies.com/:0
[13292841ms] [WARNING] The resource https://sniffies.com/assets/images/vm-sprite-120px.jpg was preloaded using link preload but not used within a few seconds from the window's load event. Please make sure it has an appropriate `as` value and it is preloaded intentionally. @ https://sniffies.com/:0
[13302402ms] [WARNING] The resource https://sniffies.com/assets/images/vm-sprite-120px.jpg was preloaded using link preload but not used within a few seconds from the window's load event. Please make sure it has an appropriate `as` value and it is preloaded intentionally. @ https://sniffies.com/:0
[13308074ms] [WARNING] The resource https://sniffies.com/assets/images/vm-sprite-120px.jpg was preloaded using link preload but not used within a few seconds from the window's load event. Please make sure it has an appropriate `as` value and it is preloaded intentionally. @ https://sniffies.com/:0
[13315320ms] [WARNING] The resource https://sniffies.com/assets/images/vm-sprite-120px.jpg was preloaded using link preload but not used within a few seconds from the window's load event. Please make sure it has an appropriate `as` value and it is preloaded intentionally. @ https://sniffies.com/:0
[13330973ms] [WARNING] The resource https://sniffies.com/assets/images/vm-sprite-120px.jpg was preloaded using link preload but not used within a few seconds from the window's load event. Please make sure it has an appropriate `as` value and it is preloaded intentionally. @ https://sniffies.com/:0
[13340642ms] [WARNING] The resource https://sniffies.com/assets/images/vm-sprite-120px.jpg was preloaded using link preload but not used within a few seconds from the window's load event. Please make sure it has an appropriate `as` value and it is preloaded intentionally. @ https://sniffies.com/:0
[13347741ms] [WARNING] The resource https://sniffies.com/assets/images/vm-sprite-120px.jpg was preloaded using link preload but not used within a few seconds from the window's load event. Please make sure it has an appropriate `as` value and it is preloaded intentionally. @ https://sniffies.com/:0
[13356705ms] [WARNING] The resource https://sniffies.com/assets/images/vm-sprite-120px.jpg was preloaded using link preload but not used within a few seconds from the window's load event. Please make sure it has an appropriate `as` value and it is preloaded intentionally. @ https://sniffies.com/:0
[13359725ms] [WARNING] The resource https://sniffies.com/assets/images/vm-sprite-120px.jpg was preloaded using link preload but not used within a few seconds from the window's load event. Please make sure it has an appropriate `as` value and it is preloaded intentionally. @ https://sniffies.com/:0
[13367344ms] [WARNING] The resource https://sniffies.com/assets/images/vm-sprite-120px.jpg was preloaded using link preload but not used within a few seconds from the window's load event. Please make sure it has an appropriate `as` value and it is preloaded intentionally. @ https://sniffies.com/:0
[13374356ms] [WARNING] The resource https://sniffies.com/assets/images/vm-sprite-120px.jpg was preloaded using link preload but not used within a few seconds from the window's load event. Please make sure it has an appropriate `as` value and it is preloaded intentionally. @ https://sniffies.com/:0
[13378123ms] [WARNING] The resource https://sniffies.com/assets/images/vm-sprite-120px.jpg was preloaded using link preload but not used within a few seconds from the window's load event. Please make sure it has an appropriate `as` value and it is preloaded intentionally. @ https://sniffies.com/:0
[13382824ms] [WARNING] The resource https://sniffies.com/assets/images/vm-sprite-120px.jpg was preloaded using link preload but not used within a few seconds from the window's load event. Please make sure it has an appropriate `as` value and it is preloaded intentionally. @ https://sniffies.com/:0
[13390550ms] [WARNING] The resource https://sniffies.com/assets/images/vm-sprite-120px.jpg was preloaded using link preload but not used within a few seconds from the window's load event. Please make sure it has an appropriate `as` value and it is preloaded intentionally. @ https://sniffies.com/:0
[13394488ms] [WARNING] The resource https://sniffies.com/assets/images/vm-sprite-120px.jpg was preloaded using link preload but not used within a few seconds from the window's load event. Please make sure it has an appropriate `as` value and it is preloaded intentionally. @ https://sniffies.com/:0
[13403343ms] [WARNING] The resource https://sniffies.com/assets/images/vm-sprite-120px.jpg was preloaded using link preload but not used within a few seconds from the window's load event. Please make sure it has an appropriate `as` value and it is preloaded intentionally. @ https://sniffies.com/:0
[13410194ms] [WARNING] The resource https://sniffies.com/assets/images/vm-sprite-120px.jpg was preloaded using link preload but not used within a few seconds from the window's load event. Please make sure it has an appropriate `as` value and it is preloaded intentionally. @ https://sniffies.com/:0
[13417296ms] [WARNING] The resource https://sniffies.com/assets/images/vm-sprite-120px.jpg was preloaded using link preload but not used within a few seconds from the window's load event. Please make sure it has an appropriate `as` value and it is preloaded intentionally. @ https://sniffies.com/:0
[13427161ms] [WARNING] The resource https://sniffies.com/assets/images/vm-sprite-120px.jpg was preloaded using link preload but not used within a few seconds from the window's load event. Please make sure it has an appropriate `as` value and it is preloaded intentionally. @ https://sniffies.com/:0
[13436080ms] [WARNING] The resource https://sniffies.com/assets/images/vm-sprite-120px.jpg was preloaded using link preload but not used within a few seconds from the window's load event. Please make sure it has an appropriate `as` value and it is preloaded intentionally. @ https://sniffies.com/:0
[13449933ms] [WARNING] The resource https://sniffies.com/assets/images/vm-sprite-120px.jpg was preloaded using link preload but not used within a few seconds from the window's load event. Please make sure it has an appropriate `as` value and it is preloaded intentionally. @ https://sniffies.com/:0
[13455011ms] [WARNING] The resource https://sniffies.com/assets/images/vm-sprite-120px.jpg was preloaded using link preload but not used within a few seconds from the window's load event. Please make sure it has an appropriate `as` value and it is preloaded intentionally. @ https://sniffies.com/:0
[13461366ms] [WARNING] The resource https://sniffies.com/assets/images/vm-sprite-120px.jpg was preloaded using link preload but not used within a few seconds from the window's load event. Please make sure it has an appropriate `as` value and it is preloaded intentionally. @ https://sniffies.com/:0
[13469029ms] [WARNING] The resource https://sniffies.com/assets/images/vm-sprite-120px.jpg was preloaded using link preload but not used within a few seconds from the window's load event. Please make sure it has an appropriate `as` value and it is preloaded intentionally. @ https://sniffies.com/:0
[13482713ms] [WARNING] The resource https://sniffies.com/assets/images/vm-sprite-120px.jpg was preloaded using link preload but not used within a few seconds from the window's load event. Please make sure it has an appropriate `as` value and it is preloaded intentionally. @ https://sniffies.com/:0
[13486995ms] [WARNING] The resource https://sniffies.com/assets/images/vm-sprite-120px.jpg was preloaded using link preload but not used within a few seconds from the window's load event. Please make sure it has an appropriate `as` value and it is preloaded intentionally. @ https://sniffies.com/:0
[13493418ms] [WARNING] The resource https://sniffies.com/assets/images/vm-sprite-120px.jpg was preloaded using link preload but not used within a few seconds from the window's load event. Please make sure it has an appropriate `as` value and it is preloaded intentionally. @ https://sniffies.com/:0
[13500877ms] [WARNING] The resource https://sniffies.com/assets/images/vm-sprite-120px.jpg was preloaded using link preload but not used within a few seconds from the window's load event. Please make sure it has an appropriate `as` value and it is preloaded intentionally. @ https://sniffies.com/:0
[13519167ms] [WARNING] The resource https://sniffies.com/assets/images/vm-sprite-120px.jpg was preloaded using link preload but not used within a few seconds from the window's load event. Please make sure it has an appropriate `as` value and it is preloaded intentionally. @ https://sniffies.com/:0
[13525684ms] [WARNING] The resource https://sniffies.com/assets/images/vm-sprite-120px.jpg was preloaded using link preload but not used within a few seconds from the window's load event. Please make sure it has an appropriate `as` value and it is preloaded intentionally. @ https://sniffies.com/:0
[13534535ms] [WARNING] The resource https://sniffies.com/assets/images/vm-sprite-120px.jpg was preloaded using link preload but not used within a few seconds from the window's load event. Please make sure it has an appropriate `as` value and it is preloaded intentionally. @ https://sniffies.com/:0
[13546617ms] [WARNING] The resource https://sniffies.com/assets/images/vm-sprite-120px.jpg was preloaded using link preload but not used within a few seconds from the window's load event. Please make sure it has an appropriate `as` value and it is preloaded intentionally. @ https://sniffies.com/:0
[13556384ms] [WARNING] The resource https://sniffies.com/assets/images/vm-sprite-120px.jpg was preloaded using link preload but not used within a few seconds from the window's load event. Please make sure it has an appropriate `as` value and it is preloaded intentionally. @ https://sniffies.com/:0
[13565201ms] [WARNING] The resource https://sniffies.com/assets/images/vm-sprite-120px.jpg was preloaded using link preload but not used within a few seconds from the window's load event. Please make sure it has an appropriate `as` value and it is preloaded intentionally. @ https://sniffies.com/:0
[13585042ms] [WARNING] The resource https://sniffies.com/assets/images/vm-sprite-120px.jpg was preloaded using link preload but not used within a few seconds from the window's load event. Please make sure it has an appropriate `as` value and it is preloaded intentionally. @ https://sniffies.com/:0
[13593964ms] [WARNING] The resource https://sniffies.com/assets/images/vm-sprite-120px.jpg was preloaded using link preload but not used within a few seconds from the window's load event. Please make sure it has an appropriate `as` value and it is preloaded intentionally. @ https://sniffies.com/:0
[13606457ms] [WARNING] The resource https://sniffies.com/assets/images/vm-sprite-120px.jpg was preloaded using link preload but not used within a few seconds from the window's load event. Please make sure it has an appropriate `as` value and it is preloaded intentionally. @ https://sniffies.com/:0
[13619783ms] [WARNING] The resource https://sniffies.com/assets/images/vm-sprite-120px.jpg was preloaded using link preload but not used within a few seconds from the window's load event. Please make sure it has an appropriate `as` value and it is preloaded intentionally. @ https://sniffies.com/:0
[13626252ms] [WARNING] The resource https://sniffies.com/assets/images/vm-sprite-120px.jpg was preloaded using link preload but not used within a few seconds from the window's load event. Please make sure it has an appropriate `as` value and it is preloaded intentionally. @ https://sniffies.com/:0
[13630527ms] [WARNING] The resource https://sniffies.com/assets/images/vm-sprite-120px.jpg was preloaded using link preload but not used within a few seconds from the window's load event. Please make sure it has an appropriate `as` value and it is preloaded intentionally. @ https://sniffies.com/:0
[13641073ms] [WARNING] The resource https://sniffies.com/assets/images/vm-sprite-120px.jpg was preloaded using link preload but not used within a few seconds from the window's load event. Please make sure it has an appropriate `as` value and it is preloaded intentionally. @ https://sniffies.com/:0
[13645212ms] [WARNING] The resource https://sniffies.com/assets/images/vm-sprite-120px.jpg was preloaded using link preload but not used within a few seconds from the window's load event. Please make sure it has an appropriate `as` value and it is preloaded intentionally. @ https://sniffies.com/:0
[13651722ms] [WARNING] The resource https://sniffies.com/assets/images/vm-sprite-120px.jpg was preloaded using link preload but not used within a few seconds from the window's load event. Please make sure it has an appropriate `as` value and it is preloaded intentionally. @ https://sniffies.com/:0
[13657130ms] [WARNING] The resource https://sniffies.com/assets/images/vm-sprite-120px.jpg was preloaded using link preload but not used within a few seconds from the window's load event. Please make sure it has an appropriate `as` value and it is preloaded intentionally. @ https://sniffies.com/:0
[13668413ms] [WARNING] The resource https://sniffies.com/assets/images/vm-sprite-120px.jpg was preloaded using link preload but not used within a few seconds from the window's load event. Please make sure it has an appropriate `as` value and it is preloaded intentionally. @ https://sniffies.com/:0
[13685961ms] [WARNING] The resource https://sniffies.com/assets/images/vm-sprite-120px.jpg was preloaded using link preload but not used within a few seconds from the window's load event. Please make sure it has an appropriate `as` value and it is preloaded intentionally. @ https://sniffies.com/:0
[13689040ms] [WARNING] The resource https://sniffies.com/assets/images/vm-sprite-120px.jpg was preloaded using link preload but not used within a few seconds from the window's load event. Please make sure it has an appropriate `as` value and it is preloaded intentionally. @ https://sniffies.com/:0
[13695104ms] [WARNING] The resource https://sniffies.com/assets/images/vm-sprite-120px.jpg was preloaded using link preload but not used within a few seconds from the window's load event. Please make sure it has an appropriate `as` value and it is preloaded intentionally. @ https://sniffies.com/:0
[13698155ms] [WARNING] The resource https://sniffies.com/assets/images/vm-sprite-120px.jpg was preloaded using link preload but not used within a few seconds from the window's load event. Please make sure it has an appropriate `as` value and it is preloaded intentionally. @ https://sniffies.com/:0
[13708965ms] [WARNING] The resource https://sniffies.com/assets/images/vm-sprite-120px.jpg was preloaded using link preload but not used within a few seconds from the window's load event. Please make sure it has an appropriate `as` value and it is preloaded intentionally. @ https://sniffies.com/:0
[13713111ms] [WARNING] The resource https://sniffies.com/assets/images/vm-sprite-120px.jpg was preloaded using link preload but not used within a few seconds from the window's load event. Please make sure it has an appropriate `as` value and it is preloaded intentionally. @ https://sniffies.com/:0
[13716482ms] [WARNING] The resource https://sniffies.com/assets/images/vm-sprite-120px.jpg was preloaded using link preload but not used within a few seconds from the window's load event. Please make sure it has an appropriate `as` value and it is preloaded intentionally. @ https://sniffies.com/:0
[13733706ms] [WARNING] The resource https://sniffies.com/assets/images/vm-sprite-120px.jpg was preloaded using link preload but not used within a few seconds from the window's load event. Please make sure it has an appropriate `as` value and it is preloaded intentionally. @ https://sniffies.com/:0
[13737850ms] [WARNING] The resource https://sniffies.com/assets/images/vm-sprite-120px.jpg was preloaded using link preload but not used within a few seconds from the window's load event. Please make sure it has an appropriate `as` value and it is preloaded intentionally. @ https://sniffies.com/:0
[13748646ms] [WARNING] The resource https://sniffies.com/assets/images/vm-sprite-120px.jpg was preloaded using link preload but not used within a few seconds from the window's load event. Please make sure it has an appropriate `as` value and it is preloaded intentionally. @ https://sniffies.com/:0
[13760702ms] [WARNING] The resource https://sniffies.com/assets/images/vm-sprite-120px.jpg was preloaded using link preload but not used within a few seconds from the window's load event. Please make sure it has an appropriate `as` value and it is preloaded intentionally. @ https://sniffies.com/:0
[13766713ms] [WARNING] The resource https://sniffies.com/assets/images/vm-sprite-120px.jpg was preloaded using link preload but not used within a few seconds from the window's load event. Please make sure it has an appropriate `as` value and it is preloaded intentionally. @ https://sniffies.com/:0
[13779727ms] [WARNING] The resource https://sniffies.com/assets/images/vm-sprite-120px.jpg was preloaded using link preload but not used within a few seconds from the window's load event. Please make sure it has an appropriate `as` value and it is preloaded intentionally. @ https://sniffies.com/:0
[13783748ms] [WARNING] The resource https://sniffies.com/assets/images/vm-sprite-120px.jpg was preloaded using link preload but not used within a few seconds from the window's load event. Please make sure it has an appropriate `as` value and it is preloaded intentionally. @ https://sniffies.com/:0
[13793247ms] [WARNING] The resource https://sniffies.com/assets/images/vm-sprite-120px.jpg was preloaded using link preload but not used within a few seconds from the window's load event. Please make sure it has an appropriate `as` value and it is preloaded intentionally. @ https://sniffies.com/:0
[13801842ms] [WARNING] The resource https://sniffies.com/assets/images/vm-sprite-120px.jpg was preloaded using link preload but not used within a few seconds from the window's load event. Please make sure it has an appropriate `as` value and it is preloaded intentionally. @ https://sniffies.com/:0
[13805451ms] [WARNING] The resource https://sniffies.com/assets/images/vm-sprite-120px.jpg was preloaded using link preload but not used within a few seconds from the window's load event. Please make sure it has an appropriate `as` value and it is preloaded intentionally. @ https://sniffies.com/:0
[13818566ms] [WARNING] The resource https://sniffies.com/assets/images/vm-sprite-120px.jpg was preloaded using link preload but not used within a few seconds from the window's load event. Please make sure it has an appropriate `as` value and it is preloaded intentionally. @ https://sniffies.com/:0
[13827423ms] [WARNING] The resource https://sniffies.com/assets/images/vm-sprite-120px.jpg was preloaded using link preload but not used within a few seconds from the window's load event. Please make sure it has an appropriate `as` value and it is preloaded intentionally. @ https://sniffies.com/:0
[13849368ms] [WARNING] The resource https://sniffies.com/assets/images/vm-sprite-120px.jpg was preloaded using link preload but not used within a few seconds from the window's load event. Please make sure it has an appropriate `as` value and it is preloaded intentionally. @ https://sniffies.com/:0
[13867345ms] [WARNING] The resource https://sniffies.com/assets/images/vm-sprite-120px.jpg was preloaded using link preload but not used within a few seconds from the window's load event. Please make sure it has an appropriate `as` value and it is preloaded intentionally. @ https://sniffies.com/:0
[13872943ms] [WARNING] The resource https://sniffies.com/assets/images/vm-sprite-120px.jpg was preloaded using link preload but not used within a few seconds from the window's load event. Please make sure it has an appropriate `as` value and it is preloaded intentionally. @ https://sniffies.com/:0
[13876458ms] [WARNING] The resource https://sniffies.com/assets/images/vm-sprite-120px.jpg was preloaded using link preload but not used within a few seconds from the window's load event. Please make sure it has an appropriate `as` value and it is preloaded intentionally. @ https://sniffies.com/:0
[13880683ms] [WARNING] The resource https://sniffies.com/assets/images/vm-sprite-120px.jpg was preloaded using link preload but not used within a few seconds from the window's load event. Please make sure it has an appropriate `as` value and it is preloaded intentionally. @ https://sniffies.com/:0
[13884753ms] [WARNING] The resource https://sniffies.com/assets/images/vm-sprite-120px.jpg was preloaded using link preload but not used within a few seconds from the window's load event. Please make sure it has an appropriate `as` value and it is preloaded intentionally. @ https://sniffies.com/:0
[13894729ms] [WARNING] The resource https://sniffies.com/assets/images/vm-sprite-120px.jpg was preloaded using link preload but not used within a few seconds from the window's load event. Please make sure it has an appropriate `as` value and it is preloaded intentionally. @ https://sniffies.com/:0
[13901360ms] [WARNING] The resource https://sniffies.com/assets/images/vm-sprite-120px.jpg was preloaded using link preload but not used within a few seconds from the window's load event. Please make sure it has an appropriate `as` value and it is preloaded intentionally. @ https://sniffies.com/:0
[13906188ms] [WARNING] The resource https://sniffies.com/assets/images/vm-sprite-120px.jpg was preloaded using link preload but not used within a few seconds from the window's load event. Please make sure it has an appropriate `as` value and it is preloaded intentionally. @ https://sniffies.com/:0
[13921295ms] [WARNING] The resource https://sniffies.com/assets/images/vm-sprite-120px.jpg was preloaded using link preload but not used within a few seconds from the window's load event. Please make sure it has an appropriate `as` value and it is preloaded intentionally. @ https://sniffies.com/:0
[13927115ms] [WARNING] The resource https://sniffies.com/assets/images/vm-sprite-120px.jpg was preloaded using link preload but not used within a few seconds from the window's load event. Please make sure it has an appropriate `as` value and it is preloaded intentionally. @ https://sniffies.com/:0
[13937913ms] [WARNING] The resource https://sniffies.com/assets/images/vm-sprite-120px.jpg was preloaded using link preload but not used within a few seconds from the window's load event. Please make sure it has an appropriate `as` value and it is preloaded intentionally. @ https://sniffies.com/:0
[13945187ms] [WARNING] The resource https://sniffies.com/assets/images/vm-sprite-120px.jpg was preloaded using link preload but not used within a few seconds from the window's load event. Please make sure it has an appropriate `as` value and it is preloaded intentionally. @ https://sniffies.com/:0
[13951959ms] [WARNING] The resource https://sniffies.com/assets/images/vm-sprite-120px.jpg was preloaded using link preload but not used within a few seconds from the window's load event. Please make sure it has an appropriate `as` value and it is preloaded intentionally. @ https://sniffies.com/:0
[13958014ms] [WARNING] The resource https://sniffies.com/assets/images/vm-sprite-120px.jpg was preloaded using link preload but not used within a few seconds from the window's load event. Please make sure it has an appropriate `as` value and it is preloaded intentionally. @ https://sniffies.com/:0
[13969920ms] [WARNING] The resource https://sniffies.com/assets/images/vm-sprite-120px.jpg was preloaded using link preload but not used within a few seconds from the window's load event. Please make sure it has an appropriate `as` value and it is preloaded intentionally. @ https://sniffies.com/:0
[13977831ms] [WARNING] The resource https://sniffies.com/assets/images/vm-sprite-120px.jpg was preloaded using link preload but not used within a few seconds from the window's load event. Please make sure it has an appropriate `as` value and it is preloaded intentionally. @ https://sniffies.com/:0
[13990766ms] [WARNING] The resource https://sniffies.com/assets/images/vm-sprite-120px.jpg was preloaded using link preload but not used within a few seconds from the window's load event. Please make sure it has an appropriate `as` value and it is preloaded intentionally. @ https://sniffies.com/:0
[13998598ms] [WARNING] The resource https://sniffies.com/assets/images/vm-sprite-120px.jpg was preloaded using link preload but not used within a few seconds from the window's load event. Please make sure it has an appropriate `as` value and it is preloaded intentionally. @ https://sniffies.com/:0
[14005244ms] [WARNING] The resource https://sniffies.com/assets/images/vm-sprite-120px.jpg was preloaded using link preload but not used within a few seconds from the window's load event. Please make sure it has an appropriate `as` value and it is preloaded intentionally. @ https://sniffies.com/:0
[14014529ms] [WARNING] The resource https://sniffies.com/assets/images/vm-sprite-120px.jpg was preloaded using link preload but not used within a few seconds from the window's load event. Please make sure it has an appropriate `as` value and it is preloaded intentionally. @ https://sniffies.com/:0
[14021101ms] [WARNING] The resource https://sniffies.com/assets/images/vm-sprite-120px.jpg was preloaded using link preload but not used within a few seconds from the window's load event. Please make sure it has an appropriate `as` value and it is preloaded intentionally. @ https://sniffies.com/:0
[14030357ms] [WARNING] The resource https://sniffies.com/assets/images/vm-sprite-120px.jpg was preloaded using link preload but not used within a few seconds from the window's load event. Please make sure it has an appropriate `as` value and it is preloaded intentionally. @ https://sniffies.com/:0
[14039107ms] [WARNING] The resource https://sniffies.com/assets/images/vm-sprite-120px.jpg was preloaded using link preload but not used within a few seconds from the window's load event. Please make sure it has an appropriate `as` value and it is preloaded intentionally. @ https://sniffies.com/:0
[14047054ms] [WARNING] The resource https://sniffies.com/assets/images/vm-sprite-120px.jpg was preloaded using link preload but not used within a few seconds from the window's load event. Please make sure it has an appropriate `as` value and it is preloaded intentionally. @ https://sniffies.com/:0
[14051593ms] [WARNING] The resource https://sniffies.com/assets/images/vm-sprite-120px.jpg was preloaded using link preload but not used within a few seconds from the window's load event. Please make sure it has an appropriate `as` value and it is preloaded intentionally. @ https://sniffies.com/:0
[14060298ms] [WARNING] The resource https://sniffies.com/assets/images/vm-sprite-120px.jpg was preloaded using link preload but not used within a few seconds from the window's load event. Please make sure it has an appropriate `as` value and it is preloaded intentionally. @ https://sniffies.com/:0
[14076694ms] [WARNING] The resource https://sniffies.com/assets/images/vm-sprite-120px.jpg was preloaded using link preload but not used within a few seconds from the window's load event. Please make sure it has an appropriate `as` value and it is preloaded intentionally. @ https://sniffies.com/:0
[14090859ms] [WARNING] The resource https://sniffies.com/assets/images/vm-sprite-120px.jpg was preloaded using link preload but not used within a few seconds from the window's load event. Please make sure it has an appropriate `as` value and it is preloaded intentionally. @ https://sniffies.com/:0
[14099105ms] [WARNING] The resource https://sniffies.com/assets/images/vm-sprite-120px.jpg was preloaded using link preload but not used within a few seconds from the window's load event. Please make sure it has an appropriate `as` value and it is preloaded intentionally. @ https://sniffies.com/:0
[14107513ms] [WARNING] The resource https://sniffies.com/assets/images/vm-sprite-120px.jpg was preloaded using link preload but not used within a few seconds from the window's load event. Please make sure it has an appropriate `as` value and it is preloaded intentionally. @ https://sniffies.com/:0
[14111747ms] [WARNING] The resource https://sniffies.com/assets/images/vm-sprite-120px.jpg was preloaded using link preload but not used within a few seconds from the window's load event. Please make sure it has an appropriate `as` value and it is preloaded intentionally. @ https://sniffies.com/:0
[14115686ms] [WARNING] The resource https://sniffies.com/assets/images/vm-sprite-120px.jpg was preloaded using link preload but not used within a few seconds from the window's load event. Please make sure it has an appropriate `as` value and it is preloaded intentionally. @ https://sniffies.com/:0
[14132803ms] [WARNING] The resource https://sniffies.com/assets/images/vm-sprite-120px.jpg was preloaded using link preload but not used within a few seconds from the window's load event. Please make sure it has an appropriate `as` value and it is preloaded intentionally. @ https://sniffies.com/:0
[14156804ms] [WARNING] The resource https://sniffies.com/assets/images/vm-sprite-120px.jpg was preloaded using link preload but not used within a few seconds from the window's load event. Please make sure it has an appropriate `as` value and it is preloaded intentionally. @ https://sniffies.com/:0
[14160994ms] [WARNING] The resource https://sniffies.com/assets/images/vm-sprite-120px.jpg was preloaded using link preload but not used within a few seconds from the window's load event. Please make sure it has an appropriate `as` value and it is preloaded intentionally. @ https://sniffies.com/:0
[14165263ms] [WARNING] The resource https://sniffies.com/assets/images/vm-sprite-120px.jpg was preloaded using link preload but not used within a few seconds from the window's load event. Please make sure it has an appropriate `as` value and it is preloaded intentionally. @ https://sniffies.com/:0
[14177862ms] [WARNING] The resource https://sniffies.com/assets/images/vm-sprite-120px.jpg was preloaded using link preload but not used within a few seconds from the window's load event. Please make sure it has an appropriate `as` value and it is preloaded intentionally. @ https://sniffies.com/:0
[14183180ms] [WARNING] The resource https://sniffies.com/assets/images/vm-sprite-120px.jpg was preloaded using link preload but not used within a few seconds from the window's load event. Please make sure it has an appropriate `as` value and it is preloaded intentionally. @ https://sniffies.com/:0
[14186446ms] [WARNING] The resource https://sniffies.com/assets/images/vm-sprite-120px.jpg was preloaded using link preload but not used within a few seconds from the window's load event. Please make sure it has an appropriate `as` value and it is preloaded intentionally. @ https://sniffies.com/:0
[14191126ms] [WARNING] The resource https://sniffies.com/assets/images/vm-sprite-120px.jpg was preloaded using link preload but not used within a few seconds from the window's load event. Please make sure it has an appropriate `as` value and it is preloaded intentionally. @ https://sniffies.com/:0
[14195546ms] [WARNING] The resource https://sniffies.com/assets/images/vm-sprite-120px.jpg was preloaded using link preload but not used within a few seconds from the window's load event. Please make sure it has an appropriate `as` value and it is preloaded intentionally. @ https://sniffies.com/:0
[14201821ms] [WARNING] The resource https://sniffies.com/assets/images/vm-sprite-120px.jpg was preloaded using link preload but not used within a few seconds from the window's load event. Please make sure it has an appropriate `as` value and it is preloaded intentionally. @ https://sniffies.com/:0
[14206161ms] [WARNING] The resource https://sniffies.com/assets/images/vm-sprite-120px.jpg was preloaded using link preload but not used within a few seconds from the window's load event. Please make sure it has an appropriate `as` value and it is preloaded intentionally. @ https://sniffies.com/:0
[14212911ms] [WARNING] The resource https://sniffies.com/assets/images/vm-sprite-120px.jpg was preloaded using link preload but not used within a few seconds from the window's load event. Please make sure it has an appropriate `as` value and it is preloaded intentionally. @ https://sniffies.com/:0
[14221203ms] [WARNING] The resource https://sniffies.com/assets/images/vm-sprite-120px.jpg was preloaded using link preload but not used within a few seconds from the window's load event. Please make sure it has an appropriate `as` value and it is preloaded intentionally. @ https://sniffies.com/:0
[14227082ms] [WARNING] The resource https://sniffies.com/assets/images/vm-sprite-120px.jpg was preloaded using link preload but not used within a few seconds from the window's load event. Please make sure it has an appropriate `as` value and it is preloaded intentionally. @ https://sniffies.com/:0
[14230452ms] [WARNING] The resource https://sniffies.com/assets/images/vm-sprite-120px.jpg was preloaded using link preload but not used within a few seconds from the window's load event. Please make sure it has an appropriate `as` value and it is preloaded intentionally. @ https://sniffies.com/:0
[14239186ms] [WARNING] The resource https://sniffies.com/assets/images/vm-sprite-120px.jpg was preloaded using link preload but not used within a few seconds from the window's load event. Please make sure it has an appropriate `as` value and it is preloaded intentionally. @ https://sniffies.com/:0
[14245115ms] [WARNING] The resource https://sniffies.com/assets/images/vm-sprite-120px.jpg was preloaded using link preload but not used within a few seconds from the window's load event. Please make sure it has an appropriate `as` value and it is preloaded intentionally. @ https://sniffies.com/:0
[14254155ms] [WARNING] The resource https://sniffies.com/assets/images/vm-sprite-120px.jpg was preloaded using link preload but not used within a few seconds from the window's load event. Please make sure it has an appropriate `as` value and it is preloaded intentionally. @ https://sniffies.com/:0
[14257246ms] [WARNING] The resource https://sniffies.com/assets/images/vm-sprite-120px.jpg was preloaded using link preload but not used within a few seconds from the window's load event. Please make sure it has an appropriate `as` value and it is preloaded intentionally. @ https://sniffies.com/:0
[14265470ms] [WARNING] The resource https://sniffies.com/assets/images/vm-sprite-120px.jpg was preloaded using link preload but not used within a few seconds from the window's load event. Please make sure it has an appropriate `as` value and it is preloaded intentionally. @ https://sniffies.com/:0
[14271559ms] [WARNING] The resource https://sniffies.com/assets/images/vm-sprite-120px.jpg was preloaded using link preload but not used within a few seconds from the window's load event. Please make sure it has an appropriate `as` value and it is preloaded intentionally. @ https://sniffies.com/:0
[14278210ms] [WARNING] The resource https://sniffies.com/assets/images/vm-sprite-120px.jpg was preloaded using link preload but not used within a few seconds from the window's load event. Please make sure it has an appropriate `as` value and it is preloaded intentionally. @ https://sniffies.com/:0
[14282486ms] [WARNING] The resource https://sniffies.com/assets/images/vm-sprite-120px.jpg was preloaded using link preload but not used within a few seconds from the window's load event. Please make sure it has an appropriate `as` value and it is preloaded intentionally. @ https://sniffies.com/:0
[14285760ms] [WARNING] The resource https://sniffies.com/assets/images/vm-sprite-120px.jpg was preloaded using link preload but not used within a few seconds from the window's load event. Please make sure it has an appropriate `as` value and it is preloaded intentionally. @ https://sniffies.com/:0
[14290903ms] [WARNING] The resource https://sniffies.com/assets/images/vm-sprite-120px.jpg was preloaded using link preload but not used within a few seconds from the window's load event. Please make sure it has an appropriate `as` value and it is preloaded intentionally. @ https://sniffies.com/:0
[14295035ms] [WARNING] The resource https://sniffies.com/assets/images/vm-sprite-120px.jpg was preloaded using link preload but not used within a few seconds from the window's load event. Please make sure it has an appropriate `as` value and it is preloaded intentionally. @ https://sniffies.com/:0
[14313649ms] [WARNING] The resource https://sniffies.com/assets/images/vm-sprite-120px.jpg was preloaded using link preload but not used within a few seconds from the window's load event. Please make sure it has an appropriate `as` value and it is preloaded intentionally. @ https://sniffies.com/:0
[14320243ms] [WARNING] The resource https://sniffies.com/assets/images/vm-sprite-120px.jpg was preloaded using link preload but not used within a few seconds from the window's load event. Please make sure it has an appropriate `as` value and it is preloaded intentionally. @ https://sniffies.com/:0
[14335966ms] [WARNING] The resource https://sniffies.com/assets/images/vm-sprite-120px.jpg was preloaded using link preload but not used within a few seconds from the window's load event. Please make sure it has an appropriate `as` value and it is preloaded intentionally. @ https://sniffies.com/:0
[14344571ms] [WARNING] The resource https://sniffies.com/assets/images/vm-sprite-120px.jpg was preloaded using link preload but not used within a few seconds from the window's load event. Please make sure it has an appropriate `as` value and it is preloaded intentionally. @ https://sniffies.com/:0
[14349361ms] [WARNING] The resource https://sniffies.com/assets/images/vm-sprite-120px.jpg was preloaded using link preload but not used within a few seconds from the window's load event. Please make sure it has an appropriate `as` value and it is preloaded intentionally. @ https://sniffies.com/:0
[14352597ms] [WARNING] The resource https://sniffies.com/assets/images/vm-sprite-120px.jpg was preloaded using link preload but not used within a few seconds from the window's load event. Please make sure it has an appropriate `as` value and it is preloaded intentionally. @ https://sniffies.com/:0
[14365412ms] [WARNING] The resource https://sniffies.com/assets/images/vm-sprite-120px.jpg was preloaded using link preload but not used within a few seconds from the window's load event. Please make sure it has an appropriate `as` value and it is preloaded intentionally. @ https://sniffies.com/:0
[14374063ms] [WARNING] The resource https://sniffies.com/assets/images/vm-sprite-120px.jpg was preloaded using link preload but not used within a few seconds from the window's load event. Please make sure it has an appropriate `as` value and it is preloaded intentionally. @ https://sniffies.com/:0
[14380265ms] [WARNING] The resource https://sniffies.com/assets/images/vm-sprite-120px.jpg was preloaded using link preload but not used within a few seconds from the window's load event. Please make sure it has an appropriate `as` value and it is preloaded intentionally. @ https://sniffies.com/:0
[14384299ms] [WARNING] The resource https://sniffies.com/assets/images/vm-sprite-120px.jpg was preloaded using link preload but not used within a few seconds from the window's load event. Please make sure it has an appropriate `as` value and it is preloaded intentionally. @ https://sniffies.com/:0
[14395511ms] [WARNING] The resource https://sniffies.com/assets/images/vm-sprite-120px.jpg was preloaded using link preload but not used within a few seconds from the window's load event. Please make sure it has an appropriate `as` value and it is preloaded intentionally. @ https://sniffies.com/:0
[14407641ms] [WARNING] The resource https://sniffies.com/assets/images/vm-sprite-120px.jpg was preloaded using link preload but not used within a few seconds from the window's load event. Please make sure it has an appropriate `as` value and it is preloaded intentionally. @ https://sniffies.com/:0
[14411508ms] [WARNING] The resource https://sniffies.com/assets/images/vm-sprite-120px.jpg was preloaded using link preload but not used within a few seconds from the window's load event. Please make sure it has an appropriate `as` value and it is preloaded intentionally. @ https://sniffies.com/:0
[14424721ms] [WARNING] The resource https://sniffies.com/assets/images/vm-sprite-120px.jpg was preloaded using link preload but not used within a few seconds from the window's load event. Please make sure it has an appropriate `as` value and it is preloaded intentionally. @ https://sniffies.com/:0
[14436747ms] [WARNING] The resource https://sniffies.com/assets/images/vm-sprite-120px.jpg was preloaded using link preload but not used within a few seconds from the window's load event. Please make sure it has an appropriate `as` value and it is preloaded intentionally. @ https://sniffies.com/:0
[14450267ms] [WARNING] The resource https://sniffies.com/assets/images/vm-sprite-120px.jpg was preloaded using link preload but not used within a few seconds from the window's load event. Please make sure it has an appropriate `as` value and it is preloaded intentionally. @ https://sniffies.com/:0
[14459772ms] [WARNING] The resource https://sniffies.com/assets/images/vm-sprite-120px.jpg was preloaded using link preload but not used within a few seconds from the window's load event. Please make sure it has an appropriate `as` value and it is preloaded intentionally. @ https://sniffies.com/:0
[14464790ms] [WARNING] The resource https://sniffies.com/assets/images/vm-sprite-120px.jpg was preloaded using link preload but not used within a few seconds from the window's load event. Please make sure it has an appropriate `as` value and it is preloaded intentionally. @ https://sniffies.com/:0
[14468909ms] [WARNING] The resource https://sniffies.com/assets/images/vm-sprite-120px.jpg was preloaded using link preload but not used within a few seconds from the window's load event. Please make sure it has an appropriate `as` value and it is preloaded intentionally. @ https://sniffies.com/:0
[14478924ms] [WARNING] The resource https://sniffies.com/assets/images/vm-sprite-120px.jpg was preloaded using link preload but not used within a few seconds from the window's load event. Please make sure it has an appropriate `as` value and it is preloaded intentionally. @ https://sniffies.com/:0
[14482911ms] [WARNING] The resource https://sniffies.com/assets/images/vm-sprite-120px.jpg was preloaded using link preload but not used within a few seconds from the window's load event. Please make sure it has an appropriate `as` value and it is preloaded intentionally. @ https://sniffies.com/:0
[14496568ms] [WARNING] The resource https://sniffies.com/assets/images/vm-sprite-120px.jpg was preloaded using link preload but not used within a few seconds from the window's load event. Please make sure it has an appropriate `as` value and it is preloaded intentionally. @ https://sniffies.com/:0
[14512744ms] [WARNING] The resource https://sniffies.com/assets/images/vm-sprite-120px.jpg was preloaded using link preload but not used within a few seconds from the window's load event. Please make sure it has an appropriate `as` value and it is preloaded intentionally. @ https://sniffies.com/:0
[14518656ms] [WARNING] The resource https://sniffies.com/assets/images/vm-sprite-120px.jpg was preloaded using link preload but not used within a few seconds from the window's load event. Please make sure it has an appropriate `as` value and it is preloaded intentionally. @ https://sniffies.com/:0
[14551178ms] [WARNING] The resource https://sniffies.com/assets/images/vm-sprite-120px.jpg was preloaded using link preload but not used within a few seconds from the window's load event. Please make sure it has an appropriate `as` value and it is preloaded intentionally. @ https://sniffies.com/:0
[14559614ms] [WARNING] The resource https://sniffies.com/assets/images/vm-sprite-120px.jpg was preloaded using link preload but not used within a few seconds from the window's load event. Please make sure it has an appropriate `as` value and it is preloaded intentionally. @ https://sniffies.com/:0
[14565631ms] [WARNING] The resource https://sniffies.com/assets/images/vm-sprite-120px.jpg was preloaded using link preload but not used within a few seconds from the window's load event. Please make sure it has an appropriate `as` value and it is preloaded intentionally. @ https://sniffies.com/:0
[14569750ms] [WARNING] The resource https://sniffies.com/assets/images/vm-sprite-120px.jpg was preloaded using link preload but not used within a few seconds from the window's load event. Please make sure it has an appropriate `as` value and it is preloaded intentionally. @ https://sniffies.com/:0
[14576302ms] [WARNING] The resource https://sniffies.com/assets/images/vm-sprite-120px.jpg was preloaded using link preload but not used within a few seconds from the window's load event. Please make sure it has an appropriate `as` value and it is preloaded intentionally. @ https://sniffies.com/:0
[14582559ms] [WARNING] The resource https://sniffies.com/assets/images/vm-sprite-120px.jpg was preloaded using link preload but not used within a few seconds from the window's load event. Please make sure it has an appropriate `as` value and it is preloaded intentionally. @ https://sniffies.com/:0
[14586743ms] [WARNING] The resource https://sniffies.com/assets/images/vm-sprite-120px.jpg was preloaded using link preload but not used within a few seconds from the window's load event. Please make sure it has an appropriate `as` value and it is preloaded intentionally. @ https://sniffies.com/:0
[14600980ms] [WARNING] The resource https://sniffies.com/assets/images/vm-sprite-120px.jpg was preloaded using link preload but not used within a few seconds from the window's load event. Please make sure it has an appropriate `as` value and it is preloaded intentionally. @ https://sniffies.com/:0
[14611882ms] [WARNING] The resource https://sniffies.com/assets/images/vm-sprite-120px.jpg was preloaded using link preload but not used within a few seconds from the window's load event. Please make sure it has an appropriate `as` value and it is preloaded intentionally. @ https://sniffies.com/:0
[14633862ms] [WARNING] The resource https://sniffies.com/assets/images/vm-sprite-120px.jpg was preloaded using link preload but not used within a few seconds from the window's load event. Please make sure it has an appropriate `as` value and it is preloaded intentionally. @ https://sniffies.com/:0
[14643578ms] [WARNING] The resource https://sniffies.com/assets/images/vm-sprite-120px.jpg was preloaded using link preload but not used within a few seconds from the window's load event. Please make sure it has an appropriate `as` value and it is preloaded intentionally. @ https://sniffies.com/:0
[14650647ms] [WARNING] The resource https://sniffies.com/assets/images/vm-sprite-120px.jpg was preloaded using link preload but not used within a few seconds from the window's load event. Please make sure it has an appropriate `as` value and it is preloaded intentionally. @ https://sniffies.com/:0
[14668155ms] [WARNING] The resource https://sniffies.com/assets/images/vm-sprite-120px.jpg was preloaded using link preload but not used within a few seconds from the window's load event. Please make sure it has an appropriate `as` value and it is preloaded intentionally. @ https://sniffies.com/:0
[14677671ms] [WARNING] The resource https://sniffies.com/assets/images/vm-sprite-120px.jpg was preloaded using link preload but not used within a few seconds from the window's load event. Please make sure it has an appropriate `as` value and it is preloaded intentionally. @ https://sniffies.com/:0
[14683254ms] [WARNING] The resource https://sniffies.com/assets/images/vm-sprite-120px.jpg was preloaded using link preload but not used within a few seconds from the window's load event. Please make sure it has an appropriate `as` value and it is preloaded intentionally. @ https://sniffies.com/:0
[14686901ms] [WARNING] The resource https://sniffies.com/assets/images/vm-sprite-120px.jpg was preloaded using link preload but not used within a few seconds from the window's load event. Please make sure it has an appropriate `as` value and it is preloaded intentionally. @ https://sniffies.com/:0
[14695799ms] [WARNING] The resource https://sniffies.com/assets/images/vm-sprite-120px.jpg was preloaded using link preload but not used within a few seconds from the window's load event. Please make sure it has an appropriate `as` value and it is preloaded intentionally. @ https://sniffies.com/:0
[14701353ms] [WARNING] The resource https://sniffies.com/assets/images/vm-sprite-120px.jpg was preloaded using link preload but not used within a few seconds from the window's load event. Please make sure it has an appropriate `as` value and it is preloaded intentionally. @ https://sniffies.com/:0
[14711437ms] [WARNING] The resource https://sniffies.com/assets/images/vm-sprite-120px.jpg was preloaded using link preload but not used within a few seconds from the window's load event. Please make sure it has an appropriate `as` value and it is preloaded intentionally. @ https://sniffies.com/:0
[14715599ms] [WARNING] The resource https://sniffies.com/assets/images/vm-sprite-120px.jpg was preloaded using link preload but not used within a few seconds from the window's load event. Please make sure it has an appropriate `as` value and it is preloaded intentionally. @ https://sniffies.com/:0
[14724756ms] [WARNING] The resource https://sniffies.com/assets/images/vm-sprite-120px.jpg was preloaded using link preload but not used within a few seconds from the window's load event. Please make sure it has an appropriate `as` value and it is preloaded intentionally. @ https://sniffies.com/:0
[14731433ms] [WARNING] The resource https://sniffies.com/assets/images/vm-sprite-120px.jpg was preloaded using link preload but not used within a few seconds from the window's load event. Please make sure it has an appropriate `as` value and it is preloaded intentionally. @ https://sniffies.com/:0
[14745598ms] [WARNING] The resource https://sniffies.com/assets/images/vm-sprite-120px.jpg was preloaded using link preload but not used within a few seconds from the window's load event. Please make sure it has an appropriate `as` value and it is preloaded intentionally. @ https://sniffies.com/:0
[14750474ms] [WARNING] The resource https://sniffies.com/assets/images/vm-sprite-120px.jpg was preloaded using link preload but not used within a few seconds from the window's load event. Please make sure it has an appropriate `as` value and it is preloaded intentionally. @ https://sniffies.com/:0
[14760431ms] [WARNING] The resource https://sniffies.com/assets/images/vm-sprite-120px.jpg was preloaded using link preload but not used within a few seconds from the window's load event. Please make sure it has an appropriate `as` value and it is preloaded intentionally. @ https://sniffies.com/:0
[14768026ms] [WARNING] The resource https://sniffies.com/assets/images/vm-sprite-120px.jpg was preloaded using link preload but not used within a few seconds from the window's load event. Please make sure it has an appropriate `as` value and it is preloaded intentionally. @ https://sniffies.com/:0
[14776672ms] [WARNING] The resource https://sniffies.com/assets/images/vm-sprite-120px.jpg was preloaded using link preload but not used within a few seconds from the window's load event. Please make sure it has an appropriate `as` value and it is preloaded intentionally. @ https://sniffies.com/:0
[14783356ms] [WARNING] The resource https://sniffies.com/assets/images/vm-sprite-120px.jpg was preloaded using link preload but not used within a few seconds from the window's load event. Please make sure it has an appropriate `as` value and it is preloaded intentionally. @ https://sniffies.com/:0
[14797283ms] [WARNING] The resource https://sniffies.com/assets/images/vm-sprite-120px.jpg was preloaded using link preload but not used within a few seconds from the window's load event. Please make sure it has an appropriate `as` value and it is preloaded intentionally. @ https://sniffies.com/:0
[14805155ms] [WARNING] The resource https://sniffies.com/assets/images/vm-sprite-120px.jpg was preloaded using link preload but not used within a few seconds from the window's load event. Please make sure it has an appropriate `as` value and it is preloaded intentionally. @ https://sniffies.com/:0
[14811624ms] [WARNING] The resource https://sniffies.com/assets/images/vm-sprite-120px.jpg was preloaded using link preload but not used within a few seconds from the window's load event. Please make sure it has an appropriate `as` value and it is preloaded intentionally. @ https://sniffies.com/:0
[14821191ms] [WARNING] The resource https://sniffies.com/assets/images/vm-sprite-120px.jpg was preloaded using link preload but not used within a few seconds from the window's load event. Please make sure it has an appropriate `as` value and it is preloaded intentionally. @ https://sniffies.com/:0
[14825532ms] [WARNING] The resource https://sniffies.com/assets/images/vm-sprite-120px.jpg was preloaded using link preload but not used within a few seconds from the window's load event. Please make sure it has an appropriate `as` value and it is preloaded intentionally. @ https://sniffies.com/:0
[14833635ms] [WARNING] The resource https://sniffies.com/assets/images/vm-sprite-120px.jpg was preloaded using link preload but not used within a few seconds from the window's load event. Please make sure it has an appropriate `as` value and it is preloaded intentionally. @ https://sniffies.com/:0
[14837729ms] [WARNING] The resource https://sniffies.com/assets/images/vm-sprite-120px.jpg was preloaded using link preload but not used within a few seconds from the window's load event. Please make sure it has an appropriate `as` value and it is preloaded intentionally. @ https://sniffies.com/:0
[14847709ms] [WARNING] The resource https://sniffies.com/assets/images/vm-sprite-120px.jpg was preloaded using link preload but not used within a few seconds from the window's load event. Please make sure it has an appropriate `as` value and it is preloaded intentionally. @ https://sniffies.com/:0
[14860669ms] [WARNING] The resource https://sniffies.com/assets/images/vm-sprite-120px.jpg was preloaded using link preload but not used within a few seconds from the window's load event. Please make sure it has an appropriate `as` value and it is preloaded intentionally. @ https://sniffies.com/:0
[14868560ms] [WARNING] The resource https://sniffies.com/assets/images/vm-sprite-120px.jpg was preloaded using link preload but not used within a few seconds from the window's load event. Please make sure it has an appropriate `as` value and it is preloaded intentionally. @ https://sniffies.com/:0
[14873783ms] [WARNING] The resource https://sniffies.com/assets/images/vm-sprite-120px.jpg was preloaded using link preload but not used within a few seconds from the window's load event. Please make sure it has an appropriate `as` value and it is preloaded intentionally. @ https://sniffies.com/:0
[14888221ms] [WARNING] The resource https://sniffies.com/assets/images/vm-sprite-120px.jpg was preloaded using link preload but not used within a few seconds from the window's load event. Please make sure it has an appropriate `as` value and it is preloaded intentionally. @ https://sniffies.com/:0
[14893130ms] [WARNING] The resource https://sniffies.com/assets/images/vm-sprite-120px.jpg was preloaded using link preload but not used within a few seconds from the window's load event. Please make sure it has an appropriate `as` value and it is preloaded intentionally. @ https://sniffies.com/:0
[14909381ms] [WARNING] The resource https://sniffies.com/assets/images/vm-sprite-120px.jpg was preloaded using link preload but not used within a few seconds from the window's load event. Please make sure it has an appropriate `as` value and it is preloaded intentionally. @ https://sniffies.com/:0
[14928562ms] [WARNING] The resource https://sniffies.com/assets/images/vm-sprite-120px.jpg was preloaded using link preload but not used within a few seconds from the window's load event. Please make sure it has an appropriate `as` value and it is preloaded intentionally. @ https://sniffies.com/:0
[14941193ms] [WARNING] The resource https://sniffies.com/assets/images/vm-sprite-120px.jpg was preloaded using link preload but not used within a few seconds from the window's load event. Please make sure it has an appropriate `as` value and it is preloaded intentionally. @ https://sniffies.com/:0
[14947393ms] [WARNING] The resource https://sniffies.com/assets/images/vm-sprite-120px.jpg was preloaded using link preload but not used within a few seconds from the window's load event. Please make sure it has an appropriate `as` value and it is preloaded intentionally. @ https://sniffies.com/:0
[14952425ms] [WARNING] The resource https://sniffies.com/assets/images/vm-sprite-120px.jpg was preloaded using link preload but not used within a few seconds from the window's load event. Please make sure it has an appropriate `as` value and it is preloaded intentionally. @ https://sniffies.com/:0
[14964976ms] [WARNING] The resource https://sniffies.com/assets/images/vm-sprite-120px.jpg was preloaded using link preload but not used within a few seconds from the window's load event. Please make sure it has an appropriate `as` value and it is preloaded intentionally. @ https://sniffies.com/:0
[14968041ms] [WARNING] The resource https://sniffies.com/assets/images/vm-sprite-120px.jpg was preloaded using link preload but not used within a few seconds from the window's load event. Please make sure it has an appropriate `as` value and it is preloaded intentionally. @ https://sniffies.com/:0
[14975464ms] [WARNING] The resource https://sniffies.com/assets/images/vm-sprite-120px.jpg was preloaded using link preload but not used within a few seconds from the window's load event. Please make sure it has an appropriate `as` value and it is preloaded intentionally. @ https://sniffies.com/:0
[14988666ms] [WARNING] The resource https://sniffies.com/assets/images/vm-sprite-120px.jpg was preloaded using link preload but not used within a few seconds from the window's load event. Please make sure it has an appropriate `as` value and it is preloaded intentionally. @ https://sniffies.com/:0
[14993078ms] [WARNING] The resource https://sniffies.com/assets/images/vm-sprite-120px.jpg was preloaded using link preload but not used within a few seconds from the window's load event. Please make sure it has an appropriate `as` value and it is preloaded intentionally. @ https://sniffies.com/:0
[14997686ms] [WARNING] The resource https://sniffies.com/assets/images/vm-sprite-120px.jpg was preloaded using link preload but not used within a few seconds from the window's load event. Please make sure it has an appropriate `as` value and it is preloaded intentionally. @ https://sniffies.com/:0
[15004128ms] [WARNING] The resource https://sniffies.com/assets/images/vm-sprite-120px.jpg was preloaded using link preload but not used within a few seconds from the window's load event. Please make sure it has an appropriate `as` value and it is preloaded intentionally. @ https://sniffies.com/:0
[15012737ms] [WARNING] The resource https://sniffies.com/assets/images/vm-sprite-120px.jpg was preloaded using link preload but not used within a few seconds from the window's load event. Please make sure it has an appropriate `as` value and it is preloaded intentionally. @ https://sniffies.com/:0
[15020214ms] [WARNING] The resource https://sniffies.com/assets/images/vm-sprite-120px.jpg was preloaded using link preload but not used within a few seconds from the window's load event. Please make sure it has an appropriate `as` value and it is preloaded intentionally. @ https://sniffies.com/:0
[15035970ms] [WARNING] The resource https://sniffies.com/assets/images/vm-sprite-120px.jpg was preloaded using link preload but not used within a few seconds from the window's load event. Please make sure it has an appropriate `as` value and it is preloaded intentionally. @ https://sniffies.com/:0
[15044933ms] [WARNING] The resource https://sniffies.com/assets/images/vm-sprite-120px.jpg was preloaded using link preload but not used within a few seconds from the window's load event. Please make sure it has an appropriate `as` value and it is preloaded intentionally. @ https://sniffies.com/:0
[15049702ms] [WARNING] The resource https://sniffies.com/assets/images/vm-sprite-120px.jpg was preloaded using link preload but not used within a few seconds from the window's load event. Please make sure it has an appropriate `as` value and it is preloaded intentionally. @ https://sniffies.com/:0
[15061890ms] [WARNING] The resource https://sniffies.com/assets/images/vm-sprite-120px.jpg was preloaded using link preload but not used within a few seconds from the window's load event. Please make sure it has an appropriate `as` value and it is preloaded intentionally. @ https://sniffies.com/:0
[15073765ms] [WARNING] The resource https://sniffies.com/assets/images/vm-sprite-120px.jpg was preloaded using link preload but not used within a few seconds from the window's load event. Please make sure it has an appropriate `as` value and it is preloaded intentionally. @ https://sniffies.com/:0
[15087485ms] [WARNING] The resource https://sniffies.com/assets/images/vm-sprite-120px.jpg was preloaded using link preload but not used within a few seconds from the window's load event. Please make sure it has an appropriate `as` value and it is preloaded intentionally. @ https://sniffies.com/:0
[15092693ms] [WARNING] The resource https://sniffies.com/assets/images/vm-sprite-120px.jpg was preloaded using link preload but not used within a few seconds from the window's load event. Please make sure it has an appropriate `as` value and it is preloaded intentionally. @ https://sniffies.com/:0
[15098670ms] [WARNING] The resource https://sniffies.com/assets/images/vm-sprite-120px.jpg was preloaded using link preload but not used within a few seconds from the window's load event. Please make sure it has an appropriate `as` value and it is preloaded intentionally. @ https://sniffies.com/:0
[15111807ms] [WARNING] The resource https://sniffies.com/assets/images/vm-sprite-120px.jpg was preloaded using link preload but not used within a few seconds from the window's load event. Please make sure it has an appropriate `as` value and it is preloaded intentionally. @ https://sniffies.com/:0
[15120876ms] [WARNING] The resource https://sniffies.com/assets/images/vm-sprite-120px.jpg was preloaded using link preload but not used within a few seconds from the window's load event. Please make sure it has an appropriate `as` value and it is preloaded intentionally. @ https://sniffies.com/:0
[15124968ms] [WARNING] The resource https://sniffies.com/assets/images/vm-sprite-120px.jpg was preloaded using link preload but not used within a few seconds from the window's load event. Please make sure it has an appropriate `as` value and it is preloaded intentionally. @ https://sniffies.com/:0
[15134338ms] [WARNING] The resource https://sniffies.com/assets/images/vm-sprite-120px.jpg was preloaded using link preload but not used within a few seconds from the window's load event. Please make sure it has an appropriate `as` value and it is preloaded intentionally. @ https://sniffies.com/:0
[15149968ms] [WARNING] The resource https://sniffies.com/assets/images/vm-sprite-120px.jpg was preloaded using link preload but not used within a few seconds from the window's load event. Please make sure it has an appropriate `as` value and it is preloaded intentionally. @ https://sniffies.com/:0
[15153228ms] [WARNING] The resource https://sniffies.com/assets/images/vm-sprite-120px.jpg was preloaded using link preload but not used within a few seconds from the window's load event. Please make sure it has an appropriate `as` value and it is preloaded intentionally. @ https://sniffies.com/:0
[15156775ms] [WARNING] The resource https://sniffies.com/assets/images/vm-sprite-120px.jpg was preloaded using link preload but not used within a few seconds from the window's load event. Please make sure it has an appropriate `as` value and it is preloaded intentionally. @ https://sniffies.com/:0
[15160707ms] [WARNING] The resource https://sniffies.com/assets/images/vm-sprite-120px.jpg was preloaded using link preload but not used within a few seconds from the window's load event. Please make sure it has an appropriate `as` value and it is preloaded intentionally. @ https://sniffies.com/:0
[15173790ms] [WARNING] The resource https://sniffies.com/assets/images/vm-sprite-120px.jpg was preloaded using link preload but not used within a few seconds from the window's load event. Please make sure it has an appropriate `as` value and it is preloaded intentionally. @ https://sniffies.com/:0
[15180174ms] [WARNING] The resource https://sniffies.com/assets/images/vm-sprite-120px.jpg was preloaded using link preload but not used within a few seconds from the window's load event. Please make sure it has an appropriate `as` value and it is preloaded intentionally. @ https://sniffies.com/:0
[15185665ms] [WARNING] The resource https://sniffies.com/assets/images/vm-sprite-120px.jpg was preloaded using link preload but not used within a few seconds from the window's load event. Please make sure it has an appropriate `as` value and it is preloaded intentionally. @ https://sniffies.com/:0
[15194805ms] [WARNING] The resource https://sniffies.com/assets/images/vm-sprite-120px.jpg was preloaded using link preload but not used within a few seconds from the window's load event. Please make sure it has an appropriate `as` value and it is preloaded intentionally. @ https://sniffies.com/:0
[15203705ms] [WARNING] The resource https://sniffies.com/assets/images/vm-sprite-120px.jpg was preloaded using link preload but not used within a few seconds from the window's load event. Please make sure it has an appropriate `as` value and it is preloaded intentionally. @ https://sniffies.com/:0
[15215665ms] [WARNING] The resource https://sniffies.com/assets/images/vm-sprite-120px.jpg was preloaded using link preload but not used within a few seconds from the window's load event. Please make sure it has an appropriate `as` value and it is preloaded intentionally. @ https://sniffies.com/:0
[15224441ms] [WARNING] The resource https://sniffies.com/assets/images/vm-sprite-120px.jpg was preloaded using link preload but not used within a few seconds from the window's load event. Please make sure it has an appropriate `as` value and it is preloaded intentionally. @ https://sniffies.com/:0
[15236129ms] [WARNING] The resource https://sniffies.com/assets/images/vm-sprite-120px.jpg was preloaded using link preload but not used within a few seconds from the window's load event. Please make sure it has an appropriate `as` value and it is preloaded intentionally. @ https://sniffies.com/:0
[15241399ms] [WARNING] The resource https://sniffies.com/assets/images/vm-sprite-120px.jpg was preloaded using link preload but not used within a few seconds from the window's load event. Please make sure it has an appropriate `as` value and it is preloaded intentionally. @ https://sniffies.com/:0
[15248307ms] [WARNING] The resource https://sniffies.com/assets/images/vm-sprite-120px.jpg was preloaded using link preload but not used within a few seconds from the window's load event. Please make sure it has an appropriate `as` value and it is preloaded intentionally. @ https://sniffies.com/:0
[15262801ms] [WARNING] The resource https://sniffies.com/assets/images/vm-sprite-120px.jpg was preloaded using link preload but not used within a few seconds from the window's load event. Please make sure it has an appropriate `as` value and it is preloaded intentionally. @ https://sniffies.com/:0
[15272261ms] [WARNING] The resource https://sniffies.com/assets/images/vm-sprite-120px.jpg was preloaded using link preload but not used within a few seconds from the window's load event. Please make sure it has an appropriate `as` value and it is preloaded intentionally. @ https://sniffies.com/:0
[15287099ms] [WARNING] The resource https://sniffies.com/assets/images/vm-sprite-120px.jpg was preloaded using link preload but not used within a few seconds from the window's load event. Please make sure it has an appropriate `as` value and it is preloaded intentionally. @ https://sniffies.com/:0
[15295056ms] [WARNING] The resource https://sniffies.com/assets/images/vm-sprite-120px.jpg was preloaded using link preload but not used within a few seconds from the window's load event. Please make sure it has an appropriate `as` value and it is preloaded intentionally. @ https://sniffies.com/:0
[15304379ms] [WARNING] The resource https://sniffies.com/assets/images/vm-sprite-120px.jpg was preloaded using link preload but not used within a few seconds from the window's load event. Please make sure it has an appropriate `as` value and it is preloaded intentionally. @ https://sniffies.com/:0
[15314070ms] [WARNING] The resource https://sniffies.com/assets/images/vm-sprite-120px.jpg was preloaded using link preload but not used within a few seconds from the window's load event. Please make sure it has an appropriate `as` value and it is preloaded intentionally. @ https://sniffies.com/:0
[15320964ms] [WARNING] The resource https://sniffies.com/assets/images/vm-sprite-120px.jpg was preloaded using link preload but not used within a few seconds from the window's load event. Please make sure it has an appropriate `as` value and it is preloaded intentionally. @ https://sniffies.com/:0
[15331004ms] [WARNING] The resource https://sniffies.com/assets/images/vm-sprite-120px.jpg was preloaded using link preload but not used within a few seconds from the window's load event. Please make sure it has an appropriate `as` value and it is preloaded intentionally. @ https://sniffies.com/:0
[15334386ms] [WARNING] The resource https://sniffies.com/assets/images/vm-sprite-120px.jpg was preloaded using link preload but not used within a few seconds from the window's load event. Please make sure it has an appropriate `as` value and it is preloaded intentionally. @ https://sniffies.com/:0
[15342308ms] [WARNING] The resource https://sniffies.com/assets/images/vm-sprite-120px.jpg was preloaded using link preload but not used within a few seconds from the window's load event. Please make sure it has an appropriate `as` value and it is preloaded intentionally. @ https://sniffies.com/:0
[15348355ms] [WARNING] The resource https://sniffies.com/assets/images/vm-sprite-120px.jpg was preloaded using link preload but not used within a few seconds from the window's load event. Please make sure it has an appropriate `as` value and it is preloaded intentionally. @ https://sniffies.com/:0
[15360466ms] [WARNING] The resource https://sniffies.com/assets/images/vm-sprite-120px.jpg was preloaded using link preload but not used within a few seconds from the window's load event. Please make sure it has an appropriate `as` value and it is preloaded intentionally. @ https://sniffies.com/:0
[15378515ms] [WARNING] The resource https://sniffies.com/assets/images/vm-sprite-120px.jpg was preloaded using link preload but not used within a few seconds from the window's load event. Please make sure it has an appropriate `as` value and it is preloaded intentionally. @ https://sniffies.com/:0
[15385234ms] [WARNING] The resource https://sniffies.com/assets/images/vm-sprite-120px.jpg was preloaded using link preload but not used within a few seconds from the window's load event. Please make sure it has an appropriate `as` value and it is preloaded intentionally. @ https://sniffies.com/:0
[15395404ms] [WARNING] The resource https://sniffies.com/assets/images/vm-sprite-120px.jpg was preloaded using link preload but not used within a few seconds from the window's load event. Please make sure it has an appropriate `as` value and it is preloaded intentionally. @ https://sniffies.com/:0
[15406238ms] [WARNING] The resource https://sniffies.com/assets/images/vm-sprite-120px.jpg was preloaded using link preload but not used within a few seconds from the window's load event. Please make sure it has an appropriate `as` value and it is preloaded intentionally. @ https://sniffies.com/:0
[15418862ms] [WARNING] The resource https://sniffies.com/assets/images/vm-sprite-120px.jpg was preloaded using link preload but not used within a few seconds from the window's load event. Please make sure it has an appropriate `as` value and it is preloaded intentionally. @ https://sniffies.com/:0
[15423289ms] [WARNING] The resource https://sniffies.com/assets/images/vm-sprite-120px.jpg was preloaded using link preload but not used within a few seconds from the window's load event. Please make sure it has an appropriate `as` value and it is preloaded intentionally. @ https://sniffies.com/:0
[15426748ms] [WARNING] The resource https://sniffies.com/assets/images/vm-sprite-120px.jpg was preloaded using link preload but not used within a few seconds from the window's load event. Please make sure it has an appropriate `as` value and it is preloaded intentionally. @ https://sniffies.com/:0
[15434631ms] [WARNING] The resource https://sniffies.com/assets/images/vm-sprite-120px.jpg was preloaded using link preload but not used within a few seconds from the window's load event. Please make sure it has an appropriate `as` value and it is preloaded intentionally. @ https://sniffies.com/:0
[15443035ms] [WARNING] The resource https://sniffies.com/assets/images/vm-sprite-120px.jpg was preloaded using link preload but not used within a few seconds from the window's load event. Please make sure it has an appropriate `as` value and it is preloaded intentionally. @ https://sniffies.com/:0
[15446682ms] [WARNING] The resource https://sniffies.com/assets/images/vm-sprite-120px.jpg was preloaded using link preload but not used within a few seconds from the window's load event. Please make sure it has an appropriate `as` value and it is preloaded intentionally. @ https://sniffies.com/:0
[15458083ms] [WARNING] The resource https://sniffies.com/assets/images/vm-sprite-120px.jpg was preloaded using link preload but not used within a few seconds from the window's load event. Please make sure it has an appropriate `as` value and it is preloaded intentionally. @ https://sniffies.com/:0
[15468244ms] [WARNING] The resource https://sniffies.com/assets/images/vm-sprite-120px.jpg was preloaded using link preload but not used within a few seconds from the window's load event. Please make sure it has an appropriate `as` value and it is preloaded intentionally. @ https://sniffies.com/:0
[15480133ms] [WARNING] The resource https://sniffies.com/assets/images/vm-sprite-120px.jpg was preloaded using link preload but not used within a few seconds from the window's load event. Please make sure it has an appropriate `as` value and it is preloaded intentionally. @ https://sniffies.com/:0
[15484393ms] [WARNING] The resource https://sniffies.com/assets/images/vm-sprite-120px.jpg was preloaded using link preload but not used within a few seconds from the window's load event. Please make sure it has an appropriate `as` value and it is preloaded intentionally. @ https://sniffies.com/:0
[15503038ms] [WARNING] The resource https://sniffies.com/assets/images/vm-sprite-120px.jpg was preloaded using link preload but not used within a few seconds from the window's load event. Please make sure it has an appropriate `as` value and it is preloaded intentionally. @ https://sniffies.com/:0
[15514918ms] [WARNING] The resource https://sniffies.com/assets/images/vm-sprite-120px.jpg was preloaded using link preload but not used within a few seconds from the window's load event. Please make sure it has an appropriate `as` value and it is preloaded intentionally. @ https://sniffies.com/:0
[15531401ms] [WARNING] The resource https://sniffies.com/assets/images/vm-sprite-120px.jpg was preloaded using link preload but not used within a few seconds from the window's load event. Please make sure it has an appropriate `as` value and it is preloaded intentionally. @ https://sniffies.com/:0
[15539183ms] [WARNING] The resource https://sniffies.com/assets/images/vm-sprite-120px.jpg was preloaded using link preload but not used within a few seconds from the window's load event. Please make sure it has an appropriate `as` value and it is preloaded intentionally. @ https://sniffies.com/:0
[15560686ms] [WARNING] The resource https://sniffies.com/assets/images/vm-sprite-120px.jpg was preloaded using link preload but not used within a few seconds from the window's load event. Please make sure it has an appropriate `as` value and it is preloaded intentionally. @ https://sniffies.com/:0
[15568168ms] [WARNING] The resource https://sniffies.com/assets/images/vm-sprite-120px.jpg was preloaded using link preload but not used within a few seconds from the window's load event. Please make sure it has an appropriate `as` value and it is preloaded intentionally. @ https://sniffies.com/:0
[15573999ms] [WARNING] The resource https://sniffies.com/assets/images/vm-sprite-120px.jpg was preloaded using link preload but not used within a few seconds from the window's load event. Please make sure it has an appropriate `as` value and it is preloaded intentionally. @ https://sniffies.com/:0
[15580555ms] [WARNING] The resource https://sniffies.com/assets/images/vm-sprite-120px.jpg was preloaded using link preload but not used within a few seconds from the window's load event. Please make sure it has an appropriate `as` value and it is preloaded intentionally. @ https://sniffies.com/:0
[15593748ms] [WARNING] The resource https://sniffies.com/assets/images/vm-sprite-120px.jpg was preloaded using link preload but not used within a few seconds from the window's load event. Please make sure it has an appropriate `as` value and it is preloaded intentionally. @ https://sniffies.com/:0
[15608098ms] [WARNING] The resource https://sniffies.com/assets/images/vm-sprite-120px.jpg was preloaded using link preload but not used within a few seconds from the window's load event. Please make sure it has an appropriate `as` value and it is preloaded intentionally. @ https://sniffies.com/:0
[15617725ms] [WARNING] The resource https://sniffies.com/assets/images/vm-sprite-120px.jpg was preloaded using link preload but not used within a few seconds from the window's load event. Please make sure it has an appropriate `as` value and it is preloaded intentionally. @ https://sniffies.com/:0
[15634186ms] [WARNING] The resource https://sniffies.com/assets/images/vm-sprite-120px.jpg was preloaded using link preload but not used within a few seconds from the window's load event. Please make sure it has an appropriate `as` value and it is preloaded intentionally. @ https://sniffies.com/:0
[15642505ms] [WARNING] The resource https://sniffies.com/assets/images/vm-sprite-120px.jpg was preloaded using link preload but not used within a few seconds from the window's load event. Please make sure it has an appropriate `as` value and it is preloaded intentionally. @ https://sniffies.com/:0
[15654492ms] [WARNING] The resource https://sniffies.com/assets/images/vm-sprite-120px.jpg was preloaded using link preload but not used within a few seconds from the window's load event. Please make sure it has an appropriate `as` value and it is preloaded intentionally. @ https://sniffies.com/:0
[15660430ms] [WARNING] The resource https://sniffies.com/assets/images/vm-sprite-120px.jpg was preloaded using link preload but not used within a few seconds from the window's load event. Please make sure it has an appropriate `as` value and it is preloaded intentionally. @ https://sniffies.com/:0
[15675568ms] [WARNING] The resource https://sniffies.com/assets/images/vm-sprite-120px.jpg was preloaded using link preload but not used within a few seconds from the window's load event. Please make sure it has an appropriate `as` value and it is preloaded intentionally. @ https://sniffies.com/:0
[15692064ms] [WARNING] The resource https://sniffies.com/assets/images/vm-sprite-120px.jpg was preloaded using link preload but not used within a few seconds from the window's load event. Please make sure it has an appropriate `as` value and it is preloaded intentionally. @ https://sniffies.com/:0
[15701684ms] [WARNING] The resource https://sniffies.com/assets/images/vm-sprite-120px.jpg was preloaded using link preload but not used within a few seconds from the window's load event. Please make sure it has an appropriate `as` value and it is preloaded intentionally. @ https://sniffies.com/:0
[15716329ms] [WARNING] The resource https://sniffies.com/assets/images/vm-sprite-120px.jpg was preloaded using link preload but not used within a few seconds from the window's load event. Please make sure it has an appropriate `as` value and it is preloaded intentionally. @ https://sniffies.com/:0
[15732625ms] [WARNING] The resource https://sniffies.com/assets/images/vm-sprite-120px.jpg was preloaded using link preload but not used within a few seconds from the window's load event. Please make sure it has an appropriate `as` value and it is preloaded intentionally. @ https://sniffies.com/:0
[15737417ms] [WARNING] The resource https://sniffies.com/assets/images/vm-sprite-120px.jpg was preloaded using link preload but not used within a few seconds from the window's load event. Please make sure it has an appropriate `as` value and it is preloaded intentionally. @ https://sniffies.com/:0
[15753114ms] [WARNING] The resource https://sniffies.com/assets/images/vm-sprite-120px.jpg was preloaded using link preload but not used within a few seconds from the window's load event. Please make sure it has an appropriate `as` value and it is preloaded intentionally. @ https://sniffies.com/:0
[15766350ms] [WARNING] The resource https://sniffies.com/assets/images/vm-sprite-120px.jpg was preloaded using link preload but not used within a few seconds from the window's load event. Please make sure it has an appropriate `as` value and it is preloaded intentionally. @ https://sniffies.com/:0
[15769787ms] [WARNING] The resource https://sniffies.com/assets/images/vm-sprite-120px.jpg was preloaded using link preload but not used within a few seconds from the window's load event. Please make sure it has an appropriate `as` value and it is preloaded intentionally. @ https://sniffies.com/:0
[15781464ms] [WARNING] The resource https://sniffies.com/assets/images/vm-sprite-120px.jpg was preloaded using link preload but not used within a few seconds from the window's load event. Please make sure it has an appropriate `as` value and it is preloaded intentionally. @ https://sniffies.com/:0
[15786706ms] [WARNING] The resource https://sniffies.com/assets/images/vm-sprite-120px.jpg was preloaded using link preload but not used within a few seconds from the window's load event. Please make sure it has an appropriate `as` value and it is preloaded intentionally. @ https://sniffies.com/:0
[15791267ms] [WARNING] The resource https://sniffies.com/assets/images/vm-sprite-120px.jpg was preloaded using link preload but not used within a few seconds from the window's load event. Please make sure it has an appropriate `as` value and it is preloaded intentionally. @ https://sniffies.com/:0
[15795274ms] [WARNING] The resource https://sniffies.com/assets/images/vm-sprite-120px.jpg was preloaded using link preload but not used within a few seconds from the window's load event. Please make sure it has an appropriate `as` value and it is preloaded intentionally. @ https://sniffies.com/:0
[15813959ms] [WARNING] The resource https://sniffies.com/assets/images/vm-sprite-120px.jpg was preloaded using link preload but not used within a few seconds from the window's load event. Please make sure it has an appropriate `as` value and it is preloaded intentionally. @ https://sniffies.com/:0
[15825692ms] [WARNING] The resource https://sniffies.com/assets/images/vm-sprite-120px.jpg was preloaded using link preload but not used within a few seconds from the window's load event. Please make sure it has an appropriate `as` value and it is preloaded intentionally. @ https://sniffies.com/:0
[15845555ms] [WARNING] The resource https://sniffies.com/assets/images/vm-sprite-120px.jpg was preloaded using link preload but not used within a few seconds from the window's load event. Please make sure it has an appropriate `as` value and it is preloaded intentionally. @ https://sniffies.com/:0
[15854896ms] [WARNING] The resource https://sniffies.com/assets/images/vm-sprite-120px.jpg was preloaded using link preload but not used within a few seconds from the window's load event. Please make sure it has an appropriate `as` value and it is preloaded intentionally. @ https://sniffies.com/:0
[15862858ms] [WARNING] The resource https://sniffies.com/assets/images/vm-sprite-120px.jpg was preloaded using link preload but not used within a few seconds from the window's load event. Please make sure it has an appropriate `as` value and it is preloaded intentionally. @ https://sniffies.com/:0
[15876046ms] [WARNING] The resource https://sniffies.com/assets/images/vm-sprite-120px.jpg was preloaded using link preload but not used within a few seconds from the window's load event. Please make sure it has an appropriate `as` value and it is preloaded intentionally. @ https://sniffies.com/:0
[15887293ms] [WARNING] The resource https://sniffies.com/assets/images/vm-sprite-120px.jpg was preloaded using link preload but not used within a few seconds from the window's load event. Please make sure it has an appropriate `as` value and it is preloaded intentionally. @ https://sniffies.com/:0
[15892153ms] [WARNING] The resource https://sniffies.com/assets/images/vm-sprite-120px.jpg was preloaded using link preload but not used within a few seconds from the window's load event. Please make sure it has an appropriate `as` value and it is preloaded intentionally. @ https://sniffies.com/:0
[15911513ms] [WARNING] The resource https://sniffies.com/assets/images/vm-sprite-120px.jpg was preloaded using link preload but not used within a few seconds from the window's load event. Please make sure it has an appropriate `as` value and it is preloaded intentionally. @ https://sniffies.com/:0
[15915198ms] [WARNING] The resource https://sniffies.com/assets/images/vm-sprite-120px.jpg was preloaded using link preload but not used within a few seconds from the window's load event. Please make sure it has an appropriate `as` value and it is preloaded intentionally. @ https://sniffies.com/:0
[15922667ms] [WARNING] The resource https://sniffies.com/assets/images/vm-sprite-120px.jpg was preloaded using link preload but not used within a few seconds from the window's load event. Please make sure it has an appropriate `as` value and it is preloaded intentionally. @ https://sniffies.com/:0
[15925870ms] [WARNING] The resource https://sniffies.com/assets/images/vm-sprite-120px.jpg was preloaded using link preload but not used within a few seconds from the window's load event. Please make sure it has an appropriate `as` value and it is preloaded intentionally. @ https://sniffies.com/:0
[15934752ms] [WARNING] The resource https://sniffies.com/assets/images/vm-sprite-120px.jpg was preloaded using link preload but not used within a few seconds from the window's load event. Please make sure it has an appropriate `as` value and it is preloaded intentionally. @ https://sniffies.com/:0
[15950141ms] [WARNING] The resource https://sniffies.com/assets/images/vm-sprite-120px.jpg was preloaded using link preload but not used within a few seconds from the window's load event. Please make sure it has an appropriate `as` value and it is preloaded intentionally. @ https://sniffies.com/:0
[15957698ms] [WARNING] The resource https://sniffies.com/assets/images/vm-sprite-120px.jpg was preloaded using link preload but not used within a few seconds from the window's load event. Please make sure it has an appropriate `as` value and it is preloaded intentionally. @ https://sniffies.com/:0
[15968681ms] [WARNING] The resource https://sniffies.com/assets/images/vm-sprite-120px.jpg was preloaded using link preload but not used within a few seconds from the window's load event. Please make sure it has an appropriate `as` value and it is preloaded intentionally. @ https://sniffies.com/:0
[15976435ms] [WARNING] The resource https://sniffies.com/assets/images/vm-sprite-120px.jpg was preloaded using link preload but not used within a few seconds from the window's load event. Please make sure it has an appropriate `as` value and it is preloaded intentionally. @ https://sniffies.com/:0
[15983939ms] [WARNING] The resource https://sniffies.com/assets/images/vm-sprite-120px.jpg was preloaded using link preload but not used within a few seconds from the window's load event. Please make sure it has an appropriate `as` value and it is preloaded intentionally. @ https://sniffies.com/:0
[15990974ms] [WARNING] The resource https://sniffies.com/assets/images/vm-sprite-120px.jpg was preloaded using link preload but not used within a few seconds from the window's load event. Please make sure it has an appropriate `as` value and it is preloaded intentionally. @ https://sniffies.com/:0
[15995192ms] [WARNING] The resource https://sniffies.com/assets/images/vm-sprite-120px.jpg was preloaded using link preload but not used within a few seconds from the window's load event. Please make sure it has an appropriate `as` value and it is preloaded intentionally. @ https://sniffies.com/:0
[16000297ms] [WARNING] The resource https://sniffies.com/assets/images/vm-sprite-120px.jpg was preloaded using link preload but not used within a few seconds from the window's load event. Please make sure it has an appropriate `as` value and it is preloaded intentionally. @ https://sniffies.com/:0
[16003872ms] [WARNING] The resource https://sniffies.com/assets/images/vm-sprite-120px.jpg was preloaded using link preload but not used within a few seconds from the window's load event. Please make sure it has an appropriate `as` value and it is preloaded intentionally. @ https://sniffies.com/:0
[16014253ms] [WARNING] The resource https://sniffies.com/assets/images/vm-sprite-120px.jpg was preloaded using link preload but not used within a few seconds from the window's load event. Please make sure it has an appropriate `as` value and it is preloaded intentionally. @ https://sniffies.com/:0
[16019546ms] [WARNING] The resource https://sniffies.com/assets/images/vm-sprite-120px.jpg was preloaded using link preload but not used within a few seconds from the window's load event. Please make sure it has an appropriate `as` value and it is preloaded intentionally. @ https://sniffies.com/:0
[16024877ms] [WARNING] The resource https://sniffies.com/assets/images/vm-sprite-120px.jpg was preloaded using link preload but not used within a few seconds from the window's load event. Please make sure it has an appropriate `as` value and it is preloaded intentionally. @ https://sniffies.com/:0
[16028178ms] [WARNING] The resource https://sniffies.com/assets/images/vm-sprite-120px.jpg was preloaded using link preload but not used within a few seconds from the window's load event. Please make sure it has an appropriate `as` value and it is preloaded intentionally. @ https://sniffies.com/:0
[16038163ms] [WARNING] The resource https://sniffies.com/assets/images/vm-sprite-120px.jpg was preloaded using link preload but not used within a few seconds from the window's load event. Please make sure it has an appropriate `as` value and it is preloaded intentionally. @ https://sniffies.com/:0
[16046494ms] [WARNING] The resource https://sniffies.com/assets/images/vm-sprite-120px.jpg was preloaded using link preload but not used within a few seconds from the window's load event. Please make sure it has an appropriate `as` value and it is preloaded intentionally. @ https://sniffies.com/:0
[16051266ms] [WARNING] The resource https://sniffies.com/assets/images/vm-sprite-120px.jpg was preloaded using link preload but not used within a few seconds from the window's load event. Please make sure it has an appropriate `as` value and it is preloaded intentionally. @ https://sniffies.com/:0
[16064598ms] [WARNING] The resource https://sniffies.com/assets/images/vm-sprite-120px.jpg was preloaded using link preload but not used within a few seconds from the window's load event. Please make sure it has an appropriate `as` value and it is preloaded intentionally. @ https://sniffies.com/:0
[16067780ms] [WARNING] The resource https://sniffies.com/assets/images/vm-sprite-120px.jpg was preloaded using link preload but not used within a few seconds from the window's load event. Please make sure it has an appropriate `as` value and it is preloaded intentionally. @ https://sniffies.com/:0
[16073444ms] [WARNING] The resource https://sniffies.com/assets/images/vm-sprite-120px.jpg was preloaded using link preload but not used within a few seconds from the window's load event. Please make sure it has an appropriate `as` value and it is preloaded intentionally. @ https://sniffies.com/:0
[16077067ms] [WARNING] The resource https://sniffies.com/assets/images/vm-sprite-120px.jpg was preloaded using link preload but not used within a few seconds from the window's load event. Please make sure it has an appropriate `as` value and it is preloaded intentionally. @ https://sniffies.com/:0
[16098691ms] [WARNING] The resource https://sniffies.com/assets/images/vm-sprite-120px.jpg was preloaded using link preload but not used within a few seconds from the window's load event. Please make sure it has an appropriate `as` value and it is preloaded intentionally. @ https://sniffies.com/:0
[16114975ms] [WARNING] The resource https://sniffies.com/assets/images/vm-sprite-120px.jpg was preloaded using link preload but not used within a few seconds from the window's load event. Please make sure it has an appropriate `as` value and it is preloaded intentionally. @ https://sniffies.com/:0
[16123576ms] [WARNING] The resource https://sniffies.com/assets/images/vm-sprite-120px.jpg was preloaded using link preload but not used within a few seconds from the window's load event. Please make sure it has an appropriate `as` value and it is preloaded intentionally. @ https://sniffies.com/:0
[16127880ms] [WARNING] The resource https://sniffies.com/assets/images/vm-sprite-120px.jpg was preloaded using link preload but not used within a few seconds from the window's load event. Please make sure it has an appropriate `as` value and it is preloaded intentionally. @ https://sniffies.com/:0
[16160754ms] [WARNING] The resource https://sniffies.com/assets/images/vm-sprite-120px.jpg was preloaded using link preload but not used within a few seconds from the window's load event. Please make sure it has an appropriate `as` value and it is preloaded intentionally. @ https://sniffies.com/:0
[16171683ms] [WARNING] The resource https://sniffies.com/assets/images/vm-sprite-120px.jpg was preloaded using link preload but not used within a few seconds from the window's load event. Please make sure it has an appropriate `as` value and it is preloaded intentionally. @ https://sniffies.com/:0
[16175975ms] [WARNING] The resource https://sniffies.com/assets/images/vm-sprite-120px.jpg was preloaded using link preload but not used within a few seconds from the window's load event. Please make sure it has an appropriate `as` value and it is preloaded intentionally. @ https://sniffies.com/:0
[16185941ms] [WARNING] The resource https://sniffies.com/assets/images/vm-sprite-120px.jpg was preloaded using link preload but not used within a few seconds from the window's load event. Please make sure it has an appropriate `as` value and it is preloaded intentionally. @ https://sniffies.com/:0
[16192306ms] [WARNING] The resource https://sniffies.com/assets/images/vm-sprite-120px.jpg was preloaded using link preload but not used within a few seconds from the window's load event. Please make sure it has an appropriate `as` value and it is preloaded intentionally. @ https://sniffies.com/:0
[16199116ms] [WARNING] The resource https://sniffies.com/assets/images/vm-sprite-120px.jpg was preloaded using link preload but not used within a few seconds from the window's load event. Please make sure it has an appropriate `as` value and it is preloaded intentionally. @ https://sniffies.com/:0
[16206906ms] [WARNING] The resource https://sniffies.com/assets/images/vm-sprite-120px.jpg was preloaded using link preload but not used within a few seconds from the window's load event. Please make sure it has an appropriate `as` value and it is preloaded intentionally. @ https://sniffies.com/:0
[16213496ms] [WARNING] The resource https://sniffies.com/assets/images/vm-sprite-120px.jpg was preloaded using link preload but not used within a few seconds from the window's load event. Please make sure it has an appropriate `as` value and it is preloaded intentionally. @ https://sniffies.com/:0
[16220993ms] [WARNING] The resource https://sniffies.com/assets/images/vm-sprite-120px.jpg was preloaded using link preload but not used within a few seconds from the window's load event. Please make sure it has an appropriate `as` value and it is preloaded intentionally. @ https://sniffies.com/:0
[16229945ms] [WARNING] The resource https://sniffies.com/assets/images/vm-sprite-120px.jpg was preloaded using link preload but not used within a few seconds from the window's load event. Please make sure it has an appropriate `as` value and it is preloaded intentionally. @ https://sniffies.com/:0
[16235342ms] [WARNING] The resource https://sniffies.com/assets/images/vm-sprite-120px.jpg was preloaded using link preload but not used within a few seconds from the window's load event. Please make sure it has an appropriate `as` value and it is preloaded intentionally. @ https://sniffies.com/:0
[16242568ms] [WARNING] The resource https://sniffies.com/assets/images/vm-sprite-120px.jpg was preloaded using link preload but not used within a few seconds from the window's load event. Please make sure it has an appropriate `as` value and it is preloaded intentionally. @ https://sniffies.com/:0
[16250872ms] [WARNING] The resource https://sniffies.com/assets/images/vm-sprite-120px.jpg was preloaded using link preload but not used within a few seconds from the window's load event. Please make sure it has an appropriate `as` value and it is preloaded intentionally. @ https://sniffies.com/:0
[16258141ms] [WARNING] The resource https://sniffies.com/assets/images/vm-sprite-120px.jpg was preloaded using link preload but not used within a few seconds from the window's load event. Please make sure it has an appropriate `as` value and it is preloaded intentionally. @ https://sniffies.com/:0
[16268752ms] [WARNING] The resource https://sniffies.com/assets/images/vm-sprite-120px.jpg was preloaded using link preload but not used within a few seconds from the window's load event. Please make sure it has an appropriate `as` value and it is preloaded intentionally. @ https://sniffies.com/:0
[16281621ms] [WARNING] The resource https://sniffies.com/assets/images/vm-sprite-120px.jpg was preloaded using link preload but not used within a few seconds from the window's load event. Please make sure it has an appropriate `as` value and it is preloaded intentionally. @ https://sniffies.com/:0
[16286338ms] [WARNING] The resource https://sniffies.com/assets/images/vm-sprite-120px.jpg was preloaded using link preload but not used within a few seconds from the window's load event. Please make sure it has an appropriate `as` value and it is preloaded intentionally. @ https://sniffies.com/:0
[16298544ms] [WARNING] The resource https://sniffies.com/assets/images/vm-sprite-120px.jpg was preloaded using link preload but not used within a few seconds from the window's load event. Please make sure it has an appropriate `as` value and it is preloaded intentionally. @ https://sniffies.com/:0
[16307501ms] [WARNING] The resource https://sniffies.com/assets/images/vm-sprite-120px.jpg was preloaded using link preload but not used within a few seconds from the window's load event. Please make sure it has an appropriate `as` value and it is preloaded intentionally. @ https://sniffies.com/:0
[16331760ms] [WARNING] The resource https://sniffies.com/assets/images/vm-sprite-120px.jpg was preloaded using link preload but not used within a few seconds from the window's load event. Please make sure it has an appropriate `as` value and it is preloaded intentionally. @ https://sniffies.com/:0
[16342718ms] [WARNING] The resource https://sniffies.com/assets/images/vm-sprite-120px.jpg was preloaded using link preload but not used within a few seconds from the window's load event. Please make sure it has an appropriate `as` value and it is preloaded intentionally. @ https://sniffies.com/:0
[16348868ms] [WARNING] The resource https://sniffies.com/assets/images/vm-sprite-120px.jpg was preloaded using link preload but not used within a few seconds from the window's load event. Please make sure it has an appropriate `as` value and it is preloaded intentionally. @ https://sniffies.com/:0
[16360761ms] [WARNING] The resource https://sniffies.com/assets/images/vm-sprite-120px.jpg was preloaded using link preload but not used within a few seconds from the window's load event. Please make sure it has an appropriate `as` value and it is preloaded intentionally. @ https://sniffies.com/:0
[16365058ms] [WARNING] The resource https://sniffies.com/assets/images/vm-sprite-120px.jpg was preloaded using link preload but not used within a few seconds from the window's load event. Please make sure it has an appropriate `as` value and it is preloaded intentionally. @ https://sniffies.com/:0
[16370445ms] [WARNING] The resource https://sniffies.com/assets/images/vm-sprite-120px.jpg was preloaded using link preload but not used within a few seconds from the window's load event. Please make sure it has an appropriate `as` value and it is preloaded intentionally. @ https://sniffies.com/:0
[16378605ms] [WARNING] The resource https://sniffies.com/assets/images/vm-sprite-120px.jpg was preloaded using link preload but not used within a few seconds from the window's load event. Please make sure it has an appropriate `as` value and it is preloaded intentionally. @ https://sniffies.com/:0
[16394132ms] [WARNING] The resource https://sniffies.com/assets/images/vm-sprite-120px.jpg was preloaded using link preload but not used within a few seconds from the window's load event. Please make sure it has an appropriate `as` value and it is preloaded intentionally. @ https://sniffies.com/:0
[16398599ms] [WARNING] The resource https://sniffies.com/assets/images/vm-sprite-120px.jpg was preloaded using link preload but not used within a few seconds from the window's load event. Please make sure it has an appropriate `as` value and it is preloaded intentionally. @ https://sniffies.com/:0
[16407435ms] [WARNING] The resource https://sniffies.com/assets/images/vm-sprite-120px.jpg was preloaded using link preload but not used within a few seconds from the window's load event. Please make sure it has an appropriate `as` value and it is preloaded intentionally. @ https://sniffies.com/:0
[16413477ms] [WARNING] The resource https://sniffies.com/assets/images/vm-sprite-120px.jpg was preloaded using link preload but not used within a few seconds from the window's load event. Please make sure it has an appropriate `as` value and it is preloaded intentionally. @ https://sniffies.com/:0
[16441975ms] [WARNING] The resource https://sniffies.com/assets/images/vm-sprite-120px.jpg was preloaded using link preload but not used within a few seconds from the window's load event. Please make sure it has an appropriate `as` value and it is preloaded intentionally. @ https://sniffies.com/:0
[16454048ms] [WARNING] The resource https://sniffies.com/assets/images/vm-sprite-120px.jpg was preloaded using link preload but not used within a few seconds from the window's load event. Please make sure it has an appropriate `as` value and it is preloaded intentionally. @ https://sniffies.com/:0
[16465526ms] [WARNING] The resource https://sniffies.com/assets/images/vm-sprite-120px.jpg was preloaded using link preload but not used within a few seconds from the window's load event. Please make sure it has an appropriate `as` value and it is preloaded intentionally. @ https://sniffies.com/:0
[16473746ms] [WARNING] The resource https://sniffies.com/assets/images/vm-sprite-120px.jpg was preloaded using link preload but not used within a few seconds from the window's load event. Please make sure it has an appropriate `as` value and it is preloaded intentionally. @ https://sniffies.com/:0
[16479772ms] [WARNING] The resource https://sniffies.com/assets/images/vm-sprite-120px.jpg was preloaded using link preload but not used within a few seconds from the window's load event. Please make sure it has an appropriate `as` value and it is preloaded intentionally. @ https://sniffies.com/:0
[16484525ms] [WARNING] The resource https://sniffies.com/assets/images/vm-sprite-120px.jpg was preloaded using link preload but not used within a few seconds from the window's load event. Please make sure it has an appropriate `as` value and it is preloaded intentionally. @ https://sniffies.com/:0
[16488341ms] [WARNING] The resource https://sniffies.com/assets/images/vm-sprite-120px.jpg was preloaded using link preload but not used within a few seconds from the window's load event. Please make sure it has an appropriate `as` value and it is preloaded intentionally. @ https://sniffies.com/:0
[16494181ms] [WARNING] The resource https://sniffies.com/assets/images/vm-sprite-120px.jpg was preloaded using link preload but not used within a few seconds from the window's load event. Please make sure it has an appropriate `as` value and it is preloaded intentionally. @ https://sniffies.com/:0
[16532983ms] [WARNING] The resource https://sniffies.com/assets/images/vm-sprite-120px.jpg was preloaded using link preload but not used within a few seconds from the window's load event. Please make sure it has an appropriate `as` value and it is preloaded intentionally. @ https://sniffies.com/:0
[16543443ms] [WARNING] The resource https://sniffies.com/assets/images/vm-sprite-120px.jpg was preloaded using link preload but not used within a few seconds from the window's load event. Please make sure it has an appropriate `as` value and it is preloaded intentionally. @ https://sniffies.com/:0
[16550053ms] [WARNING] The resource https://sniffies.com/assets/images/vm-sprite-120px.jpg was preloaded using link preload but not used within a few seconds from the window's load event. Please make sure it has an appropriate `as` value and it is preloaded intentionally. @ https://sniffies.com/:0
[16553889ms] [WARNING] The resource https://sniffies.com/assets/images/vm-sprite-120px.jpg was preloaded using link preload but not used within a few seconds from the window's load event. Please make sure it has an appropriate `as` value and it is preloaded intentionally. @ https://sniffies.com/:0
[16557052ms] [WARNING] The resource https://sniffies.com/assets/images/vm-sprite-120px.jpg was preloaded using link preload but not used within a few seconds from the window's load event. Please make sure it has an appropriate `as` value and it is preloaded intentionally. @ https://sniffies.com/:0
[16561159ms] [WARNING] The resource https://sniffies.com/assets/images/vm-sprite-120px.jpg was preloaded using link preload but not used within a few seconds from the window's load event. Please make sure it has an appropriate `as` value and it is preloaded intentionally. @ https://sniffies.com/:0
[16575066ms] [WARNING] The resource https://sniffies.com/assets/images/vm-sprite-120px.jpg was preloaded using link preload but not used within a few seconds from the window's load event. Please make sure it has an appropriate `as` value and it is preloaded intentionally. @ https://sniffies.com/:0
[16585862ms] [WARNING] The resource https://sniffies.com/assets/images/vm-sprite-120px.jpg was preloaded using link preload but not used within a few seconds from the window's load event. Please make sure it has an appropriate `as` value and it is preloaded intentionally. @ https://sniffies.com/:0
[16609920ms] [WARNING] The resource https://sniffies.com/assets/images/vm-sprite-120px.jpg was preloaded using link preload but not used within a few seconds from the window's load event. Please make sure it has an appropriate `as` value and it is preloaded intentionally. @ https://sniffies.com/:0
[16648295ms] [WARNING] The resource https://sniffies.com/assets/images/vm-sprite-120px.jpg was preloaded using link preload but not used within a few seconds from the window's load event. Please make sure it has an appropriate `as` value and it is preloaded intentionally. @ https://sniffies.com/:0
[16659158ms] [WARNING] The resource https://sniffies.com/assets/images/vm-sprite-120px.jpg was preloaded using link preload but not used within a few seconds from the window's load event. Please make sure it has an appropriate `as` value and it is preloaded intentionally. @ https://sniffies.com/:0
[16662796ms] [WARNING] The resource https://sniffies.com/assets/images/vm-sprite-120px.jpg was preloaded using link preload but not used within a few seconds from the window's load event. Please make sure it has an appropriate `as` value and it is preloaded intentionally. @ https://sniffies.com/:0
[16669013ms] [WARNING] The resource https://sniffies.com/assets/images/vm-sprite-120px.jpg was preloaded using link preload but not used within a few seconds from the window's load event. Please make sure it has an appropriate `as` value and it is preloaded intentionally. @ https://sniffies.com/:0
[16683430ms] [WARNING] The resource https://sniffies.com/assets/images/vm-sprite-120px.jpg was preloaded using link preload but not used within a few seconds from the window's load event. Please make sure it has an appropriate `as` value and it is preloaded intentionally. @ https://sniffies.com/:0
[16691619ms] [WARNING] The resource https://sniffies.com/assets/images/vm-sprite-120px.jpg was preloaded using link preload but not used within a few seconds from the window's load event. Please make sure it has an appropriate `as` value and it is preloaded intentionally. @ https://sniffies.com/:0
[16709335ms] [WARNING] The resource https://sniffies.com/assets/images/vm-sprite-120px.jpg was preloaded using link preload but not used within a few seconds from the window's load event. Please make sure it has an appropriate `as` value and it is preloaded intentionally. @ https://sniffies.com/:0
[16718103ms] [WARNING] The resource https://sniffies.com/assets/images/vm-sprite-120px.jpg was preloaded using link preload but not used within a few seconds from the window's load event. Please make sure it has an appropriate `as` value and it is preloaded intentionally. @ https://sniffies.com/:0
[16723035ms] [WARNING] The resource https://sniffies.com/assets/images/vm-sprite-120px.jpg was preloaded using link preload but not used within a few seconds from the window's load event. Please make sure it has an appropriate `as` value and it is preloaded intentionally. @ https://sniffies.com/:0
[16732234ms] [WARNING] The resource https://sniffies.com/assets/images/vm-sprite-120px.jpg was preloaded using link preload but not used within a few seconds from the window's load event. Please make sure it has an appropriate `as` value and it is preloaded intentionally. @ https://sniffies.com/:0
[16737049ms] [WARNING] The resource https://sniffies.com/assets/images/vm-sprite-120px.jpg was preloaded using link preload but not used within a few seconds from the window's load event. Please make sure it has an appropriate `as` value and it is preloaded intentionally. @ https://sniffies.com/:0
[16745533ms] [WARNING] The resource https://sniffies.com/assets/images/vm-sprite-120px.jpg was preloaded using link preload but not used within a few seconds from the window's load event. Please make sure it has an appropriate `as` value and it is preloaded intentionally. @ https://sniffies.com/:0
[16749806ms] [WARNING] The resource https://sniffies.com/assets/images/vm-sprite-120px.jpg was preloaded using link preload but not used within a few seconds from the window's load event. Please make sure it has an appropriate `as` value and it is preloaded intentionally. @ https://sniffies.com/:0
[16763974ms] [WARNING] The resource https://sniffies.com/assets/images/vm-sprite-120px.jpg was preloaded using link preload but not used within a few seconds from the window's load event. Please make sure it has an appropriate `as` value and it is preloaded intentionally. @ https://sniffies.com/:0
[16775940ms] [WARNING] The resource https://sniffies.com/assets/images/vm-sprite-120px.jpg was preloaded using link preload but not used within a few seconds from the window's load event. Please make sure it has an appropriate `as` value and it is preloaded intentionally. @ https://sniffies.com/:0
[16783643ms] [WARNING] The resource https://sniffies.com/assets/images/vm-sprite-120px.jpg was preloaded using link preload but not used within a few seconds from the window's load event. Please make sure it has an appropriate `as` value and it is preloaded intentionally. @ https://sniffies.com/:0
[16787315ms] [WARNING] The resource https://sniffies.com/assets/images/vm-sprite-120px.jpg was preloaded using link preload but not used within a few seconds from the window's load event. Please make sure it has an appropriate `as` value and it is preloaded intentionally. @ https://sniffies.com/:0
[16796455ms] [WARNING] The resource https://sniffies.com/assets/images/vm-sprite-120px.jpg was preloaded using link preload but not used within a few seconds from the window's load event. Please make sure it has an appropriate `as` value and it is preloaded intentionally. @ https://sniffies.com/:0
[16803921ms] [WARNING] The resource https://sniffies.com/assets/images/vm-sprite-120px.jpg was preloaded using link preload but not used within a few seconds from the window's load event. Please make sure it has an appropriate `as` value and it is preloaded intentionally. @ https://sniffies.com/:0
[16815554ms] [WARNING] The resource https://sniffies.com/assets/images/vm-sprite-120px.jpg was preloaded using link preload but not used within a few seconds from the window's load event. Please make sure it has an appropriate `as` value and it is preloaded intentionally. @ https://sniffies.com/:0
[16825133ms] [WARNING] The resource https://sniffies.com/assets/images/vm-sprite-120px.jpg was preloaded using link preload but not used within a few seconds from the window's load event. Please make sure it has an appropriate `as` value and it is preloaded intentionally. @ https://sniffies.com/:0
[16829414ms] [WARNING] The resource https://sniffies.com/assets/images/vm-sprite-120px.jpg was preloaded using link preload but not used within a few seconds from the window's load event. Please make sure it has an appropriate `as` value and it is preloaded intentionally. @ https://sniffies.com/:0
[16833539ms] [WARNING] The resource https://sniffies.com/assets/images/vm-sprite-120px.jpg was preloaded using link preload but not used within a few seconds from the window's load event. Please make sure it has an appropriate `as` value and it is preloaded intentionally. @ https://sniffies.com/:0
[16859336ms] [WARNING] The resource https://sniffies.com/assets/images/vm-sprite-120px.jpg was preloaded using link preload but not used within a few seconds from the window's load event. Please make sure it has an appropriate `as` value and it is preloaded intentionally. @ https://sniffies.com/:0
[16864084ms] [WARNING] The resource https://sniffies.com/assets/images/vm-sprite-120px.jpg was preloaded using link preload but not used within a few seconds from the window's load event. Please make sure it has an appropriate `as` value and it is preloaded intentionally. @ https://sniffies.com/:0
[16870890ms] [WARNING] The resource https://sniffies.com/assets/images/vm-sprite-120px.jpg was preloaded using link preload but not used within a few seconds from the window's load event. Please make sure it has an appropriate `as` value and it is preloaded intentionally. @ https://sniffies.com/:0
[16889795ms] [WARNING] The resource https://sniffies.com/assets/images/vm-sprite-120px.jpg was preloaded using link preload but not used within a few seconds from the window's load event. Please make sure it has an appropriate `as` value and it is preloaded intentionally. @ https://sniffies.com/:0
[16895755ms] [WARNING] The resource https://sniffies.com/assets/images/vm-sprite-120px.jpg was preloaded using link preload but not used within a few seconds from the window's load event. Please make sure it has an appropriate `as` value and it is preloaded intentionally. @ https://sniffies.com/:0
[16900288ms] [WARNING] The resource https://sniffies.com/assets/images/vm-sprite-120px.jpg was preloaded using link preload but not used within a few seconds from the window's load event. Please make sure it has an appropriate `as` value and it is preloaded intentionally. @ https://sniffies.com/:0
[16909491ms] [WARNING] The resource https://sniffies.com/assets/images/vm-sprite-120px.jpg was preloaded using link preload but not used within a few seconds from the window's load event. Please make sure it has an appropriate `as` value and it is preloaded intentionally. @ https://sniffies.com/:0
[16926361ms] [WARNING] The resource https://sniffies.com/assets/images/vm-sprite-120px.jpg was preloaded using link preload but not used within a few seconds from the window's load event. Please make sure it has an appropriate `as` value and it is preloaded intentionally. @ https://sniffies.com/:0
[16929884ms] [WARNING] The resource https://sniffies.com/assets/images/vm-sprite-120px.jpg was preloaded using link preload but not used within a few seconds from the window's load event. Please make sure it has an appropriate `as` value and it is preloaded intentionally. @ https://sniffies.com/:0
[16933679ms] [WARNING] The resource https://sniffies.com/assets/images/vm-sprite-120px.jpg was preloaded using link preload but not used within a few seconds from the window's load event. Please make sure it has an appropriate `as` value and it is preloaded intentionally. @ https://sniffies.com/:0
[16941491ms] [WARNING] The resource https://sniffies.com/assets/images/vm-sprite-120px.jpg was preloaded using link preload but not used within a few seconds from the window's load event. Please make sure it has an appropriate `as` value and it is preloaded intentionally. @ https://sniffies.com/:0
[16946860ms] [WARNING] The resource https://sniffies.com/assets/images/vm-sprite-120px.jpg was preloaded using link preload but not used within a few seconds from the window's load event. Please make sure it has an appropriate `as` value and it is preloaded intentionally. @ https://sniffies.com/:0
[16963256ms] [WARNING] The resource https://sniffies.com/assets/images/vm-sprite-120px.jpg was preloaded using link preload but not used within a few seconds from the window's load event. Please make sure it has an appropriate `as` value and it is preloaded intentionally. @ https://sniffies.com/:0
[16968286ms] [WARNING] The resource https://sniffies.com/assets/images/vm-sprite-120px.jpg was preloaded using link preload but not used within a few seconds from the window's load event. Please make sure it has an appropriate `as` value and it is preloaded intentionally. @ https://sniffies.com/:0
[16976990ms] [WARNING] The resource https://sniffies.com/assets/images/vm-sprite-120px.jpg was preloaded using link preload but not used within a few seconds from the window's load event. Please make sure it has an appropriate `as` value and it is preloaded intentionally. @ https://sniffies.com/:0
[16980675ms] [WARNING] The resource https://sniffies.com/assets/images/vm-sprite-120px.jpg was preloaded using link preload but not used within a few seconds from the window's load event. Please make sure it has an appropriate `as` value and it is preloaded intentionally. @ https://sniffies.com/:0
[16995204ms] [WARNING] The resource https://sniffies.com/assets/images/vm-sprite-120px.jpg was preloaded using link preload but not used within a few seconds from the window's load event. Please make sure it has an appropriate `as` value and it is preloaded intentionally. @ https://sniffies.com/:0
[17018749ms] [WARNING] The resource https://sniffies.com/assets/images/vm-sprite-120px.jpg was preloaded using link preload but not used within a few seconds from the window's load event. Please make sure it has an appropriate `as` value and it is preloaded intentionally. @ https://sniffies.com/:0
[17032655ms] [WARNING] The resource https://sniffies.com/assets/images/vm-sprite-120px.jpg was preloaded using link preload but not used within a few seconds from the window's load event. Please make sure it has an appropriate `as` value and it is preloaded intentionally. @ https://sniffies.com/:0
[17038201ms] [WARNING] The resource https://sniffies.com/assets/images/vm-sprite-120px.jpg was preloaded using link preload but not used within a few seconds from the window's load event. Please make sure it has an appropriate `as` value and it is preloaded intentionally. @ https://sniffies.com/:0
[17043072ms] [WARNING] The resource https://sniffies.com/assets/images/vm-sprite-120px.jpg was preloaded using link preload but not used within a few seconds from the window's load event. Please make sure it has an appropriate `as` value and it is preloaded intentionally. @ https://sniffies.com/:0
[17066987ms] [WARNING] The resource https://sniffies.com/assets/images/vm-sprite-120px.jpg was preloaded using link preload but not used within a few seconds from the window's load event. Please make sure it has an appropriate `as` value and it is preloaded intentionally. @ https://sniffies.com/:0
[17073080ms] [WARNING] The resource https://sniffies.com/assets/images/vm-sprite-120px.jpg was preloaded using link preload but not used within a few seconds from the window's load event. Please make sure it has an appropriate `as` value and it is preloaded intentionally. @ https://sniffies.com/:0
[17088489ms] [WARNING] The resource https://sniffies.com/assets/images/vm-sprite-120px.jpg was preloaded using link preload but not used within a few seconds from the window's load event. Please make sure it has an appropriate `as` value and it is preloaded intentionally. @ https://sniffies.com/:0
[17096996ms] [WARNING] The resource https://sniffies.com/assets/images/vm-sprite-120px.jpg was preloaded using link preload but not used within a few seconds from the window's load event. Please make sure it has an appropriate `as` value and it is preloaded intentionally. @ https://sniffies.com/:0
[17106137ms] [WARNING] The resource https://sniffies.com/assets/images/vm-sprite-120px.jpg was preloaded using link preload but not used within a few seconds from the window's load event. Please make sure it has an appropriate `as` value and it is preloaded intentionally. @ https://sniffies.com/:0
[17120534ms] [WARNING] The resource https://sniffies.com/assets/images/vm-sprite-120px.jpg was preloaded using link preload but not used within a few seconds from the window's load event. Please make sure it has an appropriate `as` value and it is preloaded intentionally. @ https://sniffies.com/:0
[17126235ms] [WARNING] The resource https://sniffies.com/assets/images/vm-sprite-120px.jpg was preloaded using link preload but not used within a few seconds from the window's load event. Please make sure it has an appropriate `as` value and it is preloaded intentionally. @ https://sniffies.com/:0
[17138989ms] [WARNING] The resource https://sniffies.com/assets/images/vm-sprite-120px.jpg was preloaded using link preload but not used within a few seconds from the window's load event. Please make sure it has an appropriate `as` value and it is preloaded intentionally. @ https://sniffies.com/:0
[17147387ms] [WARNING] The resource https://sniffies.com/assets/images/vm-sprite-120px.jpg was preloaded using link preload but not used within a few seconds from the window's load event. Please make sure it has an appropriate `as` value and it is preloaded intentionally. @ https://sniffies.com/:0
[17152289ms] [WARNING] The resource https://sniffies.com/assets/images/vm-sprite-120px.jpg was preloaded using link preload but not used within a few seconds from the window's load event. Please make sure it has an appropriate `as` value and it is preloaded intentionally. @ https://sniffies.com/:0
[17165559ms] [WARNING] The resource https://sniffies.com/assets/images/vm-sprite-120px.jpg was preloaded using link preload but not used within a few seconds from the window's load event. Please make sure it has an appropriate `as` value and it is preloaded intentionally. @ https://sniffies.com/:0
[17176962ms] [WARNING] The resource https://sniffies.com/assets/images/vm-sprite-120px.jpg was preloaded using link preload but not used within a few seconds from the window's load event. Please make sure it has an appropriate `as` value and it is preloaded intentionally. @ https://sniffies.com/:0
[17185492ms] [WARNING] The resource https://sniffies.com/assets/images/vm-sprite-120px.jpg was preloaded using link preload but not used within a few seconds from the window's load event. Please make sure it has an appropriate `as` value and it is preloaded intentionally. @ https://sniffies.com/:0
[17197844ms] [WARNING] The resource https://sniffies.com/assets/images/vm-sprite-120px.jpg was preloaded using link preload but not used within a few seconds from the window's load event. Please make sure it has an appropriate `as` value and it is preloaded intentionally. @ https://sniffies.com/:0
[17201240ms] [WARNING] The resource https://sniffies.com/assets/images/vm-sprite-120px.jpg was preloaded using link preload but not used within a few seconds from the window's load event. Please make sure it has an appropriate `as` value and it is preloaded intentionally. @ https://sniffies.com/:0
[17204912ms] [WARNING] The resource https://sniffies.com/assets/images/vm-sprite-120px.jpg was preloaded using link preload but not used within a few seconds from the window's load event. Please make sure it has an appropriate `as` value and it is preloaded intentionally. @ https://sniffies.com/:0
[17216385ms] [WARNING] The resource https://sniffies.com/assets/images/vm-sprite-120px.jpg was preloaded using link preload but not used within a few seconds from the window's load event. Please make sure it has an appropriate `as` value and it is preloaded intentionally. @ https://sniffies.com/:0
[17227747ms] [WARNING] The resource https://sniffies.com/assets/images/vm-sprite-120px.jpg was preloaded using link preload but not used within a few seconds from the window's load event. Please make sure it has an appropriate `as` value and it is preloaded intentionally. @ https://sniffies.com/:0
[17233808ms] [WARNING] The resource https://sniffies.com/assets/images/vm-sprite-120px.jpg was preloaded using link preload but not used within a few seconds from the window's load event. Please make sure it has an appropriate `as` value and it is preloaded intentionally. @ https://sniffies.com/:0
[17248845ms] [WARNING] The resource https://sniffies.com/assets/images/vm-sprite-120px.jpg was preloaded using link preload but not used within a few seconds from the window's load event. Please make sure it has an appropriate `as` value and it is preloaded intentionally. @ https://sniffies.com/:0
[17264636ms] [WARNING] The resource https://sniffies.com/assets/images/vm-sprite-120px.jpg was preloaded using link preload but not used within a few seconds from the window's load event. Please make sure it has an appropriate `as` value and it is preloaded intentionally. @ https://sniffies.com/:0
[17287445ms] [WARNING] The resource https://sniffies.com/assets/images/vm-sprite-120px.jpg was preloaded using link preload but not used within a few seconds from the window's load event. Please make sure it has an appropriate `as` value and it is preloaded intentionally. @ https://sniffies.com/:0
[17324218ms] [WARNING] The resource https://sniffies.com/assets/images/vm-sprite-120px.jpg was preloaded using link preload but not used within a few seconds from the window's load event. Please make sure it has an appropriate `as` value and it is preloaded intentionally. @ https://sniffies.com/:0
[17336033ms] [WARNING] The resource https://sniffies.com/assets/images/vm-sprite-120px.jpg was preloaded using link preload but not used within a few seconds from the window's load event. Please make sure it has an appropriate `as` value and it is preloaded intentionally. @ https://sniffies.com/:0
[17342399ms] [WARNING] The resource https://sniffies.com/assets/images/vm-sprite-120px.jpg was preloaded using link preload but not used within a few seconds from the window's load event. Please make sure it has an appropriate `as` value and it is preloaded intentionally. @ https://sniffies.com/:0
[17348400ms] [WARNING] The resource https://sniffies.com/assets/images/vm-sprite-120px.jpg was preloaded using link preload but not used within a few seconds from the window's load event. Please make sure it has an appropriate `as` value and it is preloaded intentionally. @ https://sniffies.com/:0
[17354208ms] [WARNING] The resource https://sniffies.com/assets/images/vm-sprite-120px.jpg was preloaded using link preload but not used within a few seconds from the window's load event. Please make sure it has an appropriate `as` value and it is preloaded intentionally. @ https://sniffies.com/:0
[17360788ms] [WARNING] The resource https://sniffies.com/assets/images/vm-sprite-120px.jpg was preloaded using link preload but not used within a few seconds from the window's load event. Please make sure it has an appropriate `as` value and it is preloaded intentionally. @ https://sniffies.com/:0
[17377261ms] [WARNING] The resource https://sniffies.com/assets/images/vm-sprite-120px.jpg was preloaded using link preload but not used within a few seconds from the window's load event. Please make sure it has an appropriate `as` value and it is preloaded intentionally. @ https://sniffies.com/:0
[17389998ms] [WARNING] The resource https://sniffies.com/assets/images/vm-sprite-120px.jpg was preloaded using link preload but not used within a few seconds from the window's load event. Please make sure it has an appropriate `as` value and it is preloaded intentionally. @ https://sniffies.com/:0
[17397033ms] [WARNING] The resource https://sniffies.com/assets/images/vm-sprite-120px.jpg was preloaded using link preload but not used within a few seconds from the window's load event. Please make sure it has an appropriate `as` value and it is preloaded intentionally. @ https://sniffies.com/:0
[17406409ms] [WARNING] The resource https://sniffies.com/assets/images/vm-sprite-120px.jpg was preloaded using link preload but not used within a few seconds from the window's load event. Please make sure it has an appropriate `as` value and it is preloaded intentionally. @ https://sniffies.com/:0
[17418632ms] [WARNING] The resource https://sniffies.com/assets/images/vm-sprite-120px.jpg was preloaded using link preload but not used within a few seconds from the window's load event. Please make sure it has an appropriate `as` value and it is preloaded intentionally. @ https://sniffies.com/:0
[17431788ms] [WARNING] The resource https://sniffies.com/assets/images/vm-sprite-120px.jpg was preloaded using link preload but not used within a few seconds from the window's load event. Please make sure it has an appropriate `as` value and it is preloaded intentionally. @ https://sniffies.com/:0
[17436958ms] [WARNING] The resource https://sniffies.com/assets/images/vm-sprite-120px.jpg was preloaded using link preload but not used within a few seconds from the window's load event. Please make sure it has an appropriate `as` value and it is preloaded intentionally. @ https://sniffies.com/:0
[17460718ms] [WARNING] The resource https://sniffies.com/assets/images/vm-sprite-120px.jpg was preloaded using link preload but not used within a few seconds from the window's load event. Please make sure it has an appropriate `as` value and it is preloaded intentionally. @ https://sniffies.com/:0
[17467949ms] [WARNING] The resource https://sniffies.com/assets/images/vm-sprite-120px.jpg was preloaded using link preload but not used within a few seconds from the window's load event. Please make sure it has an appropriate `as` value and it is preloaded intentionally. @ https://sniffies.com/:0
[17473968ms] [WARNING] The resource https://sniffies.com/assets/images/vm-sprite-120px.jpg was preloaded using link preload but not used within a few seconds from the window's load event. Please make sure it has an appropriate `as` value and it is preloaded intentionally. @ https://sniffies.com/:0
[17491350ms] [WARNING] The resource https://sniffies.com/assets/images/vm-sprite-120px.jpg was preloaded using link preload but not used within a few seconds from the window's load event. Please make sure it has an appropriate `as` value and it is preloaded intentionally. @ https://sniffies.com/:0
[17507340ms] [WARNING] The resource https://sniffies.com/assets/images/vm-sprite-120px.jpg was preloaded using link preload but not used within a few seconds from the window's load event. Please make sure it has an appropriate `as` value and it is preloaded intentionally. @ https://sniffies.com/:0
[17514678ms] [WARNING] The resource https://sniffies.com/assets/images/vm-sprite-120px.jpg was preloaded using link preload but not used within a few seconds from the window's load event. Please make sure it has an appropriate `as` value and it is preloaded intentionally. @ https://sniffies.com/:0
[17538715ms] [WARNING] The resource https://sniffies.com/assets/images/vm-sprite-120px.jpg was preloaded using link preload but not used within a few seconds from the window's load event. Please make sure it has an appropriate `as` value and it is preloaded intentionally. @ https://sniffies.com/:0
[17550221ms] [WARNING] The resource https://sniffies.com/assets/images/vm-sprite-120px.jpg was preloaded using link preload but not used within a few seconds from the window's load event. Please make sure it has an appropriate `as` value and it is preloaded intentionally. @ https://sniffies.com/:0
[17560455ms] [WARNING] The resource https://sniffies.com/assets/images/vm-sprite-120px.jpg was preloaded using link preload but not used within a few seconds from the window's load event. Please make sure it has an appropriate `as` value and it is preloaded intentionally. @ https://sniffies.com/:0
[17581318ms] [WARNING] The resource https://sniffies.com/assets/images/vm-sprite-120px.jpg was preloaded using link preload but not used within a few seconds from the window's load event. Please make sure it has an appropriate `as` value and it is preloaded intentionally. @ https://sniffies.com/:0
[17586786ms] [WARNING] The resource https://sniffies.com/assets/images/vm-sprite-120px.jpg was preloaded using link preload but not used within a few seconds from the window's load event. Please make sure it has an appropriate `as` value and it is preloaded intentionally. @ https://sniffies.com/:0
[17608899ms] [WARNING] The resource https://sniffies.com/assets/images/vm-sprite-120px.jpg was preloaded using link preload but not used within a few seconds from the window's load event. Please make sure it has an appropriate `as` value and it is preloaded intentionally. @ https://sniffies.com/:0
[17615033ms] [WARNING] The resource https://sniffies.com/assets/images/vm-sprite-120px.jpg was preloaded using link preload but not used within a few seconds from the window's load event. Please make sure it has an appropriate `as` value and it is preloaded intentionally. @ https://sniffies.com/:0
[17620568ms] [WARNING] The resource https://sniffies.com/assets/images/vm-sprite-120px.jpg was preloaded using link preload but not used within a few seconds from the window's load event. Please make sure it has an appropriate `as` value and it is preloaded intentionally. @ https://sniffies.com/:0
[17629055ms] [WARNING] The resource https://sniffies.com/assets/images/vm-sprite-120px.jpg was preloaded using link preload but not used within a few seconds from the window's load event. Please make sure it has an appropriate `as` value and it is preloaded intentionally. @ https://sniffies.com/:0
[17635465ms] [WARNING] The resource https://sniffies.com/assets/images/vm-sprite-120px.jpg was preloaded using link preload but not used within a few seconds from the window's load event. Please make sure it has an appropriate `as` value and it is preloaded intentionally. @ https://sniffies.com/:0
[17642377ms] [WARNING] The resource https://sniffies.com/assets/images/vm-sprite-120px.jpg was preloaded using link preload but not used within a few seconds from the window's load event. Please make sure it has an appropriate `as` value and it is preloaded intentionally. @ https://sniffies.com/:0
[17652923ms] [WARNING] The resource https://sniffies.com/assets/images/vm-sprite-120px.jpg was preloaded using link preload but not used within a few seconds from the window's load event. Please make sure it has an appropriate `as` value and it is preloaded intentionally. @ https://sniffies.com/:0
[17657649ms] [WARNING] The resource https://sniffies.com/assets/images/vm-sprite-120px.jpg was preloaded using link preload but not used within a few seconds from the window's load event. Please make sure it has an appropriate `as` value and it is preloaded intentionally. @ https://sniffies.com/:0
[17668844ms] [WARNING] The resource https://sniffies.com/assets/images/vm-sprite-120px.jpg was preloaded using link preload but not used within a few seconds from the window's load event. Please make sure it has an appropriate `as` value and it is preloaded intentionally. @ https://sniffies.com/:0
[17674723ms] [WARNING] The resource https://sniffies.com/assets/images/vm-sprite-120px.jpg was preloaded using link preload but not used within a few seconds from the window's load event. Please make sure it has an appropriate `as` value and it is preloaded intentionally. @ https://sniffies.com/:0
[17685395ms] [WARNING] The resource https://sniffies.com/assets/images/vm-sprite-120px.jpg was preloaded using link preload but not used within a few seconds from the window's load event. Please make sure it has an appropriate `as` value and it is preloaded intentionally. @ https://sniffies.com/:0
[17704282ms] [WARNING] The resource https://sniffies.com/assets/images/vm-sprite-120px.jpg was preloaded using link preload but not used within a few seconds from the window's load event. Please make sure it has an appropriate `as` value and it is preloaded intentionally. @ https://sniffies.com/:0
[17713648ms] [WARNING] The resource https://sniffies.com/assets/images/vm-sprite-120px.jpg was preloaded using link preload but not used within a few seconds from the window's load event. Please make sure it has an appropriate `as` value and it is preloaded intentionally. @ https://sniffies.com/:0
[17719893ms] [WARNING] The resource https://sniffies.com/assets/images/vm-sprite-120px.jpg was preloaded using link preload but not used within a few seconds from the window's load event. Please make sure it has an appropriate `as` value and it is preloaded intentionally. @ https://sniffies.com/:0
[17723068ms] [WARNING] The resource https://sniffies.com/assets/images/vm-sprite-120px.jpg was preloaded using link preload but not used within a few seconds from the window's load event. Please make sure it has an appropriate `as` value and it is preloaded intentionally. @ https://sniffies.com/:0
[17729110ms] [WARNING] The resource https://sniffies.com/assets/images/vm-sprite-120px.jpg was preloaded using link preload but not used within a few seconds from the window's load event. Please make sure it has an appropriate `as` value and it is preloaded intentionally. @ https://sniffies.com/:0
[17737496ms] [WARNING] The resource https://sniffies.com/assets/images/vm-sprite-120px.jpg was preloaded using link preload but not used within a few seconds from the window's load event. Please make sure it has an appropriate `as` value and it is preloaded intentionally. @ https://sniffies.com/:0
[17740577ms] [WARNING] The resource https://sniffies.com/assets/images/vm-sprite-120px.jpg was preloaded using link preload but not used within a few seconds from the window's load event. Please make sure it has an appropriate `as` value and it is preloaded intentionally. @ https://sniffies.com/:0
[17749785ms] [WARNING] The resource https://sniffies.com/assets/images/vm-sprite-120px.jpg was preloaded using link preload but not used within a few seconds from the window's load event. Please make sure it has an appropriate `as` value and it is preloaded intentionally. @ https://sniffies.com/:0
[17768905ms] [WARNING] The resource https://sniffies.com/assets/images/vm-sprite-120px.jpg was preloaded using link preload but not used within a few seconds from the window's load event. Please make sure it has an appropriate `as` value and it is preloaded intentionally. @ https://sniffies.com/:0
[17775551ms] [WARNING] The resource https://sniffies.com/assets/images/vm-sprite-120px.jpg was preloaded using link preload but not used within a few seconds from the window's load event. Please make sure it has an appropriate `as` value and it is preloaded intentionally. @ https://sniffies.com/:0
[17781686ms] [WARNING] The resource https://sniffies.com/assets/images/vm-sprite-120px.jpg was preloaded using link preload but not used within a few seconds from the window's load event. Please make sure it has an appropriate `as` value and it is preloaded intentionally. @ https://sniffies.com/:0
[17789066ms] [WARNING] The resource https://sniffies.com/assets/images/vm-sprite-120px.jpg was preloaded using link preload but not used within a few seconds from the window's load event. Please make sure it has an appropriate `as` value and it is preloaded intentionally. @ https://sniffies.com/:0
[17802251ms] [WARNING] The resource https://sniffies.com/assets/images/vm-sprite-120px.jpg was preloaded using link preload but not used within a few seconds from the window's load event. Please make sure it has an appropriate `as` value and it is preloaded intentionally. @ https://sniffies.com/:0
[17806719ms] [WARNING] The resource https://sniffies.com/assets/images/vm-sprite-120px.jpg was preloaded using link preload but not used within a few seconds from the window's load event. Please make sure it has an appropriate `as` value and it is preloaded intentionally. @ https://sniffies.com/:0
[17810412ms] [WARNING] The resource https://sniffies.com/assets/images/vm-sprite-120px.jpg was preloaded using link preload but not used within a few seconds from the window's load event. Please make sure it has an appropriate `as` value and it is preloaded intentionally. @ https://sniffies.com/:0
[17842361ms] [WARNING] The resource https://sniffies.com/assets/images/vm-sprite-120px.jpg was preloaded using link preload but not used within a few seconds from the window's load event. Please make sure it has an appropriate `as` value and it is preloaded intentionally. @ https://sniffies.com/:0
[17846865ms] [WARNING] The resource https://sniffies.com/assets/images/vm-sprite-120px.jpg was preloaded using link preload but not used within a few seconds from the window's load event. Please make sure it has an appropriate `as` value and it is preloaded intentionally. @ https://sniffies.com/:0
[17850674ms] [WARNING] The resource https://sniffies.com/assets/images/vm-sprite-120px.jpg was preloaded using link preload but not used within a few seconds from the window's load event. Please make sure it has an appropriate `as` value and it is preloaded intentionally. @ https://sniffies.com/:0
[17860284ms] [WARNING] The resource https://sniffies.com/assets/images/vm-sprite-120px.jpg was preloaded using link preload but not used within a few seconds from the window's load event. Please make sure it has an appropriate `as` value and it is preloaded intentionally. @ https://sniffies.com/:0
[17867783ms] [WARNING] The resource https://sniffies.com/assets/images/vm-sprite-120px.jpg was preloaded using link preload but not used within a few seconds from the window's load event. Please make sure it has an appropriate `as` value and it is preloaded intentionally. @ https://sniffies.com/:0
[17873597ms] [WARNING] The resource https://sniffies.com/assets/images/vm-sprite-120px.jpg was preloaded using link preload but not used within a few seconds from the window's load event. Please make sure it has an appropriate `as` value and it is preloaded intentionally. @ https://sniffies.com/:0
[17876899ms] [WARNING] The resource https://sniffies.com/assets/images/vm-sprite-120px.jpg was preloaded using link preload but not used within a few seconds from the window's load event. Please make sure it has an appropriate `as` value and it is preloaded intentionally. @ https://sniffies.com/:0
[17885632ms] [WARNING] The resource https://sniffies.com/assets/images/vm-sprite-120px.jpg was preloaded using link preload but not used within a few seconds from the window's load event. Please make sure it has an appropriate `as` value and it is preloaded intentionally. @ https://sniffies.com/:0
[17895473ms] [WARNING] The resource https://sniffies.com/assets/images/vm-sprite-120px.jpg was preloaded using link preload but not used within a few seconds from the window's load event. Please make sure it has an appropriate `as` value and it is preloaded intentionally. @ https://sniffies.com/:0
[17906039ms] [WARNING] The resource https://sniffies.com/assets/images/vm-sprite-120px.jpg was preloaded using link preload but not used within a few seconds from the window's load event. Please make sure it has an appropriate `as` value and it is preloaded intentionally. @ https://sniffies.com/:0
[17910501ms] [WARNING] The resource https://sniffies.com/assets/images/vm-sprite-120px.jpg was preloaded using link preload but not used within a few seconds from the window's load event. Please make sure it has an appropriate `as` value and it is preloaded intentionally. @ https://sniffies.com/:0
[17929502ms] [WARNING] The resource https://sniffies.com/assets/images/vm-sprite-120px.jpg was preloaded using link preload but not used within a few seconds from the window's load event. Please make sure it has an appropriate `as` value and it is preloaded intentionally. @ https://sniffies.com/:0
[17937956ms] [WARNING] The resource https://sniffies.com/assets/images/vm-sprite-120px.jpg was preloaded using link preload but not used within a few seconds from the window's load event. Please make sure it has an appropriate `as` value and it is preloaded intentionally. @ https://sniffies.com/:0
[17947890ms] [WARNING] The resource https://sniffies.com/assets/images/vm-sprite-120px.jpg was preloaded using link preload but not used within a few seconds from the window's load event. Please make sure it has an appropriate `as` value and it is preloaded intentionally. @ https://sniffies.com/:0
[17955723ms] [WARNING] The resource https://sniffies.com/assets/images/vm-sprite-120px.jpg was preloaded using link preload but not used within a few seconds from the window's load event. Please make sure it has an appropriate `as` value and it is preloaded intentionally. @ https://sniffies.com/:0
[17970034ms] [WARNING] The resource https://sniffies.com/assets/images/vm-sprite-120px.jpg was preloaded using link preload but not used within a few seconds from the window's load event. Please make sure it has an appropriate `as` value and it is preloaded intentionally. @ https://sniffies.com/:0
[17977303ms] [WARNING] The resource https://sniffies.com/assets/images/vm-sprite-120px.jpg was preloaded using link preload but not used within a few seconds from the window's load event. Please make sure it has an appropriate `as` value and it is preloaded intentionally. @ https://sniffies.com/:0
[17989098ms] [WARNING] The resource https://sniffies.com/assets/images/vm-sprite-120px.jpg was preloaded using link preload but not used within a few seconds from the window's load event. Please make sure it has an appropriate `as` value and it is preloaded intentionally. @ https://sniffies.com/:0
[17996183ms] [WARNING] The resource https://sniffies.com/assets/images/vm-sprite-120px.jpg was preloaded using link preload but not used within a few seconds from the window's load event. Please make sure it has an appropriate `as` value and it is preloaded intentionally. @ https://sniffies.com/:0
[18005231ms] [WARNING] The resource https://sniffies.com/assets/images/vm-sprite-120px.jpg was preloaded using link preload but not used within a few seconds from the window's load event. Please make sure it has an appropriate `as` value and it is preloaded intentionally. @ https://sniffies.com/:0
[18013577ms] [WARNING] The resource https://sniffies.com/assets/images/vm-sprite-120px.jpg was preloaded using link preload but not used within a few seconds from the window's load event. Please make sure it has an appropriate `as` value and it is preloaded intentionally. @ https://sniffies.com/:0
[18022304ms] [WARNING] The resource https://sniffies.com/assets/images/vm-sprite-120px.jpg was preloaded using link preload but not used within a few seconds from the window's load event. Please make sure it has an appropriate `as` value and it is preloaded intentionally. @ https://sniffies.com/:0
[18027811ms] [WARNING] The resource https://sniffies.com/assets/images/vm-sprite-120px.jpg was preloaded using link preload but not used within a few seconds from the window's load event. Please make sure it has an appropriate `as` value and it is preloaded intentionally. @ https://sniffies.com/:0
[18032565ms] [WARNING] The resource https://sniffies.com/assets/images/vm-sprite-120px.jpg was preloaded using link preload but not used within a few seconds from the window's load event. Please make sure it has an appropriate `as` value and it is preloaded intentionally. @ https://sniffies.com/:0
[18049005ms] [WARNING] The resource https://sniffies.com/assets/images/vm-sprite-120px.jpg was preloaded using link preload but not used within a few seconds from the window's load event. Please make sure it has an appropriate `as` value and it is preloaded intentionally. @ https://sniffies.com/:0
[18056698ms] [WARNING] The resource https://sniffies.com/assets/images/vm-sprite-120px.jpg was preloaded using link preload but not used within a few seconds from the window's load event. Please make sure it has an appropriate `as` value and it is preloaded intentionally. @ https://sniffies.com/:0
[18063770ms] [WARNING] The resource https://sniffies.com/assets/images/vm-sprite-120px.jpg was preloaded using link preload but not used within a few seconds from the window's load event. Please make sure it has an appropriate `as` value and it is preloaded intentionally. @ https://sniffies.com/:0
[18066925ms] [WARNING] The resource https://sniffies.com/assets/images/vm-sprite-120px.jpg was preloaded using link preload but not used within a few seconds from the window's load event. Please make sure it has an appropriate `as` value and it is preloaded intentionally. @ https://sniffies.com/:0
[18071042ms] [WARNING] The resource https://sniffies.com/assets/images/vm-sprite-120px.jpg was preloaded using link preload but not used within a few seconds from the window's load event. Please make sure it has an appropriate `as` value and it is preloaded intentionally. @ https://sniffies.com/:0
[18081381ms] [WARNING] The resource https://sniffies.com/assets/images/vm-sprite-120px.jpg was preloaded using link preload but not used within a few seconds from the window's load event. Please make sure it has an appropriate `as` value and it is preloaded intentionally. @ https://sniffies.com/:0
[18109650ms] [WARNING] The resource https://sniffies.com/assets/images/vm-sprite-120px.jpg was preloaded using link preload but not used within a few seconds from the window's load event. Please make sure it has an appropriate `as` value and it is preloaded intentionally. @ https://sniffies.com/:0
[18125191ms] [WARNING] The resource https://sniffies.com/assets/images/vm-sprite-120px.jpg was preloaded using link preload but not used within a few seconds from the window's load event. Please make sure it has an appropriate `as` value and it is preloaded intentionally. @ https://sniffies.com/:0
[18129076ms] [WARNING] The resource https://sniffies.com/assets/images/vm-sprite-120px.jpg was preloaded using link preload but not used within a few seconds from the window's load event. Please make sure it has an appropriate `as` value and it is preloaded intentionally. @ https://sniffies.com/:0
[18137970ms] [WARNING] The resource https://sniffies.com/assets/images/vm-sprite-120px.jpg was preloaded using link preload but not used within a few seconds from the window's load event. Please make sure it has an appropriate `as` value and it is preloaded intentionally. @ https://sniffies.com/:0
[18141772ms] [WARNING] The resource https://sniffies.com/assets/images/vm-sprite-120px.jpg was preloaded using link preload but not used within a few seconds from the window's load event. Please make sure it has an appropriate `as` value and it is preloaded intentionally. @ https://sniffies.com/:0
[18147330ms] [WARNING] The resource https://sniffies.com/assets/images/vm-sprite-120px.jpg was preloaded using link preload but not used within a few seconds from the window's load event. Please make sure it has an appropriate `as` value and it is preloaded intentionally. @ https://sniffies.com/:0
[18155664ms] [WARNING] The resource https://sniffies.com/assets/images/vm-sprite-120px.jpg was preloaded using link preload but not used within a few seconds from the window's load event. Please make sure it has an appropriate `as` value and it is preloaded intentionally. @ https://sniffies.com/:0
[18161328ms] [WARNING] The resource https://sniffies.com/assets/images/vm-sprite-120px.jpg was preloaded using link preload but not used within a few seconds from the window's load event. Please make sure it has an appropriate `as` value and it is preloaded intentionally. @ https://sniffies.com/:0
[18172088ms] [WARNING] The resource https://sniffies.com/assets/images/vm-sprite-120px.jpg was preloaded using link preload but not used within a few seconds from the window's load event. Please make sure it has an appropriate `as` value and it is preloaded intentionally. @ https://sniffies.com/:0
[18181020ms] [WARNING] The resource https://sniffies.com/assets/images/vm-sprite-120px.jpg was preloaded using link preload but not used within a few seconds from the window's load event. Please make sure it has an appropriate `as` value and it is preloaded intentionally. @ https://sniffies.com/:0
[18186045ms] [WARNING] The resource https://sniffies.com/assets/images/vm-sprite-120px.jpg was preloaded using link preload but not used within a few seconds from the window's load event. Please make sure it has an appropriate `as` value and it is preloaded intentionally. @ https://sniffies.com/:0
[18193767ms] [WARNING] The resource https://sniffies.com/assets/images/vm-sprite-120px.jpg was preloaded using link preload but not used within a few seconds from the window's load event. Please make sure it has an appropriate `as` value and it is preloaded intentionally. @ https://sniffies.com/:0
[18208322ms] [WARNING] The resource https://sniffies.com/assets/images/vm-sprite-120px.jpg was preloaded using link preload but not used within a few seconds from the window's load event. Please make sure it has an appropriate `as` value and it is preloaded intentionally. @ https://sniffies.com/:0
[18219985ms] [WARNING] The resource https://sniffies.com/assets/images/vm-sprite-120px.jpg was preloaded using link preload but not used within a few seconds from the window's load event. Please make sure it has an appropriate `as` value and it is preloaded intentionally. @ https://sniffies.com/:0
[18224577ms] [WARNING] The resource https://sniffies.com/assets/images/vm-sprite-120px.jpg was preloaded using link preload but not used within a few seconds from the window's load event. Please make sure it has an appropriate `as` value and it is preloaded intentionally. @ https://sniffies.com/:0
[18242157ms] [WARNING] The resource https://sniffies.com/assets/images/vm-sprite-120px.jpg was preloaded using link preload but not used within a few seconds from the window's load event. Please make sure it has an appropriate `as` value and it is preloaded intentionally. @ https://sniffies.com/:0
[18253055ms] [WARNING] The resource https://sniffies.com/assets/images/vm-sprite-120px.jpg was preloaded using link preload but not used within a few seconds from the window's load event. Please make sure it has an appropriate `as` value and it is preloaded intentionally. @ https://sniffies.com/:0
[18265752ms] [WARNING] The resource https://sniffies.com/assets/images/vm-sprite-120px.jpg was preloaded using link preload but not used within a few seconds from the window's load event. Please make sure it has an appropriate `as` value and it is preloaded intentionally. @ https://sniffies.com/:0
[18287765ms] [WARNING] The resource https://sniffies.com/assets/images/vm-sprite-120px.jpg was preloaded using link preload but not used within a few seconds from the window's load event. Please make sure it has an appropriate `as` value and it is preloaded intentionally. @ https://sniffies.com/:0
[18308061ms] [WARNING] The resource https://sniffies.com/assets/images/vm-sprite-120px.jpg was preloaded using link preload but not used within a few seconds from the window's load event. Please make sure it has an appropriate `as` value and it is preloaded intentionally. @ https://sniffies.com/:0
[18313001ms] [WARNING] The resource https://sniffies.com/assets/images/vm-sprite-120px.jpg was preloaded using link preload but not used within a few seconds from the window's load event. Please make sure it has an appropriate `as` value and it is preloaded intentionally. @ https://sniffies.com/:0
[18319550ms] [WARNING] The resource https://sniffies.com/assets/images/vm-sprite-120px.jpg was preloaded using link preload but not used within a few seconds from the window's load event. Please make sure it has an appropriate `as` value and it is preloaded intentionally. @ https://sniffies.com/:0
[18327258ms] [WARNING] The resource https://sniffies.com/assets/images/vm-sprite-120px.jpg was preloaded using link preload but not used within a few seconds from the window's load event. Please make sure it has an appropriate `as` value and it is preloaded intentionally. @ https://sniffies.com/:0
[18334408ms] [WARNING] The resource https://sniffies.com/assets/images/vm-sprite-120px.jpg was preloaded using link preload but not used within a few seconds from the window's load event. Please make sure it has an appropriate `as` value and it is preloaded intentionally. @ https://sniffies.com/:0
[18348175ms] [WARNING] The resource https://sniffies.com/assets/images/vm-sprite-120px.jpg was preloaded using link preload but not used within a few seconds from the window's load event. Please make sure it has an appropriate `as` value and it is preloaded intentionally. @ https://sniffies.com/:0
[18365239ms] [WARNING] The resource https://sniffies.com/assets/images/vm-sprite-120px.jpg was preloaded using link preload but not used within a few seconds from the window's load event. Please make sure it has an appropriate `as` value and it is preloaded intentionally. @ https://sniffies.com/:0
[18368605ms] [WARNING] The resource https://sniffies.com/assets/images/vm-sprite-120px.jpg was preloaded using link preload but not used within a few seconds from the window's load event. Please make sure it has an appropriate `as` value and it is preloaded intentionally. @ https://sniffies.com/:0
[18373087ms] [WARNING] The resource https://sniffies.com/assets/images/vm-sprite-120px.jpg was preloaded using link preload but not used within a few seconds from the window's load event. Please make sure it has an appropriate `as` value and it is preloaded intentionally. @ https://sniffies.com/:0
[18388672ms] [WARNING] The resource https://sniffies.com/assets/images/vm-sprite-120px.jpg was preloaded using link preload but not used within a few seconds from the window's load event. Please make sure it has an appropriate `as` value and it is preloaded intentionally. @ https://sniffies.com/:0
[18395377ms] [WARNING] The resource https://sniffies.com/assets/images/vm-sprite-120px.jpg was preloaded using link preload but not used within a few seconds from the window's load event. Please make sure it has an appropriate `as` value and it is preloaded intentionally. @ https://sniffies.com/:0
[18400601ms] [WARNING] The resource https://sniffies.com/assets/images/vm-sprite-120px.jpg was preloaded using link preload but not used within a few seconds from the window's load event. Please make sure it has an appropriate `as` value and it is preloaded intentionally. @ https://sniffies.com/:0
[18406446ms] [WARNING] The resource https://sniffies.com/assets/images/vm-sprite-120px.jpg was preloaded using link preload but not used within a few seconds from the window's load event. Please make sure it has an appropriate `as` value and it is preloaded intentionally. @ https://sniffies.com/:0
[18428156ms] [WARNING] The resource https://sniffies.com/assets/images/vm-sprite-120px.jpg was preloaded using link preload but not used within a few seconds from the window's load event. Please make sure it has an appropriate `as` value and it is preloaded intentionally. @ https://sniffies.com/:0
[18436053ms] [WARNING] The resource https://sniffies.com/assets/images/vm-sprite-120px.jpg was preloaded using link preload but not used within a few seconds from the window's load event. Please make sure it has an appropriate `as` value and it is preloaded intentionally. @ https://sniffies.com/:0
[18441487ms] [WARNING] The resource https://sniffies.com/assets/images/vm-sprite-120px.jpg was preloaded using link preload but not used within a few seconds from the window's load event. Please make sure it has an appropriate `as` value and it is preloaded intentionally. @ https://sniffies.com/:0
[18445939ms] [WARNING] The resource https://sniffies.com/assets/images/vm-sprite-120px.jpg was preloaded using link preload but not used within a few seconds from the window's load event. Please make sure it has an appropriate `as` value and it is preloaded intentionally. @ https://sniffies.com/:0
[18453471ms] [WARNING] The resource https://sniffies.com/assets/images/vm-sprite-120px.jpg was preloaded using link preload but not used within a few seconds from the window's load event. Please make sure it has an appropriate `as` value and it is preloaded intentionally. @ https://sniffies.com/:0
[18459275ms] [WARNING] The resource https://sniffies.com/assets/images/vm-sprite-120px.jpg was preloaded using link preload but not used within a few seconds from the window's load event. Please make sure it has an appropriate `as` value and it is preloaded intentionally. @ https://sniffies.com/:0
[18467787ms] [WARNING] The resource https://sniffies.com/assets/images/vm-sprite-120px.jpg was preloaded using link preload but not used within a few seconds from the window's load event. Please make sure it has an appropriate `as` value and it is preloaded intentionally. @ https://sniffies.com/:0
[18472811ms] [WARNING] The resource https://sniffies.com/assets/images/vm-sprite-120px.jpg was preloaded using link preload but not used within a few seconds from the window's load event. Please make sure it has an appropriate `as` value and it is preloaded intentionally. @ https://sniffies.com/:0
[18485637ms] [WARNING] The resource https://sniffies.com/assets/images/vm-sprite-120px.jpg was preloaded using link preload but not used within a few seconds from the window's load event. Please make sure it has an appropriate `as` value and it is preloaded intentionally. @ https://sniffies.com/:0
[18490003ms] [WARNING] The resource https://sniffies.com/assets/images/vm-sprite-120px.jpg was preloaded using link preload but not used within a few seconds from the window's load event. Please make sure it has an appropriate `as` value and it is preloaded intentionally. @ https://sniffies.com/:0
[18494508ms] [WARNING] The resource https://sniffies.com/assets/images/vm-sprite-120px.jpg was preloaded using link preload but not used within a few seconds from the window's load event. Please make sure it has an appropriate `as` value and it is preloaded intentionally. @ https://sniffies.com/:0
[18501063ms] [WARNING] The resource https://sniffies.com/assets/images/vm-sprite-120px.jpg was preloaded using link preload but not used within a few seconds from the window's load event. Please make sure it has an appropriate `as` value and it is preloaded intentionally. @ https://sniffies.com/:0
[18506699ms] [WARNING] The resource https://sniffies.com/assets/images/vm-sprite-120px.jpg was preloaded using link preload but not used within a few seconds from the window's load event. Please make sure it has an appropriate `as` value and it is preloaded intentionally. @ https://sniffies.com/:0
[18525433ms] [WARNING] The resource https://sniffies.com/assets/images/vm-sprite-120px.jpg was preloaded using link preload but not used within a few seconds from the window's load event. Please make sure it has an appropriate `as` value and it is preloaded intentionally. @ https://sniffies.com/:0
[18533021ms] [WARNING] The resource https://sniffies.com/assets/images/vm-sprite-120px.jpg was preloaded using link preload but not used within a few seconds from the window's load event. Please make sure it has an appropriate `as` value and it is preloaded intentionally. @ https://sniffies.com/:0
[18540447ms] [WARNING] The resource https://sniffies.com/assets/images/vm-sprite-120px.jpg was preloaded using link preload but not used within a few seconds from the window's load event. Please make sure it has an appropriate `as` value and it is preloaded intentionally. @ https://sniffies.com/:0
[18547142ms] [WARNING] The resource https://sniffies.com/assets/images/vm-sprite-120px.jpg was preloaded using link preload but not used within a few seconds from the window's load event. Please make sure it has an appropriate `as` value and it is preloaded intentionally. @ https://sniffies.com/:0
[18559941ms] [WARNING] The resource https://sniffies.com/assets/images/vm-sprite-120px.jpg was preloaded using link preload but not used within a few seconds from the window's load event. Please make sure it has an appropriate `as` value and it is preloaded intentionally. @ https://sniffies.com/:0
[18607353ms] [WARNING] The resource https://sniffies.com/assets/images/vm-sprite-120px.jpg was preloaded using link preload but not used within a few seconds from the window's load event. Please make sure it has an appropriate `as` value and it is preloaded intentionally. @ https://sniffies.com/:0
[18614022ms] [WARNING] The resource https://sniffies.com/assets/images/vm-sprite-120px.jpg was preloaded using link preload but not used within a few seconds from the window's load event. Please make sure it has an appropriate `as` value and it is preloaded intentionally. @ https://sniffies.com/:0
[18626815ms] [WARNING] The resource https://sniffies.com/assets/images/vm-sprite-120px.jpg was preloaded using link preload but not used within a few seconds from the window's load event. Please make sure it has an appropriate `as` value and it is preloaded intentionally. @ https://sniffies.com/:0
[18636232ms] [WARNING] The resource https://sniffies.com/assets/images/vm-sprite-120px.jpg was preloaded using link preload but not used within a few seconds from the window's load event. Please make sure it has an appropriate `as` value and it is preloaded intentionally. @ https://sniffies.com/:0
[18648305ms] [WARNING] The resource https://sniffies.com/assets/images/vm-sprite-120px.jpg was preloaded using link preload but not used within a few seconds from the window's load event. Please make sure it has an appropriate `as` value and it is preloaded intentionally. @ https://sniffies.com/:0
[18662352ms] [WARNING] The resource https://sniffies.com/assets/images/vm-sprite-120px.jpg was preloaded using link preload but not used within a few seconds from the window's load event. Please make sure it has an appropriate `as` value and it is preloaded intentionally. @ https://sniffies.com/:0
[18666336ms] [WARNING] The resource https://sniffies.com/assets/images/vm-sprite-120px.jpg was preloaded using link preload but not used within a few seconds from the window's load event. Please make sure it has an appropriate `as` value and it is preloaded intentionally. @ https://sniffies.com/:0
[18676475ms] [WARNING] The resource https://sniffies.com/assets/images/vm-sprite-120px.jpg was preloaded using link preload but not used within a few seconds from the window's load event. Please make sure it has an appropriate `as` value and it is preloaded intentionally. @ https://sniffies.com/:0
[18686907ms] [WARNING] The resource https://sniffies.com/assets/images/vm-sprite-120px.jpg was preloaded using link preload but not used within a few seconds from the window's load event. Please make sure it has an appropriate `as` value and it is preloaded intentionally. @ https://sniffies.com/:0
[18715337ms] [WARNING] The resource https://sniffies.com/assets/images/vm-sprite-120px.jpg was preloaded using link preload but not used within a few seconds from the window's load event. Please make sure it has an appropriate `as` value and it is preloaded intentionally. @ https://sniffies.com/:0
[18722251ms] [WARNING] The resource https://sniffies.com/assets/images/vm-sprite-120px.jpg was preloaded using link preload but not used within a few seconds from the window's load event. Please make sure it has an appropriate `as` value and it is preloaded intentionally. @ https://sniffies.com/:0
[18736882ms] [WARNING] The resource https://sniffies.com/assets/images/vm-sprite-120px.jpg was preloaded using link preload but not used within a few seconds from the window's load event. Please make sure it has an appropriate `as` value and it is preloaded intentionally. @ https://sniffies.com/:0
[18742213ms] [WARNING] The resource https://sniffies.com/assets/images/vm-sprite-120px.jpg was preloaded using link preload but not used within a few seconds from the window's load event. Please make sure it has an appropriate `as` value and it is preloaded intentionally. @ https://sniffies.com/:0
[18748381ms] [WARNING] The resource https://sniffies.com/assets/images/vm-sprite-120px.jpg was preloaded using link preload but not used within a few seconds from the window's load event. Please make sure it has an appropriate `as` value and it is preloaded intentionally. @ https://sniffies.com/:0
[18755668ms] [WARNING] The resource https://sniffies.com/assets/images/vm-sprite-120px.jpg was preloaded using link preload but not used within a few seconds from the window's load event. Please make sure it has an appropriate `as` value and it is preloaded intentionally. @ https://sniffies.com/:0
[18763094ms] [WARNING] The resource https://sniffies.com/assets/images/vm-sprite-120px.jpg was preloaded using link preload but not used within a few seconds from the window's load event. Please make sure it has an appropriate `as` value and it is preloaded intentionally. @ https://sniffies.com/:0
[18770269ms] [WARNING] The resource https://sniffies.com/assets/images/vm-sprite-120px.jpg was preloaded using link preload but not used within a few seconds from the window's load event. Please make sure it has an appropriate `as` value and it is preloaded intentionally. @ https://sniffies.com/:0
[18777848ms] [WARNING] The resource https://sniffies.com/assets/images/vm-sprite-120px.jpg was preloaded using link preload but not used within a few seconds from the window's load event. Please make sure it has an appropriate `as` value and it is preloaded intentionally. @ https://sniffies.com/:0
[18781872ms] [WARNING] The resource https://sniffies.com/assets/images/vm-sprite-120px.jpg was preloaded using link preload but not used within a few seconds from the window's load event. Please make sure it has an appropriate `as` value and it is preloaded intentionally. @ https://sniffies.com/:0
[18786655ms] [WARNING] The resource https://sniffies.com/assets/images/vm-sprite-120px.jpg was preloaded using link preload but not used within a few seconds from the window's load event. Please make sure it has an appropriate `as` value and it is preloaded intentionally. @ https://sniffies.com/:0
[18801804ms] [WARNING] The resource https://sniffies.com/assets/images/vm-sprite-120px.jpg was preloaded using link preload but not used within a few seconds from the window's load event. Please make sure it has an appropriate `as` value and it is preloaded intentionally. @ https://sniffies.com/:0
[18812772ms] [WARNING] The resource https://sniffies.com/assets/images/vm-sprite-120px.jpg was preloaded using link preload but not used within a few seconds from the window's load event. Please make sure it has an appropriate `as` value and it is preloaded intentionally. @ https://sniffies.com/:0
[18847743ms] [WARNING] The resource https://sniffies.com/assets/images/vm-sprite-120px.jpg was preloaded using link preload but not used within a few seconds from the window's load event. Please make sure it has an appropriate `as` value and it is preloaded intentionally. @ https://sniffies.com/:0
[18853230ms] [WARNING] The resource https://sniffies.com/assets/images/vm-sprite-120px.jpg was preloaded using link preload but not used within a few seconds from the window's load event. Please make sure it has an appropriate `as` value and it is preloaded intentionally. @ https://sniffies.com/:0
[18858533ms] [WARNING] The resource https://sniffies.com/assets/images/vm-sprite-120px.jpg was preloaded using link preload but not used within a few seconds from the window's load event. Please make sure it has an appropriate `as` value and it is preloaded intentionally. @ https://sniffies.com/:0
[18888138ms] [WARNING] The resource https://sniffies.com/assets/images/vm-sprite-120px.jpg was preloaded using link preload but not used within a few seconds from the window's load event. Please make sure it has an appropriate `as` value and it is preloaded intentionally. @ https://sniffies.com/:0
[18896719ms] [WARNING] The resource https://sniffies.com/assets/images/vm-sprite-120px.jpg was preloaded using link preload but not used within a few seconds from the window's load event. Please make sure it has an appropriate `as` value and it is preloaded intentionally. @ https://sniffies.com/:0
[18901440ms] [WARNING] The resource https://sniffies.com/assets/images/vm-sprite-120px.jpg was preloaded using link preload but not used within a few seconds from the window's load event. Please make sure it has an appropriate `as` value and it is preloaded intentionally. @ https://sniffies.com/:0
[18905989ms] [WARNING] The resource https://sniffies.com/assets/images/vm-sprite-120px.jpg was preloaded using link preload but not used within a few seconds from the window's load event. Please make sure it has an appropriate `as` value and it is preloaded intentionally. @ https://sniffies.com/:0
[18912291ms] [WARNING] The resource https://sniffies.com/assets/images/vm-sprite-120px.jpg was preloaded using link preload but not used within a few seconds from the window's load event. Please make sure it has an appropriate `as` value and it is preloaded intentionally. @ https://sniffies.com/:0
[18915679ms] [WARNING] The resource https://sniffies.com/assets/images/vm-sprite-120px.jpg was preloaded using link preload but not used within a few seconds from the window's load event. Please make sure it has an appropriate `as` value and it is preloaded intentionally. @ https://sniffies.com/:0
[18925102ms] [WARNING] The resource https://sniffies.com/assets/images/vm-sprite-120px.jpg was preloaded using link preload but not used within a few seconds from the window's load event. Please make sure it has an appropriate `as` value and it is preloaded intentionally. @ https://sniffies.com/:0
[18934003ms] [WARNING] The resource https://sniffies.com/assets/images/vm-sprite-120px.jpg was preloaded using link preload but not used within a few seconds from the window's load event. Please make sure it has an appropriate `as` value and it is preloaded intentionally. @ https://sniffies.com/:0
[18946399ms] [WARNING] The resource https://sniffies.com/assets/images/vm-sprite-120px.jpg was preloaded using link preload but not used within a few seconds from the window's load event. Please make sure it has an appropriate `as` value and it is preloaded intentionally. @ https://sniffies.com/:0
[18953756ms] [WARNING] The resource https://sniffies.com/assets/images/vm-sprite-120px.jpg was preloaded using link preload but not used within a few seconds from the window's load event. Please make sure it has an appropriate `as` value and it is preloaded intentionally. @ https://sniffies.com/:0
[18963199ms] [WARNING] The resource https://sniffies.com/assets/images/vm-sprite-120px.jpg was preloaded using link preload but not used within a few seconds from the window's load event. Please make sure it has an appropriate `as` value and it is preloaded intentionally. @ https://sniffies.com/:0
[18973843ms] [WARNING] The resource https://sniffies.com/assets/images/vm-sprite-120px.jpg was preloaded using link preload but not used within a few seconds from the window's load event. Please make sure it has an appropriate `as` value and it is preloaded intentionally. @ https://sniffies.com/:0
[18981676ms] [WARNING] The resource https://sniffies.com/assets/images/vm-sprite-120px.jpg was preloaded using link preload but not used within a few seconds from the window's load event. Please make sure it has an appropriate `as` value and it is preloaded intentionally. @ https://sniffies.com/:0
[18987361ms] [WARNING] The resource https://sniffies.com/assets/images/vm-sprite-120px.jpg was preloaded using link preload but not used within a few seconds from the window's load event. Please make sure it has an appropriate `as` value and it is preloaded intentionally. @ https://sniffies.com/:0
[18995482ms] [WARNING] The resource https://sniffies.com/assets/images/vm-sprite-120px.jpg was preloaded using link preload but not used within a few seconds from the window's load event. Please make sure it has an appropriate `as` value and it is preloaded intentionally. @ https://sniffies.com/:0
[18998562ms] [WARNING] The resource https://sniffies.com/assets/images/vm-sprite-120px.jpg was preloaded using link preload but not used within a few seconds from the window's load event. Please make sure it has an appropriate `as` value and it is preloaded intentionally. @ https://sniffies.com/:0
[19007120ms] [WARNING] The resource https://sniffies.com/assets/images/vm-sprite-120px.jpg was preloaded using link preload but not used within a few seconds from the window's load event. Please make sure it has an appropriate `as` value and it is preloaded intentionally. @ https://sniffies.com/:0
[19010406ms] [WARNING] The resource https://sniffies.com/assets/images/vm-sprite-120px.jpg was preloaded using link preload but not used within a few seconds from the window's load event. Please make sure it has an appropriate `as` value and it is preloaded intentionally. @ https://sniffies.com/:0
[19027478ms] [WARNING] The resource https://sniffies.com/assets/images/vm-sprite-120px.jpg was preloaded using link preload but not used within a few seconds from the window's load event. Please make sure it has an appropriate `as` value and it is preloaded intentionally. @ https://sniffies.com/:0
[19035784ms] [WARNING] The resource https://sniffies.com/assets/images/vm-sprite-120px.jpg was preloaded using link preload but not used within a few seconds from the window's load event. Please make sure it has an appropriate `as` value and it is preloaded intentionally. @ https://sniffies.com/:0
[19038832ms] [WARNING] The resource https://sniffies.com/assets/images/vm-sprite-120px.jpg was preloaded using link preload but not used within a few seconds from the window's load event. Please make sure it has an appropriate `as` value and it is preloaded intentionally. @ https://sniffies.com/:0
[19042121ms] [WARNING] The resource https://sniffies.com/assets/images/vm-sprite-120px.jpg was preloaded using link preload but not used within a few seconds from the window's load event. Please make sure it has an appropriate `as` value and it is preloaded intentionally. @ https://sniffies.com/:0
[19052602ms] [WARNING] The resource https://sniffies.com/assets/images/vm-sprite-120px.jpg was preloaded using link preload but not used within a few seconds from the window's load event. Please make sure it has an appropriate `as` value and it is preloaded intentionally. @ https://sniffies.com/:0
[19061860ms] [WARNING] The resource https://sniffies.com/assets/images/vm-sprite-120px.jpg was preloaded using link preload but not used within a few seconds from the window's load event. Please make sure it has an appropriate `as` value and it is preloaded intentionally. @ https://sniffies.com/:0
[19068770ms] [WARNING] The resource https://sniffies.com/assets/images/vm-sprite-120px.jpg was preloaded using link preload but not used within a few seconds from the window's load event. Please make sure it has an appropriate `as` value and it is preloaded intentionally. @ https://sniffies.com/:0
[19080335ms] [WARNING] The resource https://sniffies.com/assets/images/vm-sprite-120px.jpg was preloaded using link preload but not used within a few seconds from the window's load event. Please make sure it has an appropriate `as` value and it is preloaded intentionally. @ https://sniffies.com/:0
[19092003ms] [WARNING] The resource https://sniffies.com/assets/images/vm-sprite-120px.jpg was preloaded using link preload but not used within a few seconds from the window's load event. Please make sure it has an appropriate `as` value and it is preloaded intentionally. @ https://sniffies.com/:0
[19103827ms] [WARNING] The resource https://sniffies.com/assets/images/vm-sprite-120px.jpg was preloaded using link preload but not used within a few seconds from the window's load event. Please make sure it has an appropriate `as` value and it is preloaded intentionally. @ https://sniffies.com/:0
[19109227ms] [WARNING] The resource https://sniffies.com/assets/images/vm-sprite-120px.jpg was preloaded using link preload but not used within a few seconds from the window's load event. Please make sure it has an appropriate `as` value and it is preloaded intentionally. @ https://sniffies.com/:0
[19114117ms] [WARNING] The resource https://sniffies.com/assets/images/vm-sprite-120px.jpg was preloaded using link preload but not used within a few seconds from the window's load event. Please make sure it has an appropriate `as` value and it is preloaded intentionally. @ https://sniffies.com/:0
[19118839ms] [WARNING] The resource https://sniffies.com/assets/images/vm-sprite-120px.jpg was preloaded using link preload but not used within a few seconds from the window's load event. Please make sure it has an appropriate `as` value and it is preloaded intentionally. @ https://sniffies.com/:0
[19122980ms] [WARNING] The resource https://sniffies.com/assets/images/vm-sprite-120px.jpg was preloaded using link preload but not used within a few seconds from the window's load event. Please make sure it has an appropriate `as` value and it is preloaded intentionally. @ https://sniffies.com/:0
[19128559ms] [WARNING] The resource https://sniffies.com/assets/images/vm-sprite-120px.jpg was preloaded using link preload but not used within a few seconds from the window's load event. Please make sure it has an appropriate `as` value and it is preloaded intentionally. @ https://sniffies.com/:0
[19144748ms] [WARNING] The resource https://sniffies.com/assets/images/vm-sprite-120px.jpg was preloaded using link preload but not used within a few seconds from the window's load event. Please make sure it has an appropriate `as` value and it is preloaded intentionally. @ https://sniffies.com/:0
[19152945ms] [WARNING] The resource https://sniffies.com/assets/images/vm-sprite-120px.jpg was preloaded using link preload but not used within a few seconds from the window's load event. Please make sure it has an appropriate `as` value and it is preloaded intentionally. @ https://sniffies.com/:0
[19156044ms] [WARNING] The resource https://sniffies.com/assets/images/vm-sprite-120px.jpg was preloaded using link preload but not used within a few seconds from the window's load event. Please make sure it has an appropriate `as` value and it is preloaded intentionally. @ https://sniffies.com/:0
[19172294ms] [WARNING] The resource https://sniffies.com/assets/images/vm-sprite-120px.jpg was preloaded using link preload but not used within a few seconds from the window's load event. Please make sure it has an appropriate `as` value and it is preloaded intentionally. @ https://sniffies.com/:0
[19183954ms] [WARNING] The resource https://sniffies.com/assets/images/vm-sprite-120px.jpg was preloaded using link preload but not used within a few seconds from the window's load event. Please make sure it has an appropriate `as` value and it is preloaded intentionally. @ https://sniffies.com/:0
[19188526ms] [WARNING] The resource https://sniffies.com/assets/images/vm-sprite-120px.jpg was preloaded using link preload but not used within a few seconds from the window's load event. Please make sure it has an appropriate `as` value and it is preloaded intentionally. @ https://sniffies.com/:0
[19192263ms] [WARNING] The resource https://sniffies.com/assets/images/vm-sprite-120px.jpg was preloaded using link preload but not used within a few seconds from the window's load event. Please make sure it has an appropriate `as` value and it is preloaded intentionally. @ https://sniffies.com/:0
[19210798ms] [WARNING] The resource https://sniffies.com/assets/images/vm-sprite-120px.jpg was preloaded using link preload but not used within a few seconds from the window's load event. Please make sure it has an appropriate `as` value and it is preloaded intentionally. @ https://sniffies.com/:0
[19219909ms] [WARNING] The resource https://sniffies.com/assets/images/vm-sprite-120px.jpg was preloaded using link preload but not used within a few seconds from the window's load event. Please make sure it has an appropriate `as` value and it is preloaded intentionally. @ https://sniffies.com/:0
[19225337ms] [WARNING] The resource https://sniffies.com/assets/images/vm-sprite-120px.jpg was preloaded using link preload but not used within a few seconds from the window's load event. Please make sure it has an appropriate `as` value and it is preloaded intentionally. @ https://sniffies.com/:0
[19229423ms] [WARNING] The resource https://sniffies.com/assets/images/vm-sprite-120px.jpg was preloaded using link preload but not used within a few seconds from the window's load event. Please make sure it has an appropriate `as` value and it is preloaded intentionally. @ https://sniffies.com/:0
[19236743ms] [WARNING] The resource https://sniffies.com/assets/images/vm-sprite-120px.jpg was preloaded using link preload but not used within a few seconds from the window's load event. Please make sure it has an appropriate `as` value and it is preloaded intentionally. @ https://sniffies.com/:0
[19248489ms] [WARNING] The resource https://sniffies.com/assets/images/vm-sprite-120px.jpg was preloaded using link preload but not used within a few seconds from the window's load event. Please make sure it has an appropriate `as` value and it is preloaded intentionally. @ https://sniffies.com/:0
[19253697ms] [WARNING] The resource https://sniffies.com/assets/images/vm-sprite-120px.jpg was preloaded using link preload but not used within a few seconds from the window's load event. Please make sure it has an appropriate `as` value and it is preloaded intentionally. @ https://sniffies.com/:0
[19257273ms] [WARNING] The resource https://sniffies.com/assets/images/vm-sprite-120px.jpg was preloaded using link preload but not used within a few seconds from the window's load event. Please make sure it has an appropriate `as` value and it is preloaded intentionally. @ https://sniffies.com/:0
[19260724ms] [WARNING] The resource https://sniffies.com/assets/images/vm-sprite-120px.jpg was preloaded using link preload but not used within a few seconds from the window's load event. Please make sure it has an appropriate `as` value and it is preloaded intentionally. @ https://sniffies.com/:0
[19269196ms] [WARNING] The resource https://sniffies.com/assets/images/vm-sprite-120px.jpg was preloaded using link preload but not used within a few seconds from the window's load event. Please make sure it has an appropriate `as` value and it is preloaded intentionally. @ https://sniffies.com/:0
[19284975ms] [WARNING] The resource https://sniffies.com/assets/images/vm-sprite-120px.jpg was preloaded using link preload but not used within a few seconds from the window's load event. Please make sure it has an appropriate `as` value and it is preloaded intentionally. @ https://sniffies.com/:0
[19294674ms] [WARNING] The resource https://sniffies.com/assets/images/vm-sprite-120px.jpg was preloaded using link preload but not used within a few seconds from the window's load event. Please make sure it has an appropriate `as` value and it is preloaded intentionally. @ https://sniffies.com/:0
[19311700ms] [WARNING] The resource https://sniffies.com/assets/images/vm-sprite-120px.jpg was preloaded using link preload but not used within a few seconds from the window's load event. Please make sure it has an appropriate `as` value and it is preloaded intentionally. @ https://sniffies.com/:0
[19319335ms] [WARNING] The resource https://sniffies.com/assets/images/vm-sprite-120px.jpg was preloaded using link preload but not used within a few seconds from the window's load event. Please make sure it has an appropriate `as` value and it is preloaded intentionally. @ https://sniffies.com/:0
[19324350ms] [WARNING] The resource https://sniffies.com/assets/images/vm-sprite-120px.jpg was preloaded using link preload but not used within a few seconds from the window's load event. Please make sure it has an appropriate `as` value and it is preloaded intentionally. @ https://sniffies.com/:0
[19333541ms] [WARNING] The resource https://sniffies.com/assets/images/vm-sprite-120px.jpg was preloaded using link preload but not used within a few seconds from the window's load event. Please make sure it has an appropriate `as` value and it is preloaded intentionally. @ https://sniffies.com/:0
[19338247ms] [WARNING] The resource https://sniffies.com/assets/images/vm-sprite-120px.jpg was preloaded using link preload but not used within a few seconds from the window's load event. Please make sure it has an appropriate `as` value and it is preloaded intentionally. @ https://sniffies.com/:0
[19350839ms] [WARNING] The resource https://sniffies.com/assets/images/vm-sprite-120px.jpg was preloaded using link preload but not used within a few seconds from the window's load event. Please make sure it has an appropriate `as` value and it is preloaded intentionally. @ https://sniffies.com/:0
[19359174ms] [WARNING] The resource https://sniffies.com/assets/images/vm-sprite-120px.jpg was preloaded using link preload but not used within a few seconds from the window's load event. Please make sure it has an appropriate `as` value and it is preloaded intentionally. @ https://sniffies.com/:0
[19367835ms] [WARNING] The resource https://sniffies.com/assets/images/vm-sprite-120px.jpg was preloaded using link preload but not used within a few seconds from the window's load event. Please make sure it has an appropriate `as` value and it is preloaded intentionally. @ https://sniffies.com/:0
[19373531ms] [WARNING] The resource https://sniffies.com/assets/images/vm-sprite-120px.jpg was preloaded using link preload but not used within a few seconds from the window's load event. Please make sure it has an appropriate `as` value and it is preloaded intentionally. @ https://sniffies.com/:0
[19380673ms] [WARNING] The resource https://sniffies.com/assets/images/vm-sprite-120px.jpg was preloaded using link preload but not used within a few seconds from the window's load event. Please make sure it has an appropriate `as` value and it is preloaded intentionally. @ https://sniffies.com/:0
[19393398ms] [WARNING] The resource https://sniffies.com/assets/images/vm-sprite-120px.jpg was preloaded using link preload but not used within a few seconds from the window's load event. Please make sure it has an appropriate `as` value and it is preloaded intentionally. @ https://sniffies.com/:0
[19403023ms] [WARNING] The resource https://sniffies.com/assets/images/vm-sprite-120px.jpg was preloaded using link preload but not used within a few seconds from the window's load event. Please make sure it has an appropriate `as` value and it is preloaded intentionally. @ https://sniffies.com/:0
[19410156ms] [WARNING] The resource https://sniffies.com/assets/images/vm-sprite-120px.jpg was preloaded using link preload but not used within a few seconds from the window's load event. Please make sure it has an appropriate `as` value and it is preloaded intentionally. @ https://sniffies.com/:0
[19414269ms] [WARNING] The resource https://sniffies.com/assets/images/vm-sprite-120px.jpg was preloaded using link preload but not used within a few seconds from the window's load event. Please make sure it has an appropriate `as` value and it is preloaded intentionally. @ https://sniffies.com/:0
[19419391ms] [WARNING] The resource https://sniffies.com/assets/images/vm-sprite-120px.jpg was preloaded using link preload but not used within a few seconds from the window's load event. Please make sure it has an appropriate `as` value and it is preloaded intentionally. @ https://sniffies.com/:0
[19426255ms] [WARNING] The resource https://sniffies.com/assets/images/vm-sprite-120px.jpg was preloaded using link preload but not used within a few seconds from the window's load event. Please make sure it has an appropriate `as` value and it is preloaded intentionally. @ https://sniffies.com/:0
[19435873ms] [WARNING] The resource https://sniffies.com/assets/images/vm-sprite-120px.jpg was preloaded using link preload but not used within a few seconds from the window's load event. Please make sure it has an appropriate `as` value and it is preloaded intentionally. @ https://sniffies.com/:0
[19442731ms] [WARNING] The resource https://sniffies.com/assets/images/vm-sprite-120px.jpg was preloaded using link preload but not used within a few seconds from the window's load event. Please make sure it has an appropriate `as` value and it is preloaded intentionally. @ https://sniffies.com/:0
[19458194ms] [WARNING] The resource https://sniffies.com/assets/images/vm-sprite-120px.jpg was preloaded using link preload but not used within a few seconds from the window's load event. Please make sure it has an appropriate `as` value and it is preloaded intentionally. @ https://sniffies.com/:0
[19462288ms] [WARNING] The resource https://sniffies.com/assets/images/vm-sprite-120px.jpg was preloaded using link preload but not used within a few seconds from the window's load event. Please make sure it has an appropriate `as` value and it is preloaded intentionally. @ https://sniffies.com/:0
[19472730ms] [WARNING] The resource https://sniffies.com/assets/images/vm-sprite-120px.jpg was preloaded using link preload but not used within a few seconds from the window's load event. Please make sure it has an appropriate `as` value and it is preloaded intentionally. @ https://sniffies.com/:0
[19478656ms] [WARNING] The resource https://sniffies.com/assets/images/vm-sprite-120px.jpg was preloaded using link preload but not used within a few seconds from the window's load event. Please make sure it has an appropriate `as` value and it is preloaded intentionally. @ https://sniffies.com/:0
[19488981ms] [WARNING] The resource https://sniffies.com/assets/images/vm-sprite-120px.jpg was preloaded using link preload but not used within a few seconds from the window's load event. Please make sure it has an appropriate `as` value and it is preloaded intentionally. @ https://sniffies.com/:0
[19493622ms] [WARNING] The resource https://sniffies.com/assets/images/vm-sprite-120px.jpg was preloaded using link preload but not used within a few seconds from the window's load event. Please make sure it has an appropriate `as` value and it is preloaded intentionally. @ https://sniffies.com/:0
[19497088ms] [WARNING] The resource https://sniffies.com/assets/images/vm-sprite-120px.jpg was preloaded using link preload but not used within a few seconds from the window's load event. Please make sure it has an appropriate `as` value and it is preloaded intentionally. @ https://sniffies.com/:0
[19516663ms] [WARNING] The resource https://sniffies.com/assets/images/vm-sprite-120px.jpg was preloaded using link preload but not used within a few seconds from the window's load event. Please make sure it has an appropriate `as` value and it is preloaded intentionally. @ https://sniffies.com/:0
[19522693ms] [WARNING] The resource https://sniffies.com/assets/images/vm-sprite-120px.jpg was preloaded using link preload but not used within a few seconds from the window's load event. Please make sure it has an appropriate `as` value and it is preloaded intentionally. @ https://sniffies.com/:0
[19540940ms] [WARNING] The resource https://sniffies.com/assets/images/vm-sprite-120px.jpg was preloaded using link preload but not used within a few seconds from the window's load event. Please make sure it has an appropriate `as` value and it is preloaded intentionally. @ https://sniffies.com/:0
[19544301ms] [WARNING] The resource https://sniffies.com/assets/images/vm-sprite-120px.jpg was preloaded using link preload but not used within a few seconds from the window's load event. Please make sure it has an appropriate `as` value and it is preloaded intentionally. @ https://sniffies.com/:0
[19560574ms] [WARNING] The resource https://sniffies.com/assets/images/vm-sprite-120px.jpg was preloaded using link preload but not used within a few seconds from the window's load event. Please make sure it has an appropriate `as` value and it is preloaded intentionally. @ https://sniffies.com/:0
[19577374ms] [WARNING] The resource https://sniffies.com/assets/images/vm-sprite-120px.jpg was preloaded using link preload but not used within a few seconds from the window's load event. Please make sure it has an appropriate `as` value and it is preloaded intentionally. @ https://sniffies.com/:0
[19580869ms] [WARNING] The resource https://sniffies.com/assets/images/vm-sprite-120px.jpg was preloaded using link preload but not used within a few seconds from the window's load event. Please make sure it has an appropriate `as` value and it is preloaded intentionally. @ https://sniffies.com/:0
[19588924ms] [WARNING] The resource https://sniffies.com/assets/images/vm-sprite-120px.jpg was preloaded using link preload but not used within a few seconds from the window's load event. Please make sure it has an appropriate `as` value and it is preloaded intentionally. @ https://sniffies.com/:0
[19601077ms] [WARNING] The resource https://sniffies.com/assets/images/vm-sprite-120px.jpg was preloaded using link preload but not used within a few seconds from the window's load event. Please make sure it has an appropriate `as` value and it is preloaded intentionally. @ https://sniffies.com/:0
[19605133ms] [WARNING] The resource https://sniffies.com/assets/images/vm-sprite-120px.jpg was preloaded using link preload but not used within a few seconds from the window's load event. Please make sure it has an appropriate `as` value and it is preloaded intentionally. @ https://sniffies.com/:0
[19609432ms] [WARNING] The resource https://sniffies.com/assets/images/vm-sprite-120px.jpg was preloaded using link preload but not used within a few seconds from the window's load event. Please make sure it has an appropriate `as` value and it is preloaded intentionally. @ https://sniffies.com/:0
[19618142ms] [WARNING] The resource https://sniffies.com/assets/images/vm-sprite-120px.jpg was preloaded using link preload but not used within a few seconds from the window's load event. Please make sure it has an appropriate `as` value and it is preloaded intentionally. @ https://sniffies.com/:0
[19629192ms] [WARNING] The resource https://sniffies.com/assets/images/vm-sprite-120px.jpg was preloaded using link preload but not used within a few seconds from the window's load event. Please make sure it has an appropriate `as` value and it is preloaded intentionally. @ https://sniffies.com/:0
[19635340ms] [WARNING] The resource https://sniffies.com/assets/images/vm-sprite-120px.jpg was preloaded using link preload but not used within a few seconds from the window's load event. Please make sure it has an appropriate `as` value and it is preloaded intentionally. @ https://sniffies.com/:0
[19641274ms] [WARNING] The resource https://sniffies.com/assets/images/vm-sprite-120px.jpg was preloaded using link preload but not used within a few seconds from the window's load event. Please make sure it has an appropriate `as` value and it is preloaded intentionally. @ https://sniffies.com/:0
[19644769ms] [WARNING] The resource https://sniffies.com/assets/images/vm-sprite-120px.jpg was preloaded using link preload but not used within a few seconds from the window's load event. Please make sure it has an appropriate `as` value and it is preloaded intentionally. @ https://sniffies.com/:0
[19648451ms] [WARNING] The resource https://sniffies.com/assets/images/vm-sprite-120px.jpg was preloaded using link preload but not used within a few seconds from the window's load event. Please make sure it has an appropriate `as` value and it is preloaded intentionally. @ https://sniffies.com/:0
[19651634ms] [WARNING] The resource https://sniffies.com/assets/images/vm-sprite-120px.jpg was preloaded using link preload but not used within a few seconds from the window's load event. Please make sure it has an appropriate `as` value and it is preloaded intentionally. @ https://sniffies.com/:0
[19664248ms] [WARNING] The resource https://sniffies.com/assets/images/vm-sprite-120px.jpg was preloaded using link preload but not used within a few seconds from the window's load event. Please make sure it has an appropriate `as` value and it is preloaded intentionally. @ https://sniffies.com/:0
[19670686ms] [WARNING] The resource https://sniffies.com/assets/images/vm-sprite-120px.jpg was preloaded using link preload but not used within a few seconds from the window's load event. Please make sure it has an appropriate `as` value and it is preloaded intentionally. @ https://sniffies.com/:0
[19680391ms] [WARNING] The resource https://sniffies.com/assets/images/vm-sprite-120px.jpg was preloaded using link preload but not used within a few seconds from the window's load event. Please make sure it has an appropriate `as` value and it is preloaded intentionally. @ https://sniffies.com/:0
[19686675ms] [WARNING] The resource https://sniffies.com/assets/images/vm-sprite-120px.jpg was preloaded using link preload but not used within a few seconds from the window's load event. Please make sure it has an appropriate `as` value and it is preloaded intentionally. @ https://sniffies.com/:0
[19697334ms] [WARNING] The resource https://sniffies.com/assets/images/vm-sprite-120px.jpg was preloaded using link preload but not used within a few seconds from the window's load event. Please make sure it has an appropriate `as` value and it is preloaded intentionally. @ https://sniffies.com/:0
[19704180ms] [WARNING] The resource https://sniffies.com/assets/images/vm-sprite-120px.jpg was preloaded using link preload but not used within a few seconds from the window's load event. Please make sure it has an appropriate `as` value and it is preloaded intentionally. @ https://sniffies.com/:0
[19708092ms] [WARNING] The resource https://sniffies.com/assets/images/vm-sprite-120px.jpg was preloaded using link preload but not used within a few seconds from the window's load event. Please make sure it has an appropriate `as` value and it is preloaded intentionally. @ https://sniffies.com/:0
[19713383ms] [WARNING] The resource https://sniffies.com/assets/images/vm-sprite-120px.jpg was preloaded using link preload but not used within a few seconds from the window's load event. Please make sure it has an appropriate `as` value and it is preloaded intentionally. @ https://sniffies.com/:0
[19719691ms] [WARNING] The resource https://sniffies.com/assets/images/vm-sprite-120px.jpg was preloaded using link preload but not used within a few seconds from the window's load event. Please make sure it has an appropriate `as` value and it is preloaded intentionally. @ https://sniffies.com/:0
[19726052ms] [WARNING] The resource https://sniffies.com/assets/images/vm-sprite-120px.jpg was preloaded using link preload but not used within a few seconds from the window's load event. Please make sure it has an appropriate `as` value and it is preloaded intentionally. @ https://sniffies.com/:0
[19741543ms] [WARNING] The resource https://sniffies.com/assets/images/vm-sprite-120px.jpg was preloaded using link preload but not used within a few seconds from the window's load event. Please make sure it has an appropriate `as` value and it is preloaded intentionally. @ https://sniffies.com/:0
[19745161ms] [WARNING] The resource https://sniffies.com/assets/images/vm-sprite-120px.jpg was preloaded using link preload but not used within a few seconds from the window's load event. Please make sure it has an appropriate `as` value and it is preloaded intentionally. @ https://sniffies.com/:0
[19754309ms] [WARNING] The resource https://sniffies.com/assets/images/vm-sprite-120px.jpg was preloaded using link preload but not used within a few seconds from the window's load event. Please make sure it has an appropriate `as` value and it is preloaded intentionally. @ https://sniffies.com/:0
[19767691ms] [WARNING] The resource https://sniffies.com/assets/images/vm-sprite-120px.jpg was preloaded using link preload but not used within a few seconds from the window's load event. Please make sure it has an appropriate `as` value and it is preloaded intentionally. @ https://sniffies.com/:0
[19772044ms] [WARNING] The resource https://sniffies.com/assets/images/vm-sprite-120px.jpg was preloaded using link preload but not used within a few seconds from the window's load event. Please make sure it has an appropriate `as` value and it is preloaded intentionally. @ https://sniffies.com/:0
[19782616ms] [WARNING] The resource https://sniffies.com/assets/images/vm-sprite-120px.jpg was preloaded using link preload but not used within a few seconds from the window's load event. Please make sure it has an appropriate `as` value and it is preloaded intentionally. @ https://sniffies.com/:0
[19788706ms] [WARNING] The resource https://sniffies.com/assets/images/vm-sprite-120px.jpg was preloaded using link preload but not used within a few seconds from the window's load event. Please make sure it has an appropriate `as` value and it is preloaded intentionally. @ https://sniffies.com/:0
[19797261ms] [WARNING] The resource https://sniffies.com/assets/images/vm-sprite-120px.jpg was preloaded using link preload but not used within a few seconds from the window's load event. Please make sure it has an appropriate `as` value and it is preloaded intentionally. @ https://sniffies.com/:0
[19809643ms] [WARNING] The resource https://sniffies.com/assets/images/vm-sprite-120px.jpg was preloaded using link preload but not used within a few seconds from the window's load event. Please make sure it has an appropriate `as` value and it is preloaded intentionally. @ https://sniffies.com/:0
[19818257ms] [WARNING] The resource https://sniffies.com/assets/images/vm-sprite-120px.jpg was preloaded using link preload but not used within a few seconds from the window's load event. Please make sure it has an appropriate `as` value and it is preloaded intentionally. @ https://sniffies.com/:0
[19826488ms] [WARNING] The resource https://sniffies.com/assets/images/vm-sprite-120px.jpg was preloaded using link preload but not used within a few seconds from the window's load event. Please make sure it has an appropriate `as` value and it is preloaded intentionally. @ https://sniffies.com/:0
[19839891ms] [WARNING] The resource https://sniffies.com/assets/images/vm-sprite-120px.jpg was preloaded using link preload but not used within a few seconds from the window's load event. Please make sure it has an appropriate `as` value and it is preloaded intentionally. @ https://sniffies.com/:0
[19850713ms] [WARNING] The resource https://sniffies.com/assets/images/vm-sprite-120px.jpg was preloaded using link preload but not used within a few seconds from the window's load event. Please make sure it has an appropriate `as` value and it is preloaded intentionally. @ https://sniffies.com/:0
[19858080ms] [WARNING] The resource https://sniffies.com/assets/images/vm-sprite-120px.jpg was preloaded using link preload but not used within a few seconds from the window's load event. Please make sure it has an appropriate `as` value and it is preloaded intentionally. @ https://sniffies.com/:0
[19867445ms] [WARNING] The resource https://sniffies.com/assets/images/vm-sprite-120px.jpg was preloaded using link preload but not used within a few seconds from the window's load event. Please make sure it has an appropriate `as` value and it is preloaded intentionally. @ https://sniffies.com/:0
[19871741ms] [WARNING] The resource https://sniffies.com/assets/images/vm-sprite-120px.jpg was preloaded using link preload but not used within a few seconds from the window's load event. Please make sure it has an appropriate `as` value and it is preloaded intentionally. @ https://sniffies.com/:0
[19876818ms] [WARNING] The resource https://sniffies.com/assets/images/vm-sprite-120px.jpg was preloaded using link preload but not used within a few seconds from the window's load event. Please make sure it has an appropriate `as` value and it is preloaded intentionally. @ https://sniffies.com/:0
[19888844ms] [WARNING] The resource https://sniffies.com/assets/images/vm-sprite-120px.jpg was preloaded using link preload but not used within a few seconds from the window's load event. Please make sure it has an appropriate `as` value and it is preloaded intentionally. @ https://sniffies.com/:0
[19896379ms] [WARNING] The resource https://sniffies.com/assets/images/vm-sprite-120px.jpg was preloaded using link preload but not used within a few seconds from the window's load event. Please make sure it has an appropriate `as` value and it is preloaded intentionally. @ https://sniffies.com/:0
[19901917ms] [WARNING] The resource https://sniffies.com/assets/images/vm-sprite-120px.jpg was preloaded using link preload but not used within a few seconds from the window's load event. Please make sure it has an appropriate `as` value and it is preloaded intentionally. @ https://sniffies.com/:0
[19907750ms] [WARNING] The resource https://sniffies.com/assets/images/vm-sprite-120px.jpg was preloaded using link preload but not used within a few seconds from the window's load event. Please make sure it has an appropriate `as` value and it is preloaded intentionally. @ https://sniffies.com/:0
[19914825ms] [WARNING] The resource https://sniffies.com/assets/images/vm-sprite-120px.jpg was preloaded using link preload but not used within a few seconds from the window's load event. Please make sure it has an appropriate `as` value and it is preloaded intentionally. @ https://sniffies.com/:0
[19921047ms] [WARNING] The resource https://sniffies.com/assets/images/vm-sprite-120px.jpg was preloaded using link preload but not used within a few seconds from the window's load event. Please make sure it has an appropriate `as` value and it is preloaded intentionally. @ https://sniffies.com/:0
[19937654ms] [WARNING] The resource https://sniffies.com/assets/images/vm-sprite-120px.jpg was preloaded using link preload but not used within a few seconds from the window's load event. Please make sure it has an appropriate `as` value and it is preloaded intentionally. @ https://sniffies.com/:0
[19943346ms] [WARNING] The resource https://sniffies.com/assets/images/vm-sprite-120px.jpg was preloaded using link preload but not used within a few seconds from the window's load event. Please make sure it has an appropriate `as` value and it is preloaded intentionally. @ https://sniffies.com/:0
[19948842ms] [WARNING] The resource https://sniffies.com/assets/images/vm-sprite-120px.jpg was preloaded using link preload but not used within a few seconds from the window's load event. Please make sure it has an appropriate `as` value and it is preloaded intentionally. @ https://sniffies.com/:0
[19970512ms] [WARNING] The resource https://sniffies.com/assets/images/vm-sprite-120px.jpg was preloaded using link preload but not used within a few seconds from the window's load event. Please make sure it has an appropriate `as` value and it is preloaded intentionally. @ https://sniffies.com/:0
[19978317ms] [WARNING] The resource https://sniffies.com/assets/images/vm-sprite-120px.jpg was preloaded using link preload but not used within a few seconds from the window's load event. Please make sure it has an appropriate `as` value and it is preloaded intentionally. @ https://sniffies.com/:0
[19986398ms] [WARNING] The resource https://sniffies.com/assets/images/vm-sprite-120px.jpg was preloaded using link preload but not used within a few seconds from the window's load event. Please make sure it has an appropriate `as` value and it is preloaded intentionally. @ https://sniffies.com/:0
[19996224ms] [WARNING] The resource https://sniffies.com/assets/images/vm-sprite-120px.jpg was preloaded using link preload but not used within a few seconds from the window's load event. Please make sure it has an appropriate `as` value and it is preloaded intentionally. @ https://sniffies.com/:0
[20000966ms] [WARNING] The resource https://sniffies.com/assets/images/vm-sprite-120px.jpg was preloaded using link preload but not used within a few seconds from the window's load event. Please make sure it has an appropriate `as` value and it is preloaded intentionally. @ https://sniffies.com/:0
[20007478ms] [WARNING] The resource https://sniffies.com/assets/images/vm-sprite-120px.jpg was preloaded using link preload but not used within a few seconds from the window's load event. Please make sure it has an appropriate `as` value and it is preloaded intentionally. @ https://sniffies.com/:0
[20015388ms] [WARNING] The resource https://sniffies.com/assets/images/vm-sprite-120px.jpg was preloaded using link preload but not used within a few seconds from the window's load event. Please make sure it has an appropriate `as` value and it is preloaded intentionally. @ https://sniffies.com/:0
[20022994ms] [WARNING] The resource https://sniffies.com/assets/images/vm-sprite-120px.jpg was preloaded using link preload but not used within a few seconds from the window's load event. Please make sure it has an appropriate `as` value and it is preloaded intentionally. @ https://sniffies.com/:0
[20038413ms] [WARNING] The resource https://sniffies.com/assets/images/vm-sprite-120px.jpg was preloaded using link preload but not used within a few seconds from the window's load event. Please make sure it has an appropriate `as` value and it is preloaded intentionally. @ https://sniffies.com/:0
[20045194ms] [WARNING] The resource https://sniffies.com/assets/images/vm-sprite-120px.jpg was preloaded using link preload but not used within a few seconds from the window's load event. Please make sure it has an appropriate `as` value and it is preloaded intentionally. @ https://sniffies.com/:0
[20052257ms] [WARNING] The resource https://sniffies.com/assets/images/vm-sprite-120px.jpg was preloaded using link preload but not used within a few seconds from the window's load event. Please make sure it has an appropriate `as` value and it is preloaded intentionally. @ https://sniffies.com/:0
[20057226ms] [WARNING] The resource https://sniffies.com/assets/images/vm-sprite-120px.jpg was preloaded using link preload but not used within a few seconds from the window's load event. Please make sure it has an appropriate `as` value and it is preloaded intentionally. @ https://sniffies.com/:0
[20064055ms] [WARNING] The resource https://sniffies.com/assets/images/vm-sprite-120px.jpg was preloaded using link preload but not used within a few seconds from the window's load event. Please make sure it has an appropriate `as` value and it is preloaded intentionally. @ https://sniffies.com/:0
[20076923ms] [WARNING] The resource https://sniffies.com/assets/images/vm-sprite-120px.jpg was preloaded using link preload but not used within a few seconds from the window's load event. Please make sure it has an appropriate `as` value and it is preloaded intentionally. @ https://sniffies.com/:0
[20083509ms] [WARNING] The resource https://sniffies.com/assets/images/vm-sprite-120px.jpg was preloaded using link preload but not used within a few seconds from the window's load event. Please make sure it has an appropriate `as` value and it is preloaded intentionally. @ https://sniffies.com/:0
[20089568ms] [WARNING] The resource https://sniffies.com/assets/images/vm-sprite-120px.jpg was preloaded using link preload but not used within a few seconds from the window's load event. Please make sure it has an appropriate `as` value and it is preloaded intentionally. @ https://sniffies.com/:0
[20096038ms] [WARNING] The resource https://sniffies.com/assets/images/vm-sprite-120px.jpg was preloaded using link preload but not used within a few seconds from the window's load event. Please make sure it has an appropriate `as` value and it is preloaded intentionally. @ https://sniffies.com/:0
[20103127ms] [WARNING] The resource https://sniffies.com/assets/images/vm-sprite-120px.jpg was preloaded using link preload but not used within a few seconds from the window's load event. Please make sure it has an appropriate `as` value and it is preloaded intentionally. @ https://sniffies.com/:0
[20113551ms] [WARNING] The resource https://sniffies.com/assets/images/vm-sprite-120px.jpg was preloaded using link preload but not used within a few seconds from the window's load event. Please make sure it has an appropriate `as` value and it is preloaded intentionally. @ https://sniffies.com/:0
[20133340ms] [WARNING] The resource https://sniffies.com/assets/images/vm-sprite-120px.jpg was preloaded using link preload but not used within a few seconds from the window's load event. Please make sure it has an appropriate `as` value and it is preloaded intentionally. @ https://sniffies.com/:0
[20137753ms] [WARNING] The resource https://sniffies.com/assets/images/vm-sprite-120px.jpg was preloaded using link preload but not used within a few seconds from the window's load event. Please make sure it has an appropriate `as` value and it is preloaded intentionally. @ https://sniffies.com/:0
[20144400ms] [WARNING] The resource https://sniffies.com/assets/images/vm-sprite-120px.jpg was preloaded using link preload but not used within a few seconds from the window's load event. Please make sure it has an appropriate `as` value and it is preloaded intentionally. @ https://sniffies.com/:0
[20156033ms] [WARNING] The resource https://sniffies.com/assets/images/vm-sprite-120px.jpg was preloaded using link preload but not used within a few seconds from the window's load event. Please make sure it has an appropriate `as` value and it is preloaded intentionally. @ https://sniffies.com/:0
[20162409ms] [WARNING] The resource https://sniffies.com/assets/images/vm-sprite-120px.jpg was preloaded using link preload but not used within a few seconds from the window's load event. Please make sure it has an appropriate `as` value and it is preloaded intentionally. @ https://sniffies.com/:0
[20166931ms] [WARNING] The resource https://sniffies.com/assets/images/vm-sprite-120px.jpg was preloaded using link preload but not used within a few seconds from the window's load event. Please make sure it has an appropriate `as` value and it is preloaded intentionally. @ https://sniffies.com/:0
[20179641ms] [WARNING] The resource https://sniffies.com/assets/images/vm-sprite-120px.jpg was preloaded using link preload but not used within a few seconds from the window's load event. Please make sure it has an appropriate `as` value and it is preloaded intentionally. @ https://sniffies.com/:0
[20186438ms] [WARNING] The resource https://sniffies.com/assets/images/vm-sprite-120px.jpg was preloaded using link preload but not used within a few seconds from the window's load event. Please make sure it has an appropriate `as` value and it is preloaded intentionally. @ https://sniffies.com/:0
[20194269ms] [WARNING] The resource https://sniffies.com/assets/images/vm-sprite-120px.jpg was preloaded using link preload but not used within a few seconds from the window's load event. Please make sure it has an appropriate `as` value and it is preloaded intentionally. @ https://sniffies.com/:0
[20200822ms] [WARNING] The resource https://sniffies.com/assets/images/vm-sprite-120px.jpg was preloaded using link preload but not used within a few seconds from the window's load event. Please make sure it has an appropriate `as` value and it is preloaded intentionally. @ https://sniffies.com/:0
[20205638ms] [WARNING] The resource https://sniffies.com/assets/images/vm-sprite-120px.jpg was preloaded using link preload but not used within a few seconds from the window's load event. Please make sure it has an appropriate `as` value and it is preloaded intentionally. @ https://sniffies.com/:0
[20219725ms] [WARNING] The resource https://sniffies.com/assets/images/vm-sprite-120px.jpg was preloaded using link preload but not used within a few seconds from the window's load event. Please make sure it has an appropriate `as` value and it is preloaded intentionally. @ https://sniffies.com/:0
[20224373ms] [WARNING] The resource https://sniffies.com/assets/images/vm-sprite-120px.jpg was preloaded using link preload but not used within a few seconds from the window's load event. Please make sure it has an appropriate `as` value and it is preloaded intentionally. @ https://sniffies.com/:0
[20231121ms] [WARNING] The resource https://sniffies.com/assets/images/vm-sprite-120px.jpg was preloaded using link preload but not used within a few seconds from the window's load event. Please make sure it has an appropriate `as` value and it is preloaded intentionally. @ https://sniffies.com/:0
[20235581ms] [WARNING] The resource https://sniffies.com/assets/images/vm-sprite-120px.jpg was preloaded using link preload but not used within a few seconds from the window's load event. Please make sure it has an appropriate `as` value and it is preloaded intentionally. @ https://sniffies.com/:0
[20245107ms] [WARNING] The resource https://sniffies.com/assets/images/vm-sprite-120px.jpg was preloaded using link preload but not used within a few seconds from the window's load event. Please make sure it has an appropriate `as` value and it is preloaded intentionally. @ https://sniffies.com/:0
[20251048ms] [WARNING] The resource https://sniffies.com/assets/images/vm-sprite-120px.jpg was preloaded using link preload but not used within a few seconds from the window's load event. Please make sure it has an appropriate `as` value and it is preloaded intentionally. @ https://sniffies.com/:0
[20256426ms] [WARNING] The resource https://sniffies.com/assets/images/vm-sprite-120px.jpg was preloaded using link preload but not used within a few seconds from the window's load event. Please make sure it has an appropriate `as` value and it is preloaded intentionally. @ https://sniffies.com/:0
[20277608ms] [WARNING] The resource https://sniffies.com/assets/images/vm-sprite-120px.jpg was preloaded using link preload but not used within a few seconds from the window's load event. Please make sure it has an appropriate `as` value and it is preloaded intentionally. @ https://sniffies.com/:0
[20285917ms] [WARNING] The resource https://sniffies.com/assets/images/vm-sprite-120px.jpg was preloaded using link preload but not used within a few seconds from the window's load event. Please make sure it has an appropriate `as` value and it is preloaded intentionally. @ https://sniffies.com/:0
[20295632ms] [WARNING] The resource https://sniffies.com/assets/images/vm-sprite-120px.jpg was preloaded using link preload but not used within a few seconds from the window's load event. Please make sure it has an appropriate `as` value and it is preloaded intentionally. @ https://sniffies.com/:0
[20308574ms] [WARNING] The resource https://sniffies.com/assets/images/vm-sprite-120px.jpg was preloaded using link preload but not used within a few seconds from the window's load event. Please make sure it has an appropriate `as` value and it is preloaded intentionally. @ https://sniffies.com/:0
[20318992ms] [WARNING] The resource https://sniffies.com/assets/images/vm-sprite-120px.jpg was preloaded using link preload but not used within a few seconds from the window's load event. Please make sure it has an appropriate `as` value and it is preloaded intentionally. @ https://sniffies.com/:0
[20324211ms] [WARNING] The resource https://sniffies.com/assets/images/vm-sprite-120px.jpg was preloaded using link preload but not used within a few seconds from the window's load event. Please make sure it has an appropriate `as` value and it is preloaded intentionally. @ https://sniffies.com/:0
[20354991ms] [WARNING] The resource https://sniffies.com/assets/images/vm-sprite-120px.jpg was preloaded using link preload but not used within a few seconds from the window's load event. Please make sure it has an appropriate `as` value and it is preloaded intentionally. @ https://sniffies.com/:0
[20367918ms] [WARNING] The resource https://sniffies.com/assets/images/vm-sprite-120px.jpg was preloaded using link preload but not used within a few seconds from the window's load event. Please make sure it has an appropriate `as` value and it is preloaded intentionally. @ https://sniffies.com/:0
[20373058ms] [WARNING] The resource https://sniffies.com/assets/images/vm-sprite-120px.jpg was preloaded using link preload but not used within a few seconds from the window's load event. Please make sure it has an appropriate `as` value and it is preloaded intentionally. @ https://sniffies.com/:0
[20377377ms] [WARNING] The resource https://sniffies.com/assets/images/vm-sprite-120px.jpg was preloaded using link preload but not used within a few seconds from the window's load event. Please make sure it has an appropriate `as` value and it is preloaded intentionally. @ https://sniffies.com/:0
[20381036ms] [WARNING] The resource https://sniffies.com/assets/images/vm-sprite-120px.jpg was preloaded using link preload but not used within a few seconds from the window's load event. Please make sure it has an appropriate `as` value and it is preloaded intentionally. @ https://sniffies.com/:0
[20385545ms] [WARNING] The resource https://sniffies.com/assets/images/vm-sprite-120px.jpg was preloaded using link preload but not used within a few seconds from the window's load event. Please make sure it has an appropriate `as` value and it is preloaded intentionally. @ https://sniffies.com/:0
[20394573ms] [WARNING] The resource https://sniffies.com/assets/images/vm-sprite-120px.jpg was preloaded using link preload but not used within a few seconds from the window's load event. Please make sure it has an appropriate `as` value and it is preloaded intentionally. @ https://sniffies.com/:0
[20400617ms] [WARNING] The resource https://sniffies.com/assets/images/vm-sprite-120px.jpg was preloaded using link preload but not used within a few seconds from the window's load event. Please make sure it has an appropriate `as` value and it is preloaded intentionally. @ https://sniffies.com/:0
[20406119ms] [WARNING] The resource https://sniffies.com/assets/images/vm-sprite-120px.jpg was preloaded using link preload but not used within a few seconds from the window's load event. Please make sure it has an appropriate `as` value and it is preloaded intentionally. @ https://sniffies.com/:0
[20410947ms] [WARNING] The resource https://sniffies.com/assets/images/vm-sprite-120px.jpg was preloaded using link preload but not used within a few seconds from the window's load event. Please make sure it has an appropriate `as` value and it is preloaded intentionally. @ https://sniffies.com/:0
[20416317ms] [WARNING] The resource https://sniffies.com/assets/images/vm-sprite-120px.jpg was preloaded using link preload but not used within a few seconds from the window's load event. Please make sure it has an appropriate `as` value and it is preloaded intentionally. @ https://sniffies.com/:0
[20426819ms] [WARNING] The resource https://sniffies.com/assets/images/vm-sprite-120px.jpg was preloaded using link preload but not used within a few seconds from the window's load event. Please make sure it has an appropriate `as` value and it is preloaded intentionally. @ https://sniffies.com/:0
[20453636ms] [WARNING] The resource https://sniffies.com/assets/images/vm-sprite-120px.jpg was preloaded using link preload but not used within a few seconds from the window's load event. Please make sure it has an appropriate `as` value and it is preloaded intentionally. @ https://sniffies.com/:0
[20462147ms] [WARNING] The resource https://sniffies.com/assets/images/vm-sprite-120px.jpg was preloaded using link preload but not used within a few seconds from the window's load event. Please make sure it has an appropriate `as` value and it is preloaded intentionally. @ https://sniffies.com/:0
[20466336ms] [WARNING] The resource https://sniffies.com/assets/images/vm-sprite-120px.jpg was preloaded using link preload but not used within a few seconds from the window's load event. Please make sure it has an appropriate `as` value and it is preloaded intentionally. @ https://sniffies.com/:0
[20475202ms] [WARNING] The resource https://sniffies.com/assets/images/vm-sprite-120px.jpg was preloaded using link preload but not used within a few seconds from the window's load event. Please make sure it has an appropriate `as` value and it is preloaded intentionally. @ https://sniffies.com/:0
[20488160ms] [WARNING] The resource https://sniffies.com/assets/images/vm-sprite-120px.jpg was preloaded using link preload but not used within a few seconds from the window's load event. Please make sure it has an appropriate `as` value and it is preloaded intentionally. @ https://sniffies.com/:0
[20494098ms] [WARNING] The resource https://sniffies.com/assets/images/vm-sprite-120px.jpg was preloaded using link preload but not used within a few seconds from the window's load event. Please make sure it has an appropriate `as` value and it is preloaded intentionally. @ https://sniffies.com/:0
[20503171ms] [WARNING] The resource https://sniffies.com/assets/images/vm-sprite-120px.jpg was preloaded using link preload but not used within a few seconds from the window's load event. Please make sure it has an appropriate `as` value and it is preloaded intentionally. @ https://sniffies.com/:0
[20509796ms] [WARNING] The resource https://sniffies.com/assets/images/vm-sprite-120px.jpg was preloaded using link preload but not used within a few seconds from the window's load event. Please make sure it has an appropriate `as` value and it is preloaded intentionally. @ https://sniffies.com/:0
[20516003ms] [WARNING] The resource https://sniffies.com/assets/images/vm-sprite-120px.jpg was preloaded using link preload but not used within a few seconds from the window's load event. Please make sure it has an appropriate `as` value and it is preloaded intentionally. @ https://sniffies.com/:0
[20526640ms] [WARNING] The resource https://sniffies.com/assets/images/vm-sprite-120px.jpg was preloaded using link preload but not used within a few seconds from the window's load event. Please make sure it has an appropriate `as` value and it is preloaded intentionally. @ https://sniffies.com/:0
[20550989ms] [WARNING] The resource https://sniffies.com/assets/images/vm-sprite-120px.jpg was preloaded using link preload but not used within a few seconds from the window's load event. Please make sure it has an appropriate `as` value and it is preloaded intentionally. @ https://sniffies.com/:0
[20570776ms] [WARNING] The resource https://sniffies.com/assets/images/vm-sprite-120px.jpg was preloaded using link preload but not used within a few seconds from the window's load event. Please make sure it has an appropriate `as` value and it is preloaded intentionally. @ https://sniffies.com/:0
[20578270ms] [WARNING] The resource https://sniffies.com/assets/images/vm-sprite-120px.jpg was preloaded using link preload but not used within a few seconds from the window's load event. Please make sure it has an appropriate `as` value and it is preloaded intentionally. @ https://sniffies.com/:0
[20592198ms] [WARNING] The resource https://sniffies.com/assets/images/vm-sprite-120px.jpg was preloaded using link preload but not used within a few seconds from the window's load event. Please make sure it has an appropriate `as` value and it is preloaded intentionally. @ https://sniffies.com/:0
[20599328ms] [WARNING] The resource https://sniffies.com/assets/images/vm-sprite-120px.jpg was preloaded using link preload but not used within a few seconds from the window's load event. Please make sure it has an appropriate `as` value and it is preloaded intentionally. @ https://sniffies.com/:0
[20610703ms] [WARNING] The resource https://sniffies.com/assets/images/vm-sprite-120px.jpg was preloaded using link preload but not used within a few seconds from the window's load event. Please make sure it has an appropriate `as` value and it is preloaded intentionally. @ https://sniffies.com/:0
[20631006ms] [WARNING] The resource https://sniffies.com/assets/images/vm-sprite-120px.jpg was preloaded using link preload but not used within a few seconds from the window's load event. Please make sure it has an appropriate `as` value and it is preloaded intentionally. @ https://sniffies.com/:0
[20642469ms] [WARNING] The resource https://sniffies.com/assets/images/vm-sprite-120px.jpg was preloaded using link preload but not used within a few seconds from the window's load event. Please make sure it has an appropriate `as` value and it is preloaded intentionally. @ https://sniffies.com/:0
[20646161ms] [WARNING] The resource https://sniffies.com/assets/images/vm-sprite-120px.jpg was preloaded using link preload but not used within a few seconds from the window's load event. Please make sure it has an appropriate `as` value and it is preloaded intentionally. @ https://sniffies.com/:0
[20654752ms] [WARNING] The resource https://sniffies.com/assets/images/vm-sprite-120px.jpg was preloaded using link preload but not used within a few seconds from the window's load event. Please make sure it has an appropriate `as` value and it is preloaded intentionally. @ https://sniffies.com/:0
[20662848ms] [WARNING] The resource https://sniffies.com/assets/images/vm-sprite-120px.jpg was preloaded using link preload but not used within a few seconds from the window's load event. Please make sure it has an appropriate `as` value and it is preloaded intentionally. @ https://sniffies.com/:0
[20668275ms] [WARNING] The resource https://sniffies.com/assets/images/vm-sprite-120px.jpg was preloaded using link preload but not used within a few seconds from the window's load event. Please make sure it has an appropriate `as` value and it is preloaded intentionally. @ https://sniffies.com/:0
[20675969ms] [WARNING] The resource https://sniffies.com/assets/images/vm-sprite-120px.jpg was preloaded using link preload but not used within a few seconds from the window's load event. Please make sure it has an appropriate `as` value and it is preloaded intentionally. @ https://sniffies.com/:0
[20690288ms] [WARNING] The resource https://sniffies.com/assets/images/vm-sprite-120px.jpg was preloaded using link preload but not used within a few seconds from the window's load event. Please make sure it has an appropriate `as` value and it is preloaded intentionally. @ https://sniffies.com/:0
[20694720ms] [WARNING] The resource https://sniffies.com/assets/images/vm-sprite-120px.jpg was preloaded using link preload but not used within a few seconds from the window's load event. Please make sure it has an appropriate `as` value and it is preloaded intentionally. @ https://sniffies.com/:0
[20701658ms] [WARNING] The resource https://sniffies.com/assets/images/vm-sprite-120px.jpg was preloaded using link preload but not used within a few seconds from the window's load event. Please make sure it has an appropriate `as` value and it is preloaded intentionally. @ https://sniffies.com/:0
[20710878ms] [WARNING] The resource https://sniffies.com/assets/images/vm-sprite-120px.jpg was preloaded using link preload but not used within a few seconds from the window's load event. Please make sure it has an appropriate `as` value and it is preloaded intentionally. @ https://sniffies.com/:0
[20733202ms] [WARNING] The resource https://sniffies.com/assets/images/vm-sprite-120px.jpg was preloaded using link preload but not used within a few seconds from the window's load event. Please make sure it has an appropriate `as` value and it is preloaded intentionally. @ https://sniffies.com/:0
[20737887ms] [WARNING] The resource https://sniffies.com/assets/images/vm-sprite-120px.jpg was preloaded using link preload but not used within a few seconds from the window's load event. Please make sure it has an appropriate `as` value and it is preloaded intentionally. @ https://sniffies.com/:0
[20744584ms] [WARNING] The resource https://sniffies.com/assets/images/vm-sprite-120px.jpg was preloaded using link preload but not used within a few seconds from the window's load event. Please make sure it has an appropriate `as` value and it is preloaded intentionally. @ https://sniffies.com/:0
[20749276ms] [WARNING] The resource https://sniffies.com/assets/images/vm-sprite-120px.jpg was preloaded using link preload but not used within a few seconds from the window's load event. Please make sure it has an appropriate `as` value and it is preloaded intentionally. @ https://sniffies.com/:0
[20752366ms] [WARNING] The resource https://sniffies.com/assets/images/vm-sprite-120px.jpg was preloaded using link preload but not used within a few seconds from the window's load event. Please make sure it has an appropriate `as` value and it is preloaded intentionally. @ https://sniffies.com/:0
[20758101ms] [WARNING] The resource https://sniffies.com/assets/images/vm-sprite-120px.jpg was preloaded using link preload but not used within a few seconds from the window's load event. Please make sure it has an appropriate `as` value and it is preloaded intentionally. @ https://sniffies.com/:0
[20765527ms] [WARNING] The resource https://sniffies.com/assets/images/vm-sprite-120px.jpg was preloaded using link preload but not used within a few seconds from the window's load event. Please make sure it has an appropriate `as` value and it is preloaded intentionally. @ https://sniffies.com/:0
[20776617ms] [WARNING] The resource https://sniffies.com/assets/images/vm-sprite-120px.jpg was preloaded using link preload but not used within a few seconds from the window's load event. Please make sure it has an appropriate `as` value and it is preloaded intentionally. @ https://sniffies.com/:0
[20784388ms] [WARNING] The resource https://sniffies.com/assets/images/vm-sprite-120px.jpg was preloaded using link preload but not used within a few seconds from the window's load event. Please make sure it has an appropriate `as` value and it is preloaded intentionally. @ https://sniffies.com/:0
[20791763ms] [WARNING] The resource https://sniffies.com/assets/images/vm-sprite-120px.jpg was preloaded using link preload but not used within a few seconds from the window's load event. Please make sure it has an appropriate `as` value and it is preloaded intentionally. @ https://sniffies.com/:0
[20800762ms] [WARNING] The resource https://sniffies.com/assets/images/vm-sprite-120px.jpg was preloaded using link preload but not used within a few seconds from the window's load event. Please make sure it has an appropriate `as` value and it is preloaded intentionally. @ https://sniffies.com/:0
[20808466ms] [WARNING] The resource https://sniffies.com/assets/images/vm-sprite-120px.jpg was preloaded using link preload but not used within a few seconds from the window's load event. Please make sure it has an appropriate `as` value and it is preloaded intentionally. @ https://sniffies.com/:0
[20812356ms] [WARNING] The resource https://sniffies.com/assets/images/vm-sprite-120px.jpg was preloaded using link preload but not used within a few seconds from the window's load event. Please make sure it has an appropriate `as` value and it is preloaded intentionally. @ https://sniffies.com/:0
[20817586ms] [WARNING] The resource https://sniffies.com/assets/images/vm-sprite-120px.jpg was preloaded using link preload but not used within a few seconds from the window's load event. Please make sure it has an appropriate `as` value and it is preloaded intentionally. @ https://sniffies.com/:0
[20823813ms] [WARNING] The resource https://sniffies.com/assets/images/vm-sprite-120px.jpg was preloaded using link preload but not used within a few seconds from the window's load event. Please make sure it has an appropriate `as` value and it is preloaded intentionally. @ https://sniffies.com/:0
[20832633ms] [WARNING] The resource https://sniffies.com/assets/images/vm-sprite-120px.jpg was preloaded using link preload but not used within a few seconds from the window's load event. Please make sure it has an appropriate `as` value and it is preloaded intentionally. @ https://sniffies.com/:0
[20838634ms] [WARNING] The resource https://sniffies.com/assets/images/vm-sprite-120px.jpg was preloaded using link preload but not used within a few seconds from the window's load event. Please make sure it has an appropriate `as` value and it is preloaded intentionally. @ https://sniffies.com/:0
[20842257ms] [WARNING] The resource https://sniffies.com/assets/images/vm-sprite-120px.jpg was preloaded using link preload but not used within a few seconds from the window's load event. Please make sure it has an appropriate `as` value and it is preloaded intentionally. @ https://sniffies.com/:0
[20858552ms] [WARNING] The resource https://sniffies.com/assets/images/vm-sprite-120px.jpg was preloaded using link preload but not used within a few seconds from the window's load event. Please make sure it has an appropriate `as` value and it is preloaded intentionally. @ https://sniffies.com/:0
[20874605ms] [WARNING] The resource https://sniffies.com/assets/images/vm-sprite-120px.jpg was preloaded using link preload but not used within a few seconds from the window's load event. Please make sure it has an appropriate `as` value and it is preloaded intentionally. @ https://sniffies.com/:0
[20880809ms] [WARNING] The resource https://sniffies.com/assets/images/vm-sprite-120px.jpg was preloaded using link preload but not used within a few seconds from the window's load event. Please make sure it has an appropriate `as` value and it is preloaded intentionally. @ https://sniffies.com/:0
[20890052ms] [WARNING] The resource https://sniffies.com/assets/images/vm-sprite-120px.jpg was preloaded using link preload but not used within a few seconds from the window's load event. Please make sure it has an appropriate `as` value and it is preloaded intentionally. @ https://sniffies.com/:0
[20895099ms] [WARNING] The resource https://sniffies.com/assets/images/vm-sprite-120px.jpg was preloaded using link preload but not used within a few seconds from the window's load event. Please make sure it has an appropriate `as` value and it is preloaded intentionally. @ https://sniffies.com/:0
[20898473ms] [WARNING] The resource https://sniffies.com/assets/images/vm-sprite-120px.jpg was preloaded using link preload but not used within a few seconds from the window's load event. Please make sure it has an appropriate `as` value and it is preloaded intentionally. @ https://sniffies.com/:0
[20903481ms] [WARNING] The resource https://sniffies.com/assets/images/vm-sprite-120px.jpg was preloaded using link preload but not used within a few seconds from the window's load event. Please make sure it has an appropriate `as` value and it is preloaded intentionally. @ https://sniffies.com/:0
[20912291ms] [WARNING] The resource https://sniffies.com/assets/images/vm-sprite-120px.jpg was preloaded using link preload but not used within a few seconds from the window's load event. Please make sure it has an appropriate `as` value and it is preloaded intentionally. @ https://sniffies.com/:0
[20918095ms] [WARNING] The resource https://sniffies.com/assets/images/vm-sprite-120px.jpg was preloaded using link preload but not used within a few seconds from the window's load event. Please make sure it has an appropriate `as` value and it is preloaded intentionally. @ https://sniffies.com/:0
[20929388ms] [WARNING] The resource https://sniffies.com/assets/images/vm-sprite-120px.jpg was preloaded using link preload but not used within a few seconds from the window's load event. Please make sure it has an appropriate `as` value and it is preloaded intentionally. @ https://sniffies.com/:0
[20933732ms] [WARNING] The resource https://sniffies.com/assets/images/vm-sprite-120px.jpg was preloaded using link preload but not used within a few seconds from the window's load event. Please make sure it has an appropriate `as` value and it is preloaded intentionally. @ https://sniffies.com/:0
[20939724ms] [WARNING] The resource https://sniffies.com/assets/images/vm-sprite-120px.jpg was preloaded using link preload but not used within a few seconds from the window's load event. Please make sure it has an appropriate `as` value and it is preloaded intentionally. @ https://sniffies.com/:0
[20952226ms] [WARNING] The resource https://sniffies.com/assets/images/vm-sprite-120px.jpg was preloaded using link preload but not used within a few seconds from the window's load event. Please make sure it has an appropriate `as` value and it is preloaded intentionally. @ https://sniffies.com/:0
[20961038ms] [WARNING] The resource https://sniffies.com/assets/images/vm-sprite-120px.jpg was preloaded using link preload but not used within a few seconds from the window's load event. Please make sure it has an appropriate `as` value and it is preloaded intentionally. @ https://sniffies.com/:0
[20968515ms] [WARNING] The resource https://sniffies.com/assets/images/vm-sprite-120px.jpg was preloaded using link preload but not used within a few seconds from the window's load event. Please make sure it has an appropriate `as` value and it is preloaded intentionally. @ https://sniffies.com/:0
[20982752ms] [WARNING] The resource https://sniffies.com/assets/images/vm-sprite-120px.jpg was preloaded using link preload but not used within a few seconds from the window's load event. Please make sure it has an appropriate `as` value and it is preloaded intentionally. @ https://sniffies.com/:0
[20991047ms] [WARNING] The resource https://sniffies.com/assets/images/vm-sprite-120px.jpg was preloaded using link preload but not used within a few seconds from the window's load event. Please make sure it has an appropriate `as` value and it is preloaded intentionally. @ https://sniffies.com/:0
[21014185ms] [WARNING] The resource https://sniffies.com/assets/images/vm-sprite-120px.jpg was preloaded using link preload but not used within a few seconds from the window's load event. Please make sure it has an appropriate `as` value and it is preloaded intentionally. @ https://sniffies.com/:0
[21031085ms] [WARNING] The resource https://sniffies.com/assets/images/vm-sprite-120px.jpg was preloaded using link preload but not used within a few seconds from the window's load event. Please make sure it has an appropriate `as` value and it is preloaded intentionally. @ https://sniffies.com/:0
[21034883ms] [WARNING] The resource https://sniffies.com/assets/images/vm-sprite-120px.jpg was preloaded using link preload but not used within a few seconds from the window's load event. Please make sure it has an appropriate `as` value and it is preloaded intentionally. @ https://sniffies.com/:0
[21042538ms] [WARNING] The resource https://sniffies.com/assets/images/vm-sprite-120px.jpg was preloaded using link preload but not used within a few seconds from the window's load event. Please make sure it has an appropriate `as` value and it is preloaded intentionally. @ https://sniffies.com/:0
[21049974ms] [WARNING] The resource https://sniffies.com/assets/images/vm-sprite-120px.jpg was preloaded using link preload but not used within a few seconds from the window's load event. Please make sure it has an appropriate `as` value and it is preloaded intentionally. @ https://sniffies.com/:0
[21062567ms] [WARNING] The resource https://sniffies.com/assets/images/vm-sprite-120px.jpg was preloaded using link preload but not used within a few seconds from the window's load event. Please make sure it has an appropriate `as` value and it is preloaded intentionally. @ https://sniffies.com/:0
[21077471ms] [WARNING] The resource https://sniffies.com/assets/images/vm-sprite-120px.jpg was preloaded using link preload but not used within a few seconds from the window's load event. Please make sure it has an appropriate `as` value and it is preloaded intentionally. @ https://sniffies.com/:0
[21093673ms] [WARNING] The resource https://sniffies.com/assets/images/vm-sprite-120px.jpg was preloaded using link preload but not used within a few seconds from the window's load event. Please make sure it has an appropriate `as` value and it is preloaded intentionally. @ https://sniffies.com/:0
[21100213ms] [WARNING] The resource https://sniffies.com/assets/images/vm-sprite-120px.jpg was preloaded using link preload but not used within a few seconds from the window's load event. Please make sure it has an appropriate `as` value and it is preloaded intentionally. @ https://sniffies.com/:0
[21106132ms] [WARNING] The resource https://sniffies.com/assets/images/vm-sprite-120px.jpg was preloaded using link preload but not used within a few seconds from the window's load event. Please make sure it has an appropriate `as` value and it is preloaded intentionally. @ https://sniffies.com/:0
[21110649ms] [WARNING] The resource https://sniffies.com/assets/images/vm-sprite-120px.jpg was preloaded using link preload but not used within a few seconds from the window's load event. Please make sure it has an appropriate `as` value and it is preloaded intentionally. @ https://sniffies.com/:0
[21123862ms] [WARNING] The resource https://sniffies.com/assets/images/vm-sprite-120px.jpg was preloaded using link preload but not used within a few seconds from the window's load event. Please make sure it has an appropriate `as` value and it is preloaded intentionally. @ https://sniffies.com/:0
[21128892ms] [WARNING] The resource https://sniffies.com/assets/images/vm-sprite-120px.jpg was preloaded using link preload but not used within a few seconds from the window's load event. Please make sure it has an appropriate `as` value and it is preloaded intentionally. @ https://sniffies.com/:0
[21138131ms] [WARNING] The resource https://sniffies.com/assets/images/vm-sprite-120px.jpg was preloaded using link preload but not used within a few seconds from the window's load event. Please make sure it has an appropriate `as` value and it is preloaded intentionally. @ https://sniffies.com/:0
[21154369ms] [WARNING] The resource https://sniffies.com/assets/images/vm-sprite-120px.jpg was preloaded using link preload but not used within a few seconds from the window's load event. Please make sure it has an appropriate `as` value and it is preloaded intentionally. @ https://sniffies.com/:0
[21161330ms] [WARNING] The resource https://sniffies.com/assets/images/vm-sprite-120px.jpg was preloaded using link preload but not used within a few seconds from the window's load event. Please make sure it has an appropriate `as` value and it is preloaded intentionally. @ https://sniffies.com/:0
[21166756ms] [WARNING] The resource https://sniffies.com/assets/images/vm-sprite-120px.jpg was preloaded using link preload but not used within a few seconds from the window's load event. Please make sure it has an appropriate `as` value and it is preloaded intentionally. @ https://sniffies.com/:0
[21186042ms] [WARNING] The resource https://sniffies.com/assets/images/vm-sprite-120px.jpg was preloaded using link preload but not used within a few seconds from the window's load event. Please make sure it has an appropriate `as` value and it is preloaded intentionally. @ https://sniffies.com/:0
[21190501ms] [WARNING] The resource https://sniffies.com/assets/images/vm-sprite-120px.jpg was preloaded using link preload but not used within a few seconds from the window's load event. Please make sure it has an appropriate `as` value and it is preloaded intentionally. @ https://sniffies.com/:0
[21206267ms] [WARNING] The resource https://sniffies.com/assets/images/vm-sprite-120px.jpg was preloaded using link preload but not used within a few seconds from the window's load event. Please make sure it has an appropriate `as` value and it is preloaded intentionally. @ https://sniffies.com/:0
[21212531ms] [WARNING] The resource https://sniffies.com/assets/images/vm-sprite-120px.jpg was preloaded using link preload but not used within a few seconds from the window's load event. Please make sure it has an appropriate `as` value and it is preloaded intentionally. @ https://sniffies.com/:0
[21218828ms] [WARNING] The resource https://sniffies.com/assets/images/vm-sprite-120px.jpg was preloaded using link preload but not used within a few seconds from the window's load event. Please make sure it has an appropriate `as` value and it is preloaded intentionally. @ https://sniffies.com/:0
[21234854ms] [WARNING] The resource https://sniffies.com/assets/images/vm-sprite-120px.jpg was preloaded using link preload but not used within a few seconds from the window's load event. Please make sure it has an appropriate `as` value and it is preloaded intentionally. @ https://sniffies.com/:0
[21245786ms] [WARNING] The resource https://sniffies.com/assets/images/vm-sprite-120px.jpg was preloaded using link preload but not used within a few seconds from the window's load event. Please make sure it has an appropriate `as` value and it is preloaded intentionally. @ https://sniffies.com/:0
[21253977ms] [WARNING] The resource https://sniffies.com/assets/images/vm-sprite-120px.jpg was preloaded using link preload but not used within a few seconds from the window's load event. Please make sure it has an appropriate `as` value and it is preloaded intentionally. @ https://sniffies.com/:0
[21268466ms] [WARNING] The resource https://sniffies.com/assets/images/vm-sprite-120px.jpg was preloaded using link preload but not used within a few seconds from the window's load event. Please make sure it has an appropriate `as` value and it is preloaded intentionally. @ https://sniffies.com/:0
[21280121ms] [WARNING] The resource https://sniffies.com/assets/images/vm-sprite-120px.jpg was preloaded using link preload but not used within a few seconds from the window's load event. Please make sure it has an appropriate `as` value and it is preloaded intentionally. @ https://sniffies.com/:0
[21284606ms] [WARNING] The resource https://sniffies.com/assets/images/vm-sprite-120px.jpg was preloaded using link preload but not used within a few seconds from the window's load event. Please make sure it has an appropriate `as` value and it is preloaded intentionally. @ https://sniffies.com/:0
[21290680ms] [WARNING] The resource https://sniffies.com/assets/images/vm-sprite-120px.jpg was preloaded using link preload but not used within a few seconds from the window's load event. Please make sure it has an appropriate `as` value and it is preloaded intentionally. @ https://sniffies.com/:0
[21296589ms] [WARNING] The resource https://sniffies.com/assets/images/vm-sprite-120px.jpg was preloaded using link preload but not used within a few seconds from the window's load event. Please make sure it has an appropriate `as` value and it is preloaded intentionally. @ https://sniffies.com/:0
[21317911ms] [WARNING] The resource https://sniffies.com/assets/images/vm-sprite-120px.jpg was preloaded using link preload but not used within a few seconds from the window's load event. Please make sure it has an appropriate `as` value and it is preloaded intentionally. @ https://sniffies.com/:0
[21327013ms] [WARNING] The resource https://sniffies.com/assets/images/vm-sprite-120px.jpg was preloaded using link preload but not used within a few seconds from the window's load event. Please make sure it has an appropriate `as` value and it is preloaded intentionally. @ https://sniffies.com/:0
[21331403ms] [WARNING] The resource https://sniffies.com/assets/images/vm-sprite-120px.jpg was preloaded using link preload but not used within a few seconds from the window's load event. Please make sure it has an appropriate `as` value and it is preloaded intentionally. @ https://sniffies.com/:0
[21339493ms] [WARNING] The resource https://sniffies.com/assets/images/vm-sprite-120px.jpg was preloaded using link preload but not used within a few seconds from the window's load event. Please make sure it has an appropriate `as` value and it is preloaded intentionally. @ https://sniffies.com/:0
[21346780ms] [WARNING] The resource https://sniffies.com/assets/images/vm-sprite-120px.jpg was preloaded using link preload but not used within a few seconds from the window's load event. Please make sure it has an appropriate `as` value and it is preloaded intentionally. @ https://sniffies.com/:0
[21351781ms] [WARNING] The resource https://sniffies.com/assets/images/vm-sprite-120px.jpg was preloaded using link preload but not used within a few seconds from the window's load event. Please make sure it has an appropriate `as` value and it is preloaded intentionally. @ https://sniffies.com/:0
[21365359ms] [WARNING] The resource https://sniffies.com/assets/images/vm-sprite-120px.jpg was preloaded using link preload but not used within a few seconds from the window's load event. Please make sure it has an appropriate `as` value and it is preloaded intentionally. @ https://sniffies.com/:0
[21372995ms] [WARNING] The resource https://sniffies.com/assets/images/vm-sprite-120px.jpg was preloaded using link preload but not used within a few seconds from the window's load event. Please make sure it has an appropriate `as` value and it is preloaded intentionally. @ https://sniffies.com/:0
[21377861ms] [WARNING] The resource https://sniffies.com/assets/images/vm-sprite-120px.jpg was preloaded using link preload but not used within a few seconds from the window's load event. Please make sure it has an appropriate `as` value and it is preloaded intentionally. @ https://sniffies.com/:0
[21389555ms] [WARNING] The resource https://sniffies.com/assets/images/vm-sprite-120px.jpg was preloaded using link preload but not used within a few seconds from the window's load event. Please make sure it has an appropriate `as` value and it is preloaded intentionally. @ https://sniffies.com/:0
[21397902ms] [WARNING] The resource https://sniffies.com/assets/images/vm-sprite-120px.jpg was preloaded using link preload but not used within a few seconds from the window's load event. Please make sure it has an appropriate `as` value and it is preloaded intentionally. @ https://sniffies.com/:0
[21404777ms] [WARNING] The resource https://sniffies.com/assets/images/vm-sprite-120px.jpg was preloaded using link preload but not used within a few seconds from the window's load event. Please make sure it has an appropriate `as` value and it is preloaded intentionally. @ https://sniffies.com/:0
[21412082ms] [WARNING] The resource https://sniffies.com/assets/images/vm-sprite-120px.jpg was preloaded using link preload but not used within a few seconds from the window's load event. Please make sure it has an appropriate `as` value and it is preloaded intentionally. @ https://sniffies.com/:0
[21417114ms] [WARNING] The resource https://sniffies.com/assets/images/vm-sprite-120px.jpg was preloaded using link preload but not used within a few seconds from the window's load event. Please make sure it has an appropriate `as` value and it is preloaded intentionally. @ https://sniffies.com/:0
[21427671ms] [WARNING] The resource https://sniffies.com/assets/images/vm-sprite-120px.jpg was preloaded using link preload but not used within a few seconds from the window's load event. Please make sure it has an appropriate `as` value and it is preloaded intentionally. @ https://sniffies.com/:0
[21436998ms] [WARNING] The resource https://sniffies.com/assets/images/vm-sprite-120px.jpg was preloaded using link preload but not used within a few seconds from the window's load event. Please make sure it has an appropriate `as` value and it is preloaded intentionally. @ https://sniffies.com/:0
[21444996ms] [WARNING] The resource https://sniffies.com/assets/images/vm-sprite-120px.jpg was preloaded using link preload but not used within a few seconds from the window's load event. Please make sure it has an appropriate `as` value and it is preloaded intentionally. @ https://sniffies.com/:0
[21454644ms] [WARNING] The resource https://sniffies.com/assets/images/vm-sprite-120px.jpg was preloaded using link preload but not used within a few seconds from the window's load event. Please make sure it has an appropriate `as` value and it is preloaded intentionally. @ https://sniffies.com/:0
[21461064ms] [WARNING] The resource https://sniffies.com/assets/images/vm-sprite-120px.jpg was preloaded using link preload but not used within a few seconds from the window's load event. Please make sure it has an appropriate `as` value and it is preloaded intentionally. @ https://sniffies.com/:0
[21464961ms] [WARNING] The resource https://sniffies.com/assets/images/vm-sprite-120px.jpg was preloaded using link preload but not used within a few seconds from the window's load event. Please make sure it has an appropriate `as` value and it is preloaded intentionally. @ https://sniffies.com/:0
[21485033ms] [WARNING] The resource https://sniffies.com/assets/images/vm-sprite-120px.jpg was preloaded using link preload but not used within a few seconds from the window's load event. Please make sure it has an appropriate `as` value and it is preloaded intentionally. @ https://sniffies.com/:0
[21496267ms] [WARNING] The resource https://sniffies.com/assets/images/vm-sprite-120px.jpg was preloaded using link preload but not used within a few seconds from the window's load event. Please make sure it has an appropriate `as` value and it is preloaded intentionally. @ https://sniffies.com/:0
[21504377ms] [WARNING] The resource https://sniffies.com/assets/images/vm-sprite-120px.jpg was preloaded using link preload but not used within a few seconds from the window's load event. Please make sure it has an appropriate `as` value and it is preloaded intentionally. @ https://sniffies.com/:0
[21508601ms] [WARNING] The resource https://sniffies.com/assets/images/vm-sprite-120px.jpg was preloaded using link preload but not used within a few seconds from the window's load event. Please make sure it has an appropriate `as` value and it is preloaded intentionally. @ https://sniffies.com/:0
[21514185ms] [WARNING] The resource https://sniffies.com/assets/images/vm-sprite-120px.jpg was preloaded using link preload but not used within a few seconds from the window's load event. Please make sure it has an appropriate `as` value and it is preloaded intentionally. @ https://sniffies.com/:0
[21522846ms] [WARNING] The resource https://sniffies.com/assets/images/vm-sprite-120px.jpg was preloaded using link preload but not used within a few seconds from the window's load event. Please make sure it has an appropriate `as` value and it is preloaded intentionally. @ https://sniffies.com/:0
[21528317ms] [WARNING] The resource https://sniffies.com/assets/images/vm-sprite-120px.jpg was preloaded using link preload but not used within a few seconds from the window's load event. Please make sure it has an appropriate `as` value and it is preloaded intentionally. @ https://sniffies.com/:0
[21535007ms] [WARNING] The resource https://sniffies.com/assets/images/vm-sprite-120px.jpg was preloaded using link preload but not used within a few seconds from the window's load event. Please make sure it has an appropriate `as` value and it is preloaded intentionally. @ https://sniffies.com/:0
[21543672ms] [WARNING] The resource https://sniffies.com/assets/images/vm-sprite-120px.jpg was preloaded using link preload but not used within a few seconds from the window's load event. Please make sure it has an appropriate `as` value and it is preloaded intentionally. @ https://sniffies.com/:0
[21548986ms] [WARNING] The resource https://sniffies.com/assets/images/vm-sprite-120px.jpg was preloaded using link preload but not used within a few seconds from the window's load event. Please make sure it has an appropriate `as` value and it is preloaded intentionally. @ https://sniffies.com/:0
[21556746ms] [WARNING] The resource https://sniffies.com/assets/images/vm-sprite-120px.jpg was preloaded using link preload but not used within a few seconds from the window's load event. Please make sure it has an appropriate `as` value and it is preloaded intentionally. @ https://sniffies.com/:0
[21570094ms] [WARNING] The resource https://sniffies.com/assets/images/vm-sprite-120px.jpg was preloaded using link preload but not used within a few seconds from the window's load event. Please make sure it has an appropriate `as` value and it is preloaded intentionally. @ https://sniffies.com/:0
[21579742ms] [WARNING] The resource https://sniffies.com/assets/images/vm-sprite-120px.jpg was preloaded using link preload but not used within a few seconds from the window's load event. Please make sure it has an appropriate `as` value and it is preloaded intentionally. @ https://sniffies.com/:0
[21584168ms] [WARNING] The resource https://sniffies.com/assets/images/vm-sprite-120px.jpg was preloaded using link preload but not used within a few seconds from the window's load event. Please make sure it has an appropriate `as` value and it is preloaded intentionally. @ https://sniffies.com/:0
[21590403ms] [WARNING] The resource https://sniffies.com/assets/images/vm-sprite-120px.jpg was preloaded using link preload but not used within a few seconds from the window's load event. Please make sure it has an appropriate `as` value and it is preloaded intentionally. @ https://sniffies.com/:0
[21597954ms] [WARNING] The resource https://sniffies.com/assets/images/vm-sprite-120px.jpg was preloaded using link preload but not used within a few seconds from the window's load event. Please make sure it has an appropriate `as` value and it is preloaded intentionally. @ https://sniffies.com/:0
[21605319ms] [WARNING] The resource https://sniffies.com/assets/images/vm-sprite-120px.jpg was preloaded using link preload but not used within a few seconds from the window's load event. Please make sure it has an appropriate `as` value and it is preloaded intentionally. @ https://sniffies.com/:0
[21609421ms] [WARNING] The resource https://sniffies.com/assets/images/vm-sprite-120px.jpg was preloaded using link preload but not used within a few seconds from the window's load event. Please make sure it has an appropriate `as` value and it is preloaded intentionally. @ https://sniffies.com/:0
[21627842ms] [WARNING] The resource https://sniffies.com/assets/images/vm-sprite-120px.jpg was preloaded using link preload but not used within a few seconds from the window's load event. Please make sure it has an appropriate `as` value and it is preloaded intentionally. @ https://sniffies.com/:0
[21640753ms] [WARNING] The resource https://sniffies.com/assets/images/vm-sprite-120px.jpg was preloaded using link preload but not used within a few seconds from the window's load event. Please make sure it has an appropriate `as` value and it is preloaded intentionally. @ https://sniffies.com/:0
[21647525ms] [WARNING] The resource https://sniffies.com/assets/images/vm-sprite-120px.jpg was preloaded using link preload but not used within a few seconds from the window's load event. Please make sure it has an appropriate `as` value and it is preloaded intentionally. @ https://sniffies.com/:0
[21651708ms] [WARNING] The resource https://sniffies.com/assets/images/vm-sprite-120px.jpg was preloaded using link preload but not used within a few seconds from the window's load event. Please make sure it has an appropriate `as` value and it is preloaded intentionally. @ https://sniffies.com/:0
[21658671ms] [WARNING] The resource https://sniffies.com/assets/images/vm-sprite-120px.jpg was preloaded using link preload but not used within a few seconds from the window's load event. Please make sure it has an appropriate `as` value and it is preloaded intentionally. @ https://sniffies.com/:0
[21665648ms] [WARNING] The resource https://sniffies.com/assets/images/vm-sprite-120px.jpg was preloaded using link preload but not used within a few seconds from the window's load event. Please make sure it has an appropriate `as` value and it is preloaded intentionally. @ https://sniffies.com/:0
[21671752ms] [WARNING] The resource https://sniffies.com/assets/images/vm-sprite-120px.jpg was preloaded using link preload but not used within a few seconds from the window's load event. Please make sure it has an appropriate `as` value and it is preloaded intentionally. @ https://sniffies.com/:0
[21683456ms] [WARNING] The resource https://sniffies.com/assets/images/vm-sprite-120px.jpg was preloaded using link preload but not used within a few seconds from the window's load event. Please make sure it has an appropriate `as` value and it is preloaded intentionally. @ https://sniffies.com/:0
[21691122ms] [WARNING] The resource https://sniffies.com/assets/images/vm-sprite-120px.jpg was preloaded using link preload but not used within a few seconds from the window's load event. Please make sure it has an appropriate `as` value and it is preloaded intentionally. @ https://sniffies.com/:0
[21697663ms] [WARNING] The resource https://sniffies.com/assets/images/vm-sprite-120px.jpg was preloaded using link preload but not used within a few seconds from the window's load event. Please make sure it has an appropriate `as` value and it is preloaded intentionally. @ https://sniffies.com/:0
[21712340ms] [WARNING] The resource https://sniffies.com/assets/images/vm-sprite-120px.jpg was preloaded using link preload but not used within a few seconds from the window's load event. Please make sure it has an appropriate `as` value and it is preloaded intentionally. @ https://sniffies.com/:0
[21726970ms] [WARNING] The resource https://sniffies.com/assets/images/vm-sprite-120px.jpg was preloaded using link preload but not used within a few seconds from the window's load event. Please make sure it has an appropriate `as` value and it is preloaded intentionally. @ https://sniffies.com/:0
[21737115ms] [WARNING] The resource https://sniffies.com/assets/images/vm-sprite-120px.jpg was preloaded using link preload but not used within a few seconds from the window's load event. Please make sure it has an appropriate `as` value and it is preloaded intentionally. @ https://sniffies.com/:0
[21742369ms] [WARNING] The resource https://sniffies.com/assets/images/vm-sprite-120px.jpg was preloaded using link preload but not used within a few seconds from the window's load event. Please make sure it has an appropriate `as` value and it is preloaded intentionally. @ https://sniffies.com/:0
[21758180ms] [WARNING] The resource https://sniffies.com/assets/images/vm-sprite-120px.jpg was preloaded using link preload but not used within a few seconds from the window's load event. Please make sure it has an appropriate `as` value and it is preloaded intentionally. @ https://sniffies.com/:0
[21793730ms] [WARNING] The resource https://sniffies.com/assets/images/vm-sprite-120px.jpg was preloaded using link preload but not used within a few seconds from the window's load event. Please make sure it has an appropriate `as` value and it is preloaded intentionally. @ https://sniffies.com/:0
[21797894ms] [WARNING] The resource https://sniffies.com/assets/images/vm-sprite-120px.jpg was preloaded using link preload but not used within a few seconds from the window's load event. Please make sure it has an appropriate `as` value and it is preloaded intentionally. @ https://sniffies.com/:0
[21809336ms] [WARNING] The resource https://sniffies.com/assets/images/vm-sprite-120px.jpg was preloaded using link preload but not used within a few seconds from the window's load event. Please make sure it has an appropriate `as` value and it is preloaded intentionally. @ https://sniffies.com/:0
[21813502ms] [WARNING] The resource https://sniffies.com/assets/images/vm-sprite-120px.jpg was preloaded using link preload but not used within a few seconds from the window's load event. Please make sure it has an appropriate `as` value and it is preloaded intentionally. @ https://sniffies.com/:0
[21825092ms] [WARNING] The resource https://sniffies.com/assets/images/vm-sprite-120px.jpg was preloaded using link preload but not used within a few seconds from the window's load event. Please make sure it has an appropriate `as` value and it is preloaded intentionally. @ https://sniffies.com/:0
[21834337ms] [WARNING] The resource https://sniffies.com/assets/images/vm-sprite-120px.jpg was preloaded using link preload but not used within a few seconds from the window's load event. Please make sure it has an appropriate `as` value and it is preloaded intentionally. @ https://sniffies.com/:0
[21838693ms] [WARNING] The resource https://sniffies.com/assets/images/vm-sprite-120px.jpg was preloaded using link preload but not used within a few seconds from the window's load event. Please make sure it has an appropriate `as` value and it is preloaded intentionally. @ https://sniffies.com/:0
[21842215ms] [WARNING] The resource https://sniffies.com/assets/images/vm-sprite-120px.jpg was preloaded using link preload but not used within a few seconds from the window's load event. Please make sure it has an appropriate `as` value and it is preloaded intentionally. @ https://sniffies.com/:0
[21848638ms] [WARNING] The resource https://sniffies.com/assets/images/vm-sprite-120px.jpg was preloaded using link preload but not used within a few seconds from the window's load event. Please make sure it has an appropriate `as` value and it is preloaded intentionally. @ https://sniffies.com/:0
[21854669ms] [WARNING] The resource https://sniffies.com/assets/images/vm-sprite-120px.jpg was preloaded using link preload but not used within a few seconds from the window's load event. Please make sure it has an appropriate `as` value and it is preloaded intentionally. @ https://sniffies.com/:0
[21867787ms] [WARNING] The resource https://sniffies.com/assets/images/vm-sprite-120px.jpg was preloaded using link preload but not used within a few seconds from the window's load event. Please make sure it has an appropriate `as` value and it is preloaded intentionally. @ https://sniffies.com/:0
[21881157ms] [WARNING] The resource https://sniffies.com/assets/images/vm-sprite-120px.jpg was preloaded using link preload but not used within a few seconds from the window's load event. Please make sure it has an appropriate `as` value and it is preloaded intentionally. @ https://sniffies.com/:0
[21885904ms] [WARNING] The resource https://sniffies.com/assets/images/vm-sprite-120px.jpg was preloaded using link preload but not used within a few seconds from the window's load event. Please make sure it has an appropriate `as` value and it is preloaded intentionally. @ https://sniffies.com/:0
[21903771ms] [WARNING] The resource https://sniffies.com/assets/images/vm-sprite-120px.jpg was preloaded using link preload but not used within a few seconds from the window's load event. Please make sure it has an appropriate `as` value and it is preloaded intentionally. @ https://sniffies.com/:0
[21907208ms] [WARNING] The resource https://sniffies.com/assets/images/vm-sprite-120px.jpg was preloaded using link preload but not used within a few seconds from the window's load event. Please make sure it has an appropriate `as` value and it is preloaded intentionally. @ https://sniffies.com/:0
[21921429ms] [WARNING] The resource https://sniffies.com/assets/images/vm-sprite-120px.jpg was preloaded using link preload but not used within a few seconds from the window's load event. Please make sure it has an appropriate `as` value and it is preloaded intentionally. @ https://sniffies.com/:0
[21928953ms] [WARNING] The resource https://sniffies.com/assets/images/vm-sprite-120px.jpg was preloaded using link preload but not used within a few seconds from the window's load event. Please make sure it has an appropriate `as` value and it is preloaded intentionally. @ https://sniffies.com/:0
[21935140ms] [WARNING] The resource https://sniffies.com/assets/images/vm-sprite-120px.jpg was preloaded using link preload but not used within a few seconds from the window's load event. Please make sure it has an appropriate `as` value and it is preloaded intentionally. @ https://sniffies.com/:0
[21939817ms] [WARNING] The resource https://sniffies.com/assets/images/vm-sprite-120px.jpg was preloaded using link preload but not used within a few seconds from the window's load event. Please make sure it has an appropriate `as` value and it is preloaded intentionally. @ https://sniffies.com/:0
[21945026ms] [WARNING] The resource https://sniffies.com/assets/images/vm-sprite-120px.jpg was preloaded using link preload but not used within a few seconds from the window's load event. Please make sure it has an appropriate `as` value and it is preloaded intentionally. @ https://sniffies.com/:0
[21949976ms] [WARNING] The resource https://sniffies.com/assets/images/vm-sprite-120px.jpg was preloaded using link preload but not used within a few seconds from the window's load event. Please make sure it has an appropriate `as` value and it is preloaded intentionally. @ https://sniffies.com/:0
[21971723ms] [WARNING] The resource https://sniffies.com/assets/images/vm-sprite-120px.jpg was preloaded using link preload but not used within a few seconds from the window's load event. Please make sure it has an appropriate `as` value and it is preloaded intentionally. @ https://sniffies.com/:0
[21978652ms] [WARNING] The resource https://sniffies.com/assets/images/vm-sprite-120px.jpg was preloaded using link preload but not used within a few seconds from the window's load event. Please make sure it has an appropriate `as` value and it is preloaded intentionally. @ https://sniffies.com/:0
[21986767ms] [WARNING] The resource https://sniffies.com/assets/images/vm-sprite-120px.jpg was preloaded using link preload but not used within a few seconds from the window's load event. Please make sure it has an appropriate `as` value and it is preloaded intentionally. @ https://sniffies.com/:0
[21998334ms] [WARNING] The resource https://sniffies.com/assets/images/vm-sprite-120px.jpg was preloaded using link preload but not used within a few seconds from the window's load event. Please make sure it has an appropriate `as` value and it is preloaded intentionally. @ https://sniffies.com/:0
[22004286ms] [WARNING] The resource https://sniffies.com/assets/images/vm-sprite-120px.jpg was preloaded using link preload but not used within a few seconds from the window's load event. Please make sure it has an appropriate `as` value and it is preloaded intentionally. @ https://sniffies.com/:0
[22017263ms] [WARNING] The resource https://sniffies.com/assets/images/vm-sprite-120px.jpg was preloaded using link preload but not used within a few seconds from the window's load event. Please make sure it has an appropriate `as` value and it is preloaded intentionally. @ https://sniffies.com/:0
[22025524ms] [WARNING] The resource https://sniffies.com/assets/images/vm-sprite-120px.jpg was preloaded using link preload but not used within a few seconds from the window's load event. Please make sure it has an appropriate `as` value and it is preloaded intentionally. @ https://sniffies.com/:0
[22035685ms] [WARNING] The resource https://sniffies.com/assets/images/vm-sprite-120px.jpg was preloaded using link preload but not used within a few seconds from the window's load event. Please make sure it has an appropriate `as` value and it is preloaded intentionally. @ https://sniffies.com/:0
[22045778ms] [WARNING] The resource https://sniffies.com/assets/images/vm-sprite-120px.jpg was preloaded using link preload but not used within a few seconds from the window's load event. Please make sure it has an appropriate `as` value and it is preloaded intentionally. @ https://sniffies.com/:0
[22067255ms] [WARNING] The resource https://sniffies.com/assets/images/vm-sprite-120px.jpg was preloaded using link preload but not used within a few seconds from the window's load event. Please make sure it has an appropriate `as` value and it is preloaded intentionally. @ https://sniffies.com/:0
[22071344ms] [WARNING] The resource https://sniffies.com/assets/images/vm-sprite-120px.jpg was preloaded using link preload but not used within a few seconds from the window's load event. Please make sure it has an appropriate `as` value and it is preloaded intentionally. @ https://sniffies.com/:0
[22079626ms] [WARNING] The resource https://sniffies.com/assets/images/vm-sprite-120px.jpg was preloaded using link preload but not used within a few seconds from the window's load event. Please make sure it has an appropriate `as` value and it is preloaded intentionally. @ https://sniffies.com/:0
[22106263ms] [WARNING] The resource https://sniffies.com/assets/images/vm-sprite-120px.jpg was preloaded using link preload but not used within a few seconds from the window's load event. Please make sure it has an appropriate `as` value and it is preloaded intentionally. @ https://sniffies.com/:0
[22111604ms] [WARNING] The resource https://sniffies.com/assets/images/vm-sprite-120px.jpg was preloaded using link preload but not used within a few seconds from the window's load event. Please make sure it has an appropriate `as` value and it is preloaded intentionally. @ https://sniffies.com/:0
[22125921ms] [WARNING] The resource https://sniffies.com/assets/images/vm-sprite-120px.jpg was preloaded using link preload but not used within a few seconds from the window's load event. Please make sure it has an appropriate `as` value and it is preloaded intentionally. @ https://sniffies.com/:0
[22135763ms] [WARNING] The resource https://sniffies.com/assets/images/vm-sprite-120px.jpg was preloaded using link preload but not used within a few seconds from the window's load event. Please make sure it has an appropriate `as` value and it is preloaded intentionally. @ https://sniffies.com/:0
[22145813ms] [WARNING] The resource https://sniffies.com/assets/images/vm-sprite-120px.jpg was preloaded using link preload but not used within a few seconds from the window's load event. Please make sure it has an appropriate `as` value and it is preloaded intentionally. @ https://sniffies.com/:0
[22153468ms] [WARNING] The resource https://sniffies.com/assets/images/vm-sprite-120px.jpg was preloaded using link preload but not used within a few seconds from the window's load event. Please make sure it has an appropriate `as` value and it is preloaded intentionally. @ https://sniffies.com/:0
[22170686ms] [WARNING] The resource https://sniffies.com/assets/images/vm-sprite-120px.jpg was preloaded using link preload but not used within a few seconds from the window's load event. Please make sure it has an appropriate `as` value and it is preloaded intentionally. @ https://sniffies.com/:0
[22178545ms] [WARNING] The resource https://sniffies.com/assets/images/vm-sprite-120px.jpg was preloaded using link preload but not used within a few seconds from the window's load event. Please make sure it has an appropriate `as` value and it is preloaded intentionally. @ https://sniffies.com/:0
[22189521ms] [WARNING] The resource https://sniffies.com/assets/images/vm-sprite-120px.jpg was preloaded using link preload but not used within a few seconds from the window's load event. Please make sure it has an appropriate `as` value and it is preloaded intentionally. @ https://sniffies.com/:0
[22198084ms] [WARNING] The resource https://sniffies.com/assets/images/vm-sprite-120px.jpg was preloaded using link preload but not used within a few seconds from the window's load event. Please make sure it has an appropriate `as` value and it is preloaded intentionally. @ https://sniffies.com/:0
[22209998ms] [WARNING] The resource https://sniffies.com/assets/images/vm-sprite-120px.jpg was preloaded using link preload but not used within a few seconds from the window's load event. Please make sure it has an appropriate `as` value and it is preloaded intentionally. @ https://sniffies.com/:0
[22218497ms] [WARNING] The resource https://sniffies.com/assets/images/vm-sprite-120px.jpg was preloaded using link preload but not used within a few seconds from the window's load event. Please make sure it has an appropriate `as` value and it is preloaded intentionally. @ https://sniffies.com/:0
[22222294ms] [WARNING] The resource https://sniffies.com/assets/images/vm-sprite-120px.jpg was preloaded using link preload but not used within a few seconds from the window's load event. Please make sure it has an appropriate `as` value and it is preloaded intentionally. @ https://sniffies.com/:0
[22235994ms] [WARNING] The resource https://sniffies.com/assets/images/vm-sprite-120px.jpg was preloaded using link preload but not used within a few seconds from the window's load event. Please make sure it has an appropriate `as` value and it is preloaded intentionally. @ https://sniffies.com/:0
[22279119ms] [WARNING] The resource https://sniffies.com/assets/images/vm-sprite-120px.jpg was preloaded using link preload but not used within a few seconds from the window's load event. Please make sure it has an appropriate `as` value and it is preloaded intentionally. @ https://sniffies.com/:0
[22285858ms] [WARNING] The resource https://sniffies.com/assets/images/vm-sprite-120px.jpg was preloaded using link preload but not used within a few seconds from the window's load event. Please make sure it has an appropriate `as` value and it is preloaded intentionally. @ https://sniffies.com/:0
[22291298ms] [WARNING] The resource https://sniffies.com/assets/images/vm-sprite-120px.jpg was preloaded using link preload but not used within a few seconds from the window's load event. Please make sure it has an appropriate `as` value and it is preloaded intentionally. @ https://sniffies.com/:0
[22295991ms] [WARNING] The resource https://sniffies.com/assets/images/vm-sprite-120px.jpg was preloaded using link preload but not used within a few seconds from the window's load event. Please make sure it has an appropriate `as` value and it is preloaded intentionally. @ https://sniffies.com/:0
[22336968ms] [WARNING] The resource https://sniffies.com/assets/images/vm-sprite-120px.jpg was preloaded using link preload but not used within a few seconds from the window's load event. Please make sure it has an appropriate `as` value and it is preloaded intentionally. @ https://sniffies.com/:0
[22348232ms] [WARNING] The resource https://sniffies.com/assets/images/vm-sprite-120px.jpg was preloaded using link preload but not used within a few seconds from the window's load event. Please make sure it has an appropriate `as` value and it is preloaded intentionally. @ https://sniffies.com/:0
[22352219ms] [WARNING] The resource https://sniffies.com/assets/images/vm-sprite-120px.jpg was preloaded using link preload but not used within a few seconds from the window's load event. Please make sure it has an appropriate `as` value and it is preloaded intentionally. @ https://sniffies.com/:0
[22356948ms] [WARNING] The resource https://sniffies.com/assets/images/vm-sprite-120px.jpg was preloaded using link preload but not used within a few seconds from the window's load event. Please make sure it has an appropriate `as` value and it is preloaded intentionally. @ https://sniffies.com/:0
[22364206ms] [WARNING] The resource https://sniffies.com/assets/images/vm-sprite-120px.jpg was preloaded using link preload but not used within a few seconds from the window's load event. Please make sure it has an appropriate `as` value and it is preloaded intentionally. @ https://sniffies.com/:0
[22374252ms] [WARNING] The resource https://sniffies.com/assets/images/vm-sprite-120px.jpg was preloaded using link preload but not used within a few seconds from the window's load event. Please make sure it has an appropriate `as` value and it is preloaded intentionally. @ https://sniffies.com/:0
[22378745ms] [WARNING] The resource https://sniffies.com/assets/images/vm-sprite-120px.jpg was preloaded using link preload but not used within a few seconds from the window's load event. Please make sure it has an appropriate `as` value and it is preloaded intentionally. @ https://sniffies.com/:0
[22384279ms] [WARNING] The resource https://sniffies.com/assets/images/vm-sprite-120px.jpg was preloaded using link preload but not used within a few seconds from the window's load event. Please make sure it has an appropriate `as` value and it is preloaded intentionally. @ https://sniffies.com/:0
[22390129ms] [WARNING] The resource https://sniffies.com/assets/images/vm-sprite-120px.jpg was preloaded using link preload but not used within a few seconds from the window's load event. Please make sure it has an appropriate `as` value and it is preloaded intentionally. @ https://sniffies.com/:0
[22400853ms] [WARNING] The resource https://sniffies.com/assets/images/vm-sprite-120px.jpg was preloaded using link preload but not used within a few seconds from the window's load event. Please make sure it has an appropriate `as` value and it is preloaded intentionally. @ https://sniffies.com/:0
[22407729ms] [WARNING] The resource https://sniffies.com/assets/images/vm-sprite-120px.jpg was preloaded using link preload but not used within a few seconds from the window's load event. Please make sure it has an appropriate `as` value and it is preloaded intentionally. @ https://sniffies.com/:0
[22415940ms] [WARNING] The resource https://sniffies.com/assets/images/vm-sprite-120px.jpg was preloaded using link preload but not used within a few seconds from the window's load event. Please make sure it has an appropriate `as` value and it is preloaded intentionally. @ https://sniffies.com/:0
[22420117ms] [WARNING] The resource https://sniffies.com/assets/images/vm-sprite-120px.jpg was preloaded using link preload but not used within a few seconds from the window's load event. Please make sure it has an appropriate `as` value and it is preloaded intentionally. @ https://sniffies.com/:0
[22431374ms] [WARNING] The resource https://sniffies.com/assets/images/vm-sprite-120px.jpg was preloaded using link preload but not used within a few seconds from the window's load event. Please make sure it has an appropriate `as` value and it is preloaded intentionally. @ https://sniffies.com/:0
[22443391ms] [WARNING] The resource https://sniffies.com/assets/images/vm-sprite-120px.jpg was preloaded using link preload but not used within a few seconds from the window's load event. Please make sure it has an appropriate `as` value and it is preloaded intentionally. @ https://sniffies.com/:0
[22448935ms] [WARNING] The resource https://sniffies.com/assets/images/vm-sprite-120px.jpg was preloaded using link preload but not used within a few seconds from the window's load event. Please make sure it has an appropriate `as` value and it is preloaded intentionally. @ https://sniffies.com/:0
[22459980ms] [WARNING] The resource https://sniffies.com/assets/images/vm-sprite-120px.jpg was preloaded using link preload but not used within a few seconds from the window's load event. Please make sure it has an appropriate `as` value and it is preloaded intentionally. @ https://sniffies.com/:0
[22467941ms] [WARNING] The resource https://sniffies.com/assets/images/vm-sprite-120px.jpg was preloaded using link preload but not used within a few seconds from the window's load event. Please make sure it has an appropriate `as` value and it is preloaded intentionally. @ https://sniffies.com/:0
[22471838ms] [WARNING] The resource https://sniffies.com/assets/images/vm-sprite-120px.jpg was preloaded using link preload but not used within a few seconds from the window's load event. Please make sure it has an appropriate `as` value and it is preloaded intentionally. @ https://sniffies.com/:0
[22478660ms] [WARNING] The resource https://sniffies.com/assets/images/vm-sprite-120px.jpg was preloaded using link preload but not used within a few seconds from the window's load event. Please make sure it has an appropriate `as` value and it is preloaded intentionally. @ https://sniffies.com/:0
[22485625ms] [WARNING] The resource https://sniffies.com/assets/images/vm-sprite-120px.jpg was preloaded using link preload but not used within a few seconds from the window's load event. Please make sure it has an appropriate `as` value and it is preloaded intentionally. @ https://sniffies.com/:0
[22489067ms] [WARNING] The resource https://sniffies.com/assets/images/vm-sprite-120px.jpg was preloaded using link preload but not used within a few seconds from the window's load event. Please make sure it has an appropriate `as` value and it is preloaded intentionally. @ https://sniffies.com/:0
[22496560ms] [WARNING] The resource https://sniffies.com/assets/images/vm-sprite-120px.jpg was preloaded using link preload but not used within a few seconds from the window's load event. Please make sure it has an appropriate `as` value and it is preloaded intentionally. @ https://sniffies.com/:0
[22504179ms] [WARNING] The resource https://sniffies.com/assets/images/vm-sprite-120px.jpg was preloaded using link preload but not used within a few seconds from the window's load event. Please make sure it has an appropriate `as` value and it is preloaded intentionally. @ https://sniffies.com/:0
[22513375ms] [WARNING] The resource https://sniffies.com/assets/images/vm-sprite-120px.jpg was preloaded using link preload but not used within a few seconds from the window's load event. Please make sure it has an appropriate `as` value and it is preloaded intentionally. @ https://sniffies.com/:0
[22516770ms] [WARNING] The resource https://sniffies.com/assets/images/vm-sprite-120px.jpg was preloaded using link preload but not used within a few seconds from the window's load event. Please make sure it has an appropriate `as` value and it is preloaded intentionally. @ https://sniffies.com/:0
[22523954ms] [WARNING] The resource https://sniffies.com/assets/images/vm-sprite-120px.jpg was preloaded using link preload but not used within a few seconds from the window's load event. Please make sure it has an appropriate `as` value and it is preloaded intentionally. @ https://sniffies.com/:0
[22527320ms] [WARNING] The resource https://sniffies.com/assets/images/vm-sprite-120px.jpg was preloaded using link preload but not used within a few seconds from the window's load event. Please make sure it has an appropriate `as` value and it is preloaded intentionally. @ https://sniffies.com/:0
[22531351ms] [WARNING] The resource https://sniffies.com/assets/images/vm-sprite-120px.jpg was preloaded using link preload but not used within a few seconds from the window's load event. Please make sure it has an appropriate `as` value and it is preloaded intentionally. @ https://sniffies.com/:0
[22546990ms] [WARNING] The resource https://sniffies.com/assets/images/vm-sprite-120px.jpg was preloaded using link preload but not used within a few seconds from the window's load event. Please make sure it has an appropriate `as` value and it is preloaded intentionally. @ https://sniffies.com/:0
[22561194ms] [WARNING] The resource https://sniffies.com/assets/images/vm-sprite-120px.jpg was preloaded using link preload but not used within a few seconds from the window's load event. Please make sure it has an appropriate `as` value and it is preloaded intentionally. @ https://sniffies.com/:0
[22578430ms] [WARNING] The resource https://sniffies.com/assets/images/vm-sprite-120px.jpg was preloaded using link preload but not used within a few seconds from the window's load event. Please make sure it has an appropriate `as` value and it is preloaded intentionally. @ https://sniffies.com/:0
[22588260ms] [WARNING] The resource https://sniffies.com/assets/images/vm-sprite-120px.jpg was preloaded using link preload but not used within a few seconds from the window's load event. Please make sure it has an appropriate `as` value and it is preloaded intentionally. @ https://sniffies.com/:0
[22607406ms] [WARNING] The resource https://sniffies.com/assets/images/vm-sprite-120px.jpg was preloaded using link preload but not used within a few seconds from the window's load event. Please make sure it has an appropriate `as` value and it is preloaded intentionally. @ https://sniffies.com/:0
[22621262ms] [WARNING] The resource https://sniffies.com/assets/images/vm-sprite-120px.jpg was preloaded using link preload but not used within a few seconds from the window's load event. Please make sure it has an appropriate `as` value and it is preloaded intentionally. @ https://sniffies.com/:0
[22633599ms] [WARNING] The resource https://sniffies.com/assets/images/vm-sprite-120px.jpg was preloaded using link preload but not used within a few seconds from the window's load event. Please make sure it has an appropriate `as` value and it is preloaded intentionally. @ https://sniffies.com/:0
[22637312ms] [WARNING] The resource https://sniffies.com/assets/images/vm-sprite-120px.jpg was preloaded using link preload but not used within a few seconds from the window's load event. Please make sure it has an appropriate `as` value and it is preloaded intentionally. @ https://sniffies.com/:0
[22646240ms] [WARNING] The resource https://sniffies.com/assets/images/vm-sprite-120px.jpg was preloaded using link preload but not used within a few seconds from the window's load event. Please make sure it has an appropriate `as` value and it is preloaded intentionally. @ https://sniffies.com/:0
[22651820ms] [WARNING] The resource https://sniffies.com/assets/images/vm-sprite-120px.jpg was preloaded using link preload but not used within a few seconds from the window's load event. Please make sure it has an appropriate `as` value and it is preloaded intentionally. @ https://sniffies.com/:0
[22655033ms] [WARNING] The resource https://sniffies.com/assets/images/vm-sprite-120px.jpg was preloaded using link preload but not used within a few seconds from the window's load event. Please make sure it has an appropriate `as` value and it is preloaded intentionally. @ https://sniffies.com/:0
[22667056ms] [WARNING] The resource https://sniffies.com/assets/images/vm-sprite-120px.jpg was preloaded using link preload but not used within a few seconds from the window's load event. Please make sure it has an appropriate `as` value and it is preloaded intentionally. @ https://sniffies.com/:0
[22673829ms] [WARNING] The resource https://sniffies.com/assets/images/vm-sprite-120px.jpg was preloaded using link preload but not used within a few seconds from the window's load event. Please make sure it has an appropriate `as` value and it is preloaded intentionally. @ https://sniffies.com/:0
[22680113ms] [WARNING] The resource https://sniffies.com/assets/images/vm-sprite-120px.jpg was preloaded using link preload but not used within a few seconds from the window's load event. Please make sure it has an appropriate `as` value and it is preloaded intentionally. @ https://sniffies.com/:0
[22683713ms] [WARNING] The resource https://sniffies.com/assets/images/vm-sprite-120px.jpg was preloaded using link preload but not used within a few seconds from the window's load event. Please make sure it has an appropriate `as` value and it is preloaded intentionally. @ https://sniffies.com/:0
[22690019ms] [WARNING] The resource https://sniffies.com/assets/images/vm-sprite-120px.jpg was preloaded using link preload but not used within a few seconds from the window's load event. Please make sure it has an appropriate `as` value and it is preloaded intentionally. @ https://sniffies.com/:0
[22700401ms] [WARNING] The resource https://sniffies.com/assets/images/vm-sprite-120px.jpg was preloaded using link preload but not used within a few seconds from the window's load event. Please make sure it has an appropriate `as` value and it is preloaded intentionally. @ https://sniffies.com/:0
[22705895ms] [WARNING] The resource https://sniffies.com/assets/images/vm-sprite-120px.jpg was preloaded using link preload but not used within a few seconds from the window's load event. Please make sure it has an appropriate `as` value and it is preloaded intentionally. @ https://sniffies.com/:0
[22718430ms] [WARNING] The resource https://sniffies.com/assets/images/vm-sprite-120px.jpg was preloaded using link preload but not used within a few seconds from the window's load event. Please make sure it has an appropriate `as` value and it is preloaded intentionally. @ https://sniffies.com/:0
[22738791ms] [WARNING] The resource https://sniffies.com/assets/images/vm-sprite-120px.jpg was preloaded using link preload but not used within a few seconds from the window's load event. Please make sure it has an appropriate `as` value and it is preloaded intentionally. @ https://sniffies.com/:0
[22741958ms] [WARNING] The resource https://sniffies.com/assets/images/vm-sprite-120px.jpg was preloaded using link preload but not used within a few seconds from the window's load event. Please make sure it has an appropriate `as` value and it is preloaded intentionally. @ https://sniffies.com/:0
[22749903ms] [WARNING] The resource https://sniffies.com/assets/images/vm-sprite-120px.jpg was preloaded using link preload but not used within a few seconds from the window's load event. Please make sure it has an appropriate `as` value and it is preloaded intentionally. @ https://sniffies.com/:0
[22765916ms] [WARNING] The resource https://sniffies.com/assets/images/vm-sprite-120px.jpg was preloaded using link preload but not used within a few seconds from the window's load event. Please make sure it has an appropriate `as` value and it is preloaded intentionally. @ https://sniffies.com/:0
[22769832ms] [WARNING] The resource https://sniffies.com/assets/images/vm-sprite-120px.jpg was preloaded using link preload but not used within a few seconds from the window's load event. Please make sure it has an appropriate `as` value and it is preloaded intentionally. @ https://sniffies.com/:0
[22779025ms] [WARNING] The resource https://sniffies.com/assets/images/vm-sprite-120px.jpg was preloaded using link preload but not used within a few seconds from the window's load event. Please make sure it has an appropriate `as` value and it is preloaded intentionally. @ https://sniffies.com/:0
[22783947ms] [WARNING] The resource https://sniffies.com/assets/images/vm-sprite-120px.jpg was preloaded using link preload but not used within a few seconds from the window's load event. Please make sure it has an appropriate `as` value and it is preloaded intentionally. @ https://sniffies.com/:0
[22788494ms] [WARNING] The resource https://sniffies.com/assets/images/vm-sprite-120px.jpg was preloaded using link preload but not used within a few seconds from the window's load event. Please make sure it has an appropriate `as` value and it is preloaded intentionally. @ https://sniffies.com/:0
[22791827ms] [WARNING] The resource https://sniffies.com/assets/images/vm-sprite-120px.jpg was preloaded using link preload but not used within a few seconds from the window's load event. Please make sure it has an appropriate `as` value and it is preloaded intentionally. @ https://sniffies.com/:0
[22810362ms] [WARNING] The resource https://sniffies.com/assets/images/vm-sprite-120px.jpg was preloaded using link preload but not used within a few seconds from the window's load event. Please make sure it has an appropriate `as` value and it is preloaded intentionally. @ https://sniffies.com/:0
[22816010ms] [WARNING] The resource https://sniffies.com/assets/images/vm-sprite-120px.jpg was preloaded using link preload but not used within a few seconds from the window's load event. Please make sure it has an appropriate `as` value and it is preloaded intentionally. @ https://sniffies.com/:0
[22828531ms] [WARNING] The resource https://sniffies.com/assets/images/vm-sprite-120px.jpg was preloaded using link preload but not used within a few seconds from the window's load event. Please make sure it has an appropriate `as` value and it is preloaded intentionally. @ https://sniffies.com/:0
[22837792ms] [WARNING] The resource https://sniffies.com/assets/images/vm-sprite-120px.jpg was preloaded using link preload but not used within a few seconds from the window's load event. Please make sure it has an appropriate `as` value and it is preloaded intentionally. @ https://sniffies.com/:0
[22854411ms] [WARNING] The resource https://sniffies.com/assets/images/vm-sprite-120px.jpg was preloaded using link preload but not used within a few seconds from the window's load event. Please make sure it has an appropriate `as` value and it is preloaded intentionally. @ https://sniffies.com/:0
[22859298ms] [WARNING] The resource https://sniffies.com/assets/images/vm-sprite-120px.jpg was preloaded using link preload but not used within a few seconds from the window's load event. Please make sure it has an appropriate `as` value and it is preloaded intentionally. @ https://sniffies.com/:0
[22869378ms] [WARNING] The resource https://sniffies.com/assets/images/vm-sprite-120px.jpg was preloaded using link preload but not used within a few seconds from the window's load event. Please make sure it has an appropriate `as` value and it is preloaded intentionally. @ https://sniffies.com/:0
[22874874ms] [WARNING] The resource https://sniffies.com/assets/images/vm-sprite-120px.jpg was preloaded using link preload but not used within a few seconds from the window's load event. Please make sure it has an appropriate `as` value and it is preloaded intentionally. @ https://sniffies.com/:0
[22879076ms] [WARNING] The resource https://sniffies.com/assets/images/vm-sprite-120px.jpg was preloaded using link preload but not used within a few seconds from the window's load event. Please make sure it has an appropriate `as` value and it is preloaded intentionally. @ https://sniffies.com/:0
[22883477ms] [WARNING] The resource https://sniffies.com/assets/images/vm-sprite-120px.jpg was preloaded using link preload but not used within a few seconds from the window's load event. Please make sure it has an appropriate `as` value and it is preloaded intentionally. @ https://sniffies.com/:0
[22891084ms] [WARNING] The resource https://sniffies.com/assets/images/vm-sprite-120px.jpg was preloaded using link preload but not used within a few seconds from the window's load event. Please make sure it has an appropriate `as` value and it is preloaded intentionally. @ https://sniffies.com/:0
[22898027ms] [WARNING] The resource https://sniffies.com/assets/images/vm-sprite-120px.jpg was preloaded using link preload but not used within a few seconds from the window's load event. Please make sure it has an appropriate `as` value and it is preloaded intentionally. @ https://sniffies.com/:0
[22906853ms] [WARNING] The resource https://sniffies.com/assets/images/vm-sprite-120px.jpg was preloaded using link preload but not used within a few seconds from the window's load event. Please make sure it has an appropriate `as` value and it is preloaded intentionally. @ https://sniffies.com/:0
[22913306ms] [WARNING] The resource https://sniffies.com/assets/images/vm-sprite-120px.jpg was preloaded using link preload but not used within a few seconds from the window's load event. Please make sure it has an appropriate `as` value and it is preloaded intentionally. @ https://sniffies.com/:0
[22917684ms] [WARNING] The resource https://sniffies.com/assets/images/vm-sprite-120px.jpg was preloaded using link preload but not used within a few seconds from the window's load event. Please make sure it has an appropriate `as` value and it is preloaded intentionally. @ https://sniffies.com/:0
[22924245ms] [WARNING] The resource https://sniffies.com/assets/images/vm-sprite-120px.jpg was preloaded using link preload but not used within a few seconds from the window's load event. Please make sure it has an appropriate `as` value and it is preloaded intentionally. @ https://sniffies.com/:0
[22930124ms] [WARNING] The resource https://sniffies.com/assets/images/vm-sprite-120px.jpg was preloaded using link preload but not used within a few seconds from the window's load event. Please make sure it has an appropriate `as` value and it is preloaded intentionally. @ https://sniffies.com/:0
[22935313ms] [WARNING] The resource https://sniffies.com/assets/images/vm-sprite-120px.jpg was preloaded using link preload but not used within a few seconds from the window's load event. Please make sure it has an appropriate `as` value and it is preloaded intentionally. @ https://sniffies.com/:0
[22939670ms] [WARNING] The resource https://sniffies.com/assets/images/vm-sprite-120px.jpg was preloaded using link preload but not used within a few seconds from the window's load event. Please make sure it has an appropriate `as` value and it is preloaded intentionally. @ https://sniffies.com/:0
[22949896ms] [WARNING] The resource https://sniffies.com/assets/images/vm-sprite-120px.jpg was preloaded using link preload but not used within a few seconds from the window's load event. Please make sure it has an appropriate `as` value and it is preloaded intentionally. @ https://sniffies.com/:0
[22956966ms] [WARNING] The resource https://sniffies.com/assets/images/vm-sprite-120px.jpg was preloaded using link preload but not used within a few seconds from the window's load event. Please make sure it has an appropriate `as` value and it is preloaded intentionally. @ https://sniffies.com/:0
[22986790ms] [WARNING] The resource https://sniffies.com/assets/images/vm-sprite-120px.jpg was preloaded using link preload but not used within a few seconds from the window's load event. Please make sure it has an appropriate `as` value and it is preloaded intentionally. @ https://sniffies.com/:0
[22995130ms] [WARNING] The resource https://sniffies.com/assets/images/vm-sprite-120px.jpg was preloaded using link preload but not used within a few seconds from the window's load event. Please make sure it has an appropriate `as` value and it is preloaded intentionally. @ https://sniffies.com/:0
[23003717ms] [WARNING] The resource https://sniffies.com/assets/images/vm-sprite-120px.jpg was preloaded using link preload but not used within a few seconds from the window's load event. Please make sure it has an appropriate `as` value and it is preloaded intentionally. @ https://sniffies.com/:0
[23015615ms] [WARNING] The resource https://sniffies.com/assets/images/vm-sprite-120px.jpg was preloaded using link preload but not used within a few seconds from the window's load event. Please make sure it has an appropriate `as` value and it is preloaded intentionally. @ https://sniffies.com/:0
[23024424ms] [WARNING] The resource https://sniffies.com/assets/images/vm-sprite-120px.jpg was preloaded using link preload but not used within a few seconds from the window's load event. Please make sure it has an appropriate `as` value and it is preloaded intentionally. @ https://sniffies.com/:0
[23039317ms] [WARNING] The resource https://sniffies.com/assets/images/vm-sprite-120px.jpg was preloaded using link preload but not used within a few seconds from the window's load event. Please make sure it has an appropriate `as` value and it is preloaded intentionally. @ https://sniffies.com/:0
[23047558ms] [WARNING] The resource https://sniffies.com/assets/images/vm-sprite-120px.jpg was preloaded using link preload but not used within a few seconds from the window's load event. Please make sure it has an appropriate `as` value and it is preloaded intentionally. @ https://sniffies.com/:0
[23056131ms] [WARNING] The resource https://sniffies.com/assets/images/vm-sprite-120px.jpg was preloaded using link preload but not used within a few seconds from the window's load event. Please make sure it has an appropriate `as` value and it is preloaded intentionally. @ https://sniffies.com/:0
[23078339ms] [WARNING] The resource https://sniffies.com/assets/images/vm-sprite-120px.jpg was preloaded using link preload but not used within a few seconds from the window's load event. Please make sure it has an appropriate `as` value and it is preloaded intentionally. @ https://sniffies.com/:0
[23093292ms] [WARNING] The resource https://sniffies.com/assets/images/vm-sprite-120px.jpg was preloaded using link preload but not used within a few seconds from the window's load event. Please make sure it has an appropriate `as` value and it is preloaded intentionally. @ https://sniffies.com/:0
[23107879ms] [WARNING] The resource https://sniffies.com/assets/images/vm-sprite-120px.jpg was preloaded using link preload but not used within a few seconds from the window's load event. Please make sure it has an appropriate `as` value and it is preloaded intentionally. @ https://sniffies.com/:0
[23111683ms] [WARNING] The resource https://sniffies.com/assets/images/vm-sprite-120px.jpg was preloaded using link preload but not used within a few seconds from the window's load event. Please make sure it has an appropriate `as` value and it is preloaded intentionally. @ https://sniffies.com/:0
[23121463ms] [WARNING] The resource https://sniffies.com/assets/images/vm-sprite-120px.jpg was preloaded using link preload but not used within a few seconds from the window's load event. Please make sure it has an appropriate `as` value and it is preloaded intentionally. @ https://sniffies.com/:0
[23131762ms] [WARNING] The resource https://sniffies.com/assets/images/vm-sprite-120px.jpg was preloaded using link preload but not used within a few seconds from the window's load event. Please make sure it has an appropriate `as` value and it is preloaded intentionally. @ https://sniffies.com/:0
[23137213ms] [WARNING] The resource https://sniffies.com/assets/images/vm-sprite-120px.jpg was preloaded using link preload but not used within a few seconds from the window's load event. Please make sure it has an appropriate `as` value and it is preloaded intentionally. @ https://sniffies.com/:0
[23156152ms] [WARNING] The resource https://sniffies.com/assets/images/vm-sprite-120px.jpg was preloaded using link preload but not used within a few seconds from the window's load event. Please make sure it has an appropriate `as` value and it is preloaded intentionally. @ https://sniffies.com/:0
[23165282ms] [WARNING] The resource https://sniffies.com/assets/images/vm-sprite-120px.jpg was preloaded using link preload but not used within a few seconds from the window's load event. Please make sure it has an appropriate `as` value and it is preloaded intentionally. @ https://sniffies.com/:0
[23180488ms] [WARNING] The resource https://sniffies.com/assets/images/vm-sprite-120px.jpg was preloaded using link preload but not used within a few seconds from the window's load event. Please make sure it has an appropriate `as` value and it is preloaded intentionally. @ https://sniffies.com/:0
[23216107ms] [WARNING] The resource https://sniffies.com/assets/images/vm-sprite-120px.jpg was preloaded using link preload but not used within a few seconds from the window's load event. Please make sure it has an appropriate `as` value and it is preloaded intentionally. @ https://sniffies.com/:0
[23231575ms] [WARNING] The resource https://sniffies.com/assets/images/vm-sprite-120px.jpg was preloaded using link preload but not used within a few seconds from the window's load event. Please make sure it has an appropriate `as` value and it is preloaded intentionally. @ https://sniffies.com/:0
[23238320ms] [WARNING] The resource https://sniffies.com/assets/images/vm-sprite-120px.jpg was preloaded using link preload but not used within a few seconds from the window's load event. Please make sure it has an appropriate `as` value and it is preloaded intentionally. @ https://sniffies.com/:0
[23268401ms] [WARNING] The resource https://sniffies.com/assets/images/vm-sprite-120px.jpg was preloaded using link preload but not used within a few seconds from the window's load event. Please make sure it has an appropriate `as` value and it is preloaded intentionally. @ https://sniffies.com/:0
[23286508ms] [WARNING] The resource https://sniffies.com/assets/images/vm-sprite-120px.jpg was preloaded using link preload but not used within a few seconds from the window's load event. Please make sure it has an appropriate `as` value and it is preloaded intentionally. @ https://sniffies.com/:0
[23316317ms] [WARNING] The resource https://sniffies.com/assets/images/vm-sprite-120px.jpg was preloaded using link preload but not used within a few seconds from the window's load event. Please make sure it has an appropriate `as` value and it is preloaded intentionally. @ https://sniffies.com/:0
[23322947ms] [WARNING] The resource https://sniffies.com/assets/images/vm-sprite-120px.jpg was preloaded using link preload but not used within a few seconds from the window's load event. Please make sure it has an appropriate `as` value and it is preloaded intentionally. @ https://sniffies.com/:0
[23330872ms] [WARNING] The resource https://sniffies.com/assets/images/vm-sprite-120px.jpg was preloaded using link preload but not used within a few seconds from the window's load event. Please make sure it has an appropriate `as` value and it is preloaded intentionally. @ https://sniffies.com/:0
[23337619ms] [WARNING] The resource https://sniffies.com/assets/images/vm-sprite-120px.jpg was preloaded using link preload but not used within a few seconds from the window's load event. Please make sure it has an appropriate `as` value and it is preloaded intentionally. @ https://sniffies.com/:0
[23342028ms] [WARNING] The resource https://sniffies.com/assets/images/vm-sprite-120px.jpg was preloaded using link preload but not used within a few seconds from the window's load event. Please make sure it has an appropriate `as` value and it is preloaded intentionally. @ https://sniffies.com/:0
[23350759ms] [WARNING] The resource https://sniffies.com/assets/images/vm-sprite-120px.jpg was preloaded using link preload but not used within a few seconds from the window's load event. Please make sure it has an appropriate `as` value and it is preloaded intentionally. @ https://sniffies.com/:0
[23356043ms] [WARNING] The resource https://sniffies.com/assets/images/vm-sprite-120px.jpg was preloaded using link preload but not used within a few seconds from the window's load event. Please make sure it has an appropriate `as` value and it is preloaded intentionally. @ https://sniffies.com/:0
[23363160ms] [WARNING] The resource https://sniffies.com/assets/images/vm-sprite-120px.jpg was preloaded using link preload but not used within a few seconds from the window's load event. Please make sure it has an appropriate `as` value and it is preloaded intentionally. @ https://sniffies.com/:0
[23366567ms] [WARNING] The resource https://sniffies.com/assets/images/vm-sprite-120px.jpg was preloaded using link preload but not used within a few seconds from the window's load event. Please make sure it has an appropriate `as` value and it is preloaded intentionally. @ https://sniffies.com/:0
[23378794ms] [WARNING] The resource https://sniffies.com/assets/images/vm-sprite-120px.jpg was preloaded using link preload but not used within a few seconds from the window's load event. Please make sure it has an appropriate `as` value and it is preloaded intentionally. @ https://sniffies.com/:0
[23382684ms] [WARNING] The resource https://sniffies.com/assets/images/vm-sprite-120px.jpg was preloaded using link preload but not used within a few seconds from the window's load event. Please make sure it has an appropriate `as` value and it is preloaded intentionally. @ https://sniffies.com/:0
[23420601ms] [WARNING] The resource https://sniffies.com/assets/images/vm-sprite-120px.jpg was preloaded using link preload but not used within a few seconds from the window's load event. Please make sure it has an appropriate `as` value and it is preloaded intentionally. @ https://sniffies.com/:0
[23427532ms] [WARNING] The resource https://sniffies.com/assets/images/vm-sprite-120px.jpg was preloaded using link preload but not used within a few seconds from the window's load event. Please make sure it has an appropriate `as` value and it is preloaded intentionally. @ https://sniffies.com/:0
[23430625ms] [WARNING] The resource https://sniffies.com/assets/images/vm-sprite-120px.jpg was preloaded using link preload but not used within a few seconds from the window's load event. Please make sure it has an appropriate `as` value and it is preloaded intentionally. @ https://sniffies.com/:0
[23435419ms] [WARNING] The resource https://sniffies.com/assets/images/vm-sprite-120px.jpg was preloaded using link preload but not used within a few seconds from the window's load event. Please make sure it has an appropriate `as` value and it is preloaded intentionally. @ https://sniffies.com/:0
[23440326ms] [WARNING] The resource https://sniffies.com/assets/images/vm-sprite-120px.jpg was preloaded using link preload but not used within a few seconds from the window's load event. Please make sure it has an appropriate `as` value and it is preloaded intentionally. @ https://sniffies.com/:0
[23447084ms] [WARNING] The resource https://sniffies.com/assets/images/vm-sprite-120px.jpg was preloaded using link preload but not used within a few seconds from the window's load event. Please make sure it has an appropriate `as` value and it is preloaded intentionally. @ https://sniffies.com/:0
[23452783ms] [WARNING] The resource https://sniffies.com/assets/images/vm-sprite-120px.jpg was preloaded using link preload but not used within a few seconds from the window's load event. Please make sure it has an appropriate `as` value and it is preloaded intentionally. @ https://sniffies.com/:0
[23456940ms] [WARNING] The resource https://sniffies.com/assets/images/vm-sprite-120px.jpg was preloaded using link preload but not used within a few seconds from the window's load event. Please make sure it has an appropriate `as` value and it is preloaded intentionally. @ https://sniffies.com/:0
[23460291ms] [WARNING] The resource https://sniffies.com/assets/images/vm-sprite-120px.jpg was preloaded using link preload but not used within a few seconds from the window's load event. Please make sure it has an appropriate `as` value and it is preloaded intentionally. @ https://sniffies.com/:0
[23467566ms] [WARNING] The resource https://sniffies.com/assets/images/vm-sprite-120px.jpg was preloaded using link preload but not used within a few seconds from the window's load event. Please make sure it has an appropriate `as` value and it is preloaded intentionally. @ https://sniffies.com/:0
[23476284ms] [WARNING] The resource https://sniffies.com/assets/images/vm-sprite-120px.jpg was preloaded using link preload but not used within a few seconds from the window's load event. Please make sure it has an appropriate `as` value and it is preloaded intentionally. @ https://sniffies.com/:0
[23479544ms] [WARNING] The resource https://sniffies.com/assets/images/vm-sprite-120px.jpg was preloaded using link preload but not used within a few seconds from the window's load event. Please make sure it has an appropriate `as` value and it is preloaded intentionally. @ https://sniffies.com/:0
[23490988ms] [WARNING] The resource https://sniffies.com/assets/images/vm-sprite-120px.jpg was preloaded using link preload but not used within a few seconds from the window's load event. Please make sure it has an appropriate `as` value and it is preloaded intentionally. @ https://sniffies.com/:0
[23513478ms] [WARNING] The resource https://sniffies.com/assets/images/vm-sprite-120px.jpg was preloaded using link preload but not used within a few seconds from the window's load event. Please make sure it has an appropriate `as` value and it is preloaded intentionally. @ https://sniffies.com/:0
[23525249ms] [WARNING] The resource https://sniffies.com/assets/images/vm-sprite-120px.jpg was preloaded using link preload but not used within a few seconds from the window's load event. Please make sure it has an appropriate `as` value and it is preloaded intentionally. @ https://sniffies.com/:0
[23535565ms] [WARNING] The resource https://sniffies.com/assets/images/vm-sprite-120px.jpg was preloaded using link preload but not used within a few seconds from the window's load event. Please make sure it has an appropriate `as` value and it is preloaded intentionally. @ https://sniffies.com/:0
[23551750ms] [WARNING] The resource https://sniffies.com/assets/images/vm-sprite-120px.jpg was preloaded using link preload but not used within a few seconds from the window's load event. Please make sure it has an appropriate `as` value and it is preloaded intentionally. @ https://sniffies.com/:0
[23560235ms] [WARNING] The resource https://sniffies.com/assets/images/vm-sprite-120px.jpg was preloaded using link preload but not used within a few seconds from the window's load event. Please make sure it has an appropriate `as` value and it is preloaded intentionally. @ https://sniffies.com/:0
[23573037ms] [WARNING] The resource https://sniffies.com/assets/images/vm-sprite-120px.jpg was preloaded using link preload but not used within a few seconds from the window's load event. Please make sure it has an appropriate `as` value and it is preloaded intentionally. @ https://sniffies.com/:0
[23577214ms] [WARNING] The resource https://sniffies.com/assets/images/vm-sprite-120px.jpg was preloaded using link preload but not used within a few seconds from the window's load event. Please make sure it has an appropriate `as` value and it is preloaded intentionally. @ https://sniffies.com/:0
[23599451ms] [WARNING] The resource https://sniffies.com/assets/images/vm-sprite-120px.jpg was preloaded using link preload but not used within a few seconds from the window's load event. Please make sure it has an appropriate `as` value and it is preloaded intentionally. @ https://sniffies.com/:0
[23604579ms] [WARNING] The resource https://sniffies.com/assets/images/vm-sprite-120px.jpg was preloaded using link preload but not used within a few seconds from the window's load event. Please make sure it has an appropriate `as` value and it is preloaded intentionally. @ https://sniffies.com/:0
[23613585ms] [WARNING] The resource https://sniffies.com/assets/images/vm-sprite-120px.jpg was preloaded using link preload but not used within a few seconds from the window's load event. Please make sure it has an appropriate `as` value and it is preloaded intentionally. @ https://sniffies.com/:0
[23617061ms] [WARNING] The resource https://sniffies.com/assets/images/vm-sprite-120px.jpg was preloaded using link preload but not used within a few seconds from the window's load event. Please make sure it has an appropriate `as` value and it is preloaded intentionally. @ https://sniffies.com/:0
[23622317ms] [WARNING] The resource https://sniffies.com/assets/images/vm-sprite-120px.jpg was preloaded using link preload but not used within a few seconds from the window's load event. Please make sure it has an appropriate `as` value and it is preloaded intentionally. @ https://sniffies.com/:0
[23630069ms] [WARNING] The resource https://sniffies.com/assets/images/vm-sprite-120px.jpg was preloaded using link preload but not used within a few seconds from the window's load event. Please make sure it has an appropriate `as` value and it is preloaded intentionally. @ https://sniffies.com/:0
[23648189ms] [WARNING] The resource https://sniffies.com/assets/images/vm-sprite-120px.jpg was preloaded using link preload but not used within a few seconds from the window's load event. Please make sure it has an appropriate `as` value and it is preloaded intentionally. @ https://sniffies.com/:0
[23666457ms] [WARNING] The resource https://sniffies.com/assets/images/vm-sprite-120px.jpg was preloaded using link preload but not used within a few seconds from the window's load event. Please make sure it has an appropriate `as` value and it is preloaded intentionally. @ https://sniffies.com/:0
[23673400ms] [WARNING] The resource https://sniffies.com/assets/images/vm-sprite-120px.jpg was preloaded using link preload but not used within a few seconds from the window's load event. Please make sure it has an appropriate `as` value and it is preloaded intentionally. @ https://sniffies.com/:0
[23682674ms] [WARNING] The resource https://sniffies.com/assets/images/vm-sprite-120px.jpg was preloaded using link preload but not used within a few seconds from the window's load event. Please make sure it has an appropriate `as` value and it is preloaded intentionally. @ https://sniffies.com/:0
[23690304ms] [WARNING] The resource https://sniffies.com/assets/images/vm-sprite-120px.jpg was preloaded using link preload but not used within a few seconds from the window's load event. Please make sure it has an appropriate `as` value and it is preloaded intentionally. @ https://sniffies.com/:0
[23698577ms] [WARNING] The resource https://sniffies.com/assets/images/vm-sprite-120px.jpg was preloaded using link preload but not used within a few seconds from the window's load event. Please make sure it has an appropriate `as` value and it is preloaded intentionally. @ https://sniffies.com/:0
[23705996ms] [WARNING] The resource https://sniffies.com/assets/images/vm-sprite-120px.jpg was preloaded using link preload but not used within a few seconds from the window's load event. Please make sure it has an appropriate `as` value and it is preloaded intentionally. @ https://sniffies.com/:0
[23719097ms] [WARNING] The resource https://sniffies.com/assets/images/vm-sprite-120px.jpg was preloaded using link preload but not used within a few seconds from the window's load event. Please make sure it has an appropriate `as` value and it is preloaded intentionally. @ https://sniffies.com/:0
[23722552ms] [WARNING] The resource https://sniffies.com/assets/images/vm-sprite-120px.jpg was preloaded using link preload but not used within a few seconds from the window's load event. Please make sure it has an appropriate `as` value and it is preloaded intentionally. @ https://sniffies.com/:0
[23732119ms] [WARNING] The resource https://sniffies.com/assets/images/vm-sprite-120px.jpg was preloaded using link preload but not used within a few seconds from the window's load event. Please make sure it has an appropriate `as` value and it is preloaded intentionally. @ https://sniffies.com/:0
[23739289ms] [WARNING] The resource https://sniffies.com/assets/images/vm-sprite-120px.jpg was preloaded using link preload but not used within a few seconds from the window's load event. Please make sure it has an appropriate `as` value and it is preloaded intentionally. @ https://sniffies.com/:0
[23766696ms] [WARNING] The resource https://sniffies.com/assets/images/vm-sprite-120px.jpg was preloaded using link preload but not used within a few seconds from the window's load event. Please make sure it has an appropriate `as` value and it is preloaded intentionally. @ https://sniffies.com/:0
[23775685ms] [WARNING] The resource https://sniffies.com/assets/images/vm-sprite-120px.jpg was preloaded using link preload but not used within a few seconds from the window's load event. Please make sure it has an appropriate `as` value and it is preloaded intentionally. @ https://sniffies.com/:0
[23789508ms] [WARNING] The resource https://sniffies.com/assets/images/vm-sprite-120px.jpg was preloaded using link preload but not used within a few seconds from the window's load event. Please make sure it has an appropriate `as` value and it is preloaded intentionally. @ https://sniffies.com/:0
[23810295ms] [WARNING] The resource https://sniffies.com/assets/images/vm-sprite-120px.jpg was preloaded using link preload but not used within a few seconds from the window's load event. Please make sure it has an appropriate `as` value and it is preloaded intentionally. @ https://sniffies.com/:0
[23825538ms] [WARNING] The resource https://sniffies.com/assets/images/vm-sprite-120px.jpg was preloaded using link preload but not used within a few seconds from the window's load event. Please make sure it has an appropriate `as` value and it is preloaded intentionally. @ https://sniffies.com/:0
[23839789ms] [WARNING] The resource https://sniffies.com/assets/images/vm-sprite-120px.jpg was preloaded using link preload but not used within a few seconds from the window's load event. Please make sure it has an appropriate `as` value and it is preloaded intentionally. @ https://sniffies.com/:0
[23852806ms] [WARNING] The resource https://sniffies.com/assets/images/vm-sprite-120px.jpg was preloaded using link preload but not used within a few seconds from the window's load event. Please make sure it has an appropriate `as` value and it is preloaded intentionally. @ https://sniffies.com/:0
[23891314ms] [WARNING] The resource https://sniffies.com/assets/images/vm-sprite-120px.jpg was preloaded using link preload but not used within a few seconds from the window's load event. Please make sure it has an appropriate `as` value and it is preloaded intentionally. @ https://sniffies.com/:0
[23897338ms] [WARNING] The resource https://sniffies.com/assets/images/vm-sprite-120px.jpg was preloaded using link preload but not used within a few seconds from the window's load event. Please make sure it has an appropriate `as` value and it is preloaded intentionally. @ https://sniffies.com/:0
[23909874ms] [WARNING] The resource https://sniffies.com/assets/images/vm-sprite-120px.jpg was preloaded using link preload but not used within a few seconds from the window's load event. Please make sure it has an appropriate `as` value and it is preloaded intentionally. @ https://sniffies.com/:0
[23916483ms] [WARNING] The resource https://sniffies.com/assets/images/vm-sprite-120px.jpg was preloaded using link preload but not used within a few seconds from the window's load event. Please make sure it has an appropriate `as` value and it is preloaded intentionally. @ https://sniffies.com/:0
[23922740ms] [WARNING] The resource https://sniffies.com/assets/images/vm-sprite-120px.jpg was preloaded using link preload but not used within a few seconds from the window's load event. Please make sure it has an appropriate `as` value and it is preloaded intentionally. @ https://sniffies.com/:0
[23930410ms] [WARNING] The resource https://sniffies.com/assets/images/vm-sprite-120px.jpg was preloaded using link preload but not used within a few seconds from the window's load event. Please make sure it has an appropriate `as` value and it is preloaded intentionally. @ https://sniffies.com/:0
[23934962ms] [WARNING] The resource https://sniffies.com/assets/images/vm-sprite-120px.jpg was preloaded using link preload but not used within a few seconds from the window's load event. Please make sure it has an appropriate `as` value and it is preloaded intentionally. @ https://sniffies.com/:0
[23943011ms] [WARNING] The resource https://sniffies.com/assets/images/vm-sprite-120px.jpg was preloaded using link preload but not used within a few seconds from the window's load event. Please make sure it has an appropriate `as` value and it is preloaded intentionally. @ https://sniffies.com/:0
[23946444ms] [WARNING] The resource https://sniffies.com/assets/images/vm-sprite-120px.jpg was preloaded using link preload but not used within a few seconds from the window's load event. Please make sure it has an appropriate `as` value and it is preloaded intentionally. @ https://sniffies.com/:0
[23960215ms] [WARNING] The resource https://sniffies.com/assets/images/vm-sprite-120px.jpg was preloaded using link preload but not used within a few seconds from the window's load event. Please make sure it has an appropriate `as` value and it is preloaded intentionally. @ https://sniffies.com/:0
[23968391ms] [WARNING] The resource https://sniffies.com/assets/images/vm-sprite-120px.jpg was preloaded using link preload but not used within a few seconds from the window's load event. Please make sure it has an appropriate `as` value and it is preloaded intentionally. @ https://sniffies.com/:0
[23979766ms] [WARNING] The resource https://sniffies.com/assets/images/vm-sprite-120px.jpg was preloaded using link preload but not used within a few seconds from the window's load event. Please make sure it has an appropriate `as` value and it is preloaded intentionally. @ https://sniffies.com/:0
[24000560ms] [WARNING] The resource https://sniffies.com/assets/images/vm-sprite-120px.jpg was preloaded using link preload but not used within a few seconds from the window's load event. Please make sure it has an appropriate `as` value and it is preloaded intentionally. @ https://sniffies.com/:0
[24021346ms] [WARNING] The resource https://sniffies.com/assets/images/vm-sprite-120px.jpg was preloaded using link preload but not used within a few seconds from the window's load event. Please make sure it has an appropriate `as` value and it is preloaded intentionally. @ https://sniffies.com/:0
[24039176ms] [WARNING] The resource https://sniffies.com/assets/images/vm-sprite-120px.jpg was preloaded using link preload but not used within a few seconds from the window's load event. Please make sure it has an appropriate `as` value and it is preloaded intentionally. @ https://sniffies.com/:0
[24055279ms] [WARNING] The resource https://sniffies.com/assets/images/vm-sprite-120px.jpg was preloaded using link preload but not used within a few seconds from the window's load event. Please make sure it has an appropriate `as` value and it is preloaded intentionally. @ https://sniffies.com/:0
[24058829ms] [WARNING] The resource https://sniffies.com/assets/images/vm-sprite-120px.jpg was preloaded using link preload but not used within a few seconds from the window's load event. Please make sure it has an appropriate `as` value and it is preloaded intentionally. @ https://sniffies.com/:0
[24062511ms] [WARNING] The resource https://sniffies.com/assets/images/vm-sprite-120px.jpg was preloaded using link preload but not used within a few seconds from the window's load event. Please make sure it has an appropriate `as` value and it is preloaded intentionally. @ https://sniffies.com/:0
[24068435ms] [WARNING] The resource https://sniffies.com/assets/images/vm-sprite-120px.jpg was preloaded using link preload but not used within a few seconds from the window's load event. Please make sure it has an appropriate `as` value and it is preloaded intentionally. @ https://sniffies.com/:0
[24074705ms] [WARNING] The resource https://sniffies.com/assets/images/vm-sprite-120px.jpg was preloaded using link preload but not used within a few seconds from the window's load event. Please make sure it has an appropriate `as` value and it is preloaded intentionally. @ https://sniffies.com/:0
[24084212ms] [WARNING] The resource https://sniffies.com/assets/images/vm-sprite-120px.jpg was preloaded using link preload but not used within a few seconds from the window's load event. Please make sure it has an appropriate `as` value and it is preloaded intentionally. @ https://sniffies.com/:0
[24098245ms] [WARNING] The resource https://sniffies.com/assets/images/vm-sprite-120px.jpg was preloaded using link preload but not used within a few seconds from the window's load event. Please make sure it has an appropriate `as` value and it is preloaded intentionally. @ https://sniffies.com/:0
[24103001ms] [WARNING] The resource https://sniffies.com/assets/images/vm-sprite-120px.jpg was preloaded using link preload but not used within a few seconds from the window's load event. Please make sure it has an appropriate `as` value and it is preloaded intentionally. @ https://sniffies.com/:0
[24106118ms] [WARNING] The resource https://sniffies.com/assets/images/vm-sprite-120px.jpg was preloaded using link preload but not used within a few seconds from the window's load event. Please make sure it has an appropriate `as` value and it is preloaded intentionally. @ https://sniffies.com/:0
[24111352ms] [WARNING] The resource https://sniffies.com/assets/images/vm-sprite-120px.jpg was preloaded using link preload but not used within a few seconds from the window's load event. Please make sure it has an appropriate `as` value and it is preloaded intentionally. @ https://sniffies.com/:0
[24117133ms] [WARNING] The resource https://sniffies.com/assets/images/vm-sprite-120px.jpg was preloaded using link preload but not used within a few seconds from the window's load event. Please make sure it has an appropriate `as` value and it is preloaded intentionally. @ https://sniffies.com/:0
[24130805ms] [WARNING] The resource https://sniffies.com/assets/images/vm-sprite-120px.jpg was preloaded using link preload but not used within a few seconds from the window's load event. Please make sure it has an appropriate `as` value and it is preloaded intentionally. @ https://sniffies.com/:0
[24135819ms] [WARNING] The resource https://sniffies.com/assets/images/vm-sprite-120px.jpg was preloaded using link preload but not used within a few seconds from the window's load event. Please make sure it has an appropriate `as` value and it is preloaded intentionally. @ https://sniffies.com/:0
[24139446ms] [WARNING] The resource https://sniffies.com/assets/images/vm-sprite-120px.jpg was preloaded using link preload but not used within a few seconds from the window's load event. Please make sure it has an appropriate `as` value and it is preloaded intentionally. @ https://sniffies.com/:0
[24147928ms] [WARNING] The resource https://sniffies.com/assets/images/vm-sprite-120px.jpg was preloaded using link preload but not used within a few seconds from the window's load event. Please make sure it has an appropriate `as` value and it is preloaded intentionally. @ https://sniffies.com/:0
[24155484ms] [WARNING] The resource https://sniffies.com/assets/images/vm-sprite-120px.jpg was preloaded using link preload but not used within a few seconds from the window's load event. Please make sure it has an appropriate `as` value and it is preloaded intentionally. @ https://sniffies.com/:0
[24174845ms] [WARNING] The resource https://sniffies.com/assets/images/vm-sprite-120px.jpg was preloaded using link preload but not used within a few seconds from the window's load event. Please make sure it has an appropriate `as` value and it is preloaded intentionally. @ https://sniffies.com/:0
[24178283ms] [WARNING] The resource https://sniffies.com/assets/images/vm-sprite-120px.jpg was preloaded using link preload but not used within a few seconds from the window's load event. Please make sure it has an appropriate `as` value and it is preloaded intentionally. @ https://sniffies.com/:0
[24185397ms] [WARNING] The resource https://sniffies.com/assets/images/vm-sprite-120px.jpg was preloaded using link preload but not used within a few seconds from the window's load event. Please make sure it has an appropriate `as` value and it is preloaded intentionally. @ https://sniffies.com/:0
[24198799ms] [WARNING] The resource https://sniffies.com/assets/images/vm-sprite-120px.jpg was preloaded using link preload but not used within a few seconds from the window's load event. Please make sure it has an appropriate `as` value and it is preloaded intentionally. @ https://sniffies.com/:0
[24210658ms] [WARNING] The resource https://sniffies.com/assets/images/vm-sprite-120px.jpg was preloaded using link preload but not used within a few seconds from the window's load event. Please make sure it has an appropriate `as` value and it is preloaded intentionally. @ https://sniffies.com/:0
[24216014ms] [WARNING] The resource https://sniffies.com/assets/images/vm-sprite-120px.jpg was preloaded using link preload but not used within a few seconds from the window's load event. Please make sure it has an appropriate `as` value and it is preloaded intentionally. @ https://sniffies.com/:0
[24234750ms] [WARNING] The resource https://sniffies.com/assets/images/vm-sprite-120px.jpg was preloaded using link preload but not used within a few seconds from the window's load event. Please make sure it has an appropriate `as` value and it is preloaded intentionally. @ https://sniffies.com/:0
[24253618ms] [WARNING] The resource https://sniffies.com/assets/images/vm-sprite-120px.jpg was preloaded using link preload but not used within a few seconds from the window's load event. Please make sure it has an appropriate `as` value and it is preloaded intentionally. @ https://sniffies.com/:0
[24263545ms] [WARNING] The resource https://sniffies.com/assets/images/vm-sprite-120px.jpg was preloaded using link preload but not used within a few seconds from the window's load event. Please make sure it has an appropriate `as` value and it is preloaded intentionally. @ https://sniffies.com/:0
[24275027ms] [WARNING] The resource https://sniffies.com/assets/images/vm-sprite-120px.jpg was preloaded using link preload but not used within a few seconds from the window's load event. Please make sure it has an appropriate `as` value and it is preloaded intentionally. @ https://sniffies.com/:0
[24281023ms] [WARNING] The resource https://sniffies.com/assets/images/vm-sprite-120px.jpg was preloaded using link preload but not used within a few seconds from the window's load event. Please make sure it has an appropriate `as` value and it is preloaded intentionally. @ https://sniffies.com/:0
[24289809ms] [WARNING] The resource https://sniffies.com/assets/images/vm-sprite-120px.jpg was preloaded using link preload but not used within a few seconds from the window's load event. Please make sure it has an appropriate `as` value and it is preloaded intentionally. @ https://sniffies.com/:0
[24297345ms] [WARNING] The resource https://sniffies.com/assets/images/vm-sprite-120px.jpg was preloaded using link preload but not used within a few seconds from the window's load event. Please make sure it has an appropriate `as` value and it is preloaded intentionally. @ https://sniffies.com/:0
[24307682ms] [WARNING] The resource https://sniffies.com/assets/images/vm-sprite-120px.jpg was preloaded using link preload but not used within a few seconds from the window's load event. Please make sure it has an appropriate `as` value and it is preloaded intentionally. @ https://sniffies.com/:0
[24311546ms] [WARNING] The resource https://sniffies.com/assets/images/vm-sprite-120px.jpg was preloaded using link preload but not used within a few seconds from the window's load event. Please make sure it has an appropriate `as` value and it is preloaded intentionally. @ https://sniffies.com/:0
[24317070ms] [WARNING] The resource https://sniffies.com/assets/images/vm-sprite-120px.jpg was preloaded using link preload but not used within a few seconds from the window's load event. Please make sure it has an appropriate `as` value and it is preloaded intentionally. @ https://sniffies.com/:0
[24328896ms] [WARNING] The resource https://sniffies.com/assets/images/vm-sprite-120px.jpg was preloaded using link preload but not used within a few seconds from the window's load event. Please make sure it has an appropriate `as` value and it is preloaded intentionally. @ https://sniffies.com/:0
[24334096ms] [WARNING] The resource https://sniffies.com/assets/images/vm-sprite-120px.jpg was preloaded using link preload but not used within a few seconds from the window's load event. Please make sure it has an appropriate `as` value and it is preloaded intentionally. @ https://sniffies.com/:0
[24344307ms] [WARNING] The resource https://sniffies.com/assets/images/vm-sprite-120px.jpg was preloaded using link preload but not used within a few seconds from the window's load event. Please make sure it has an appropriate `as` value and it is preloaded intentionally. @ https://sniffies.com/:0
[24350600ms] [WARNING] The resource https://sniffies.com/assets/images/vm-sprite-120px.jpg was preloaded using link preload but not used within a few seconds from the window's load event. Please make sure it has an appropriate `as` value and it is preloaded intentionally. @ https://sniffies.com/:0
[24361105ms] [WARNING] The resource https://sniffies.com/assets/images/vm-sprite-120px.jpg was preloaded using link preload but not used within a few seconds from the window's load event. Please make sure it has an appropriate `as` value and it is preloaded intentionally. @ https://sniffies.com/:0
[24364146ms] [WARNING] The resource https://sniffies.com/assets/images/vm-sprite-120px.jpg was preloaded using link preload but not used within a few seconds from the window's load event. Please make sure it has an appropriate `as` value and it is preloaded intentionally. @ https://sniffies.com/:0
[24375737ms] [WARNING] The resource https://sniffies.com/assets/images/vm-sprite-120px.jpg was preloaded using link preload but not used within a few seconds from the window's load event. Please make sure it has an appropriate `as` value and it is preloaded intentionally. @ https://sniffies.com/:0
[24399602ms] [WARNING] The resource https://sniffies.com/assets/images/vm-sprite-120px.jpg was preloaded using link preload but not used within a few seconds from the window's load event. Please make sure it has an appropriate `as` value and it is preloaded intentionally. @ https://sniffies.com/:0
[24412827ms] [WARNING] The resource https://sniffies.com/assets/images/vm-sprite-120px.jpg was preloaded using link preload but not used within a few seconds from the window's load event. Please make sure it has an appropriate `as` value and it is preloaded intentionally. @ https://sniffies.com/:0
[24426445ms] [WARNING] The resource https://sniffies.com/assets/images/vm-sprite-120px.jpg was preloaded using link preload but not used within a few seconds from the window's load event. Please make sure it has an appropriate `as` value and it is preloaded intentionally. @ https://sniffies.com/:0
[24440307ms] [WARNING] The resource https://sniffies.com/assets/images/vm-sprite-120px.jpg was preloaded using link preload but not used within a few seconds from the window's load event. Please make sure it has an appropriate `as` value and it is preloaded intentionally. @ https://sniffies.com/:0
[24450964ms] [WARNING] The resource https://sniffies.com/assets/images/vm-sprite-120px.jpg was preloaded using link preload but not used within a few seconds from the window's load event. Please make sure it has an appropriate `as` value and it is preloaded intentionally. @ https://sniffies.com/:0
[24466867ms] [WARNING] The resource https://sniffies.com/assets/images/vm-sprite-120px.jpg was preloaded using link preload but not used within a few seconds from the window's load event. Please make sure it has an appropriate `as` value and it is preloaded intentionally. @ https://sniffies.com/:0
[24480268ms] [WARNING] The resource https://sniffies.com/assets/images/vm-sprite-120px.jpg was preloaded using link preload but not used within a few seconds from the window's load event. Please make sure it has an appropriate `as` value and it is preloaded intentionally. @ https://sniffies.com/:0
[24486754ms] [WARNING] The resource https://sniffies.com/assets/images/vm-sprite-120px.jpg was preloaded using link preload but not used within a few seconds from the window's load event. Please make sure it has an appropriate `as` value and it is preloaded intentionally. @ https://sniffies.com/:0
[24500333ms] [WARNING] The resource https://sniffies.com/assets/images/vm-sprite-120px.jpg was preloaded using link preload but not used within a few seconds from the window's load event. Please make sure it has an appropriate `as` value and it is preloaded intentionally. @ https://sniffies.com/:0
[24509489ms] [WARNING] The resource https://sniffies.com/assets/images/vm-sprite-120px.jpg was preloaded using link preload but not used within a few seconds from the window's load event. Please make sure it has an appropriate `as` value and it is preloaded intentionally. @ https://sniffies.com/:0
[24526075ms] [WARNING] The resource https://sniffies.com/assets/images/vm-sprite-120px.jpg was preloaded using link preload but not used within a few seconds from the window's load event. Please make sure it has an appropriate `as` value and it is preloaded intentionally. @ https://sniffies.com/:0
[24531912ms] [WARNING] The resource https://sniffies.com/assets/images/vm-sprite-120px.jpg was preloaded using link preload but not used within a few seconds from the window's load event. Please make sure it has an appropriate `as` value and it is preloaded intentionally. @ https://sniffies.com/:0
[24545231ms] [WARNING] The resource https://sniffies.com/assets/images/vm-sprite-120px.jpg was preloaded using link preload but not used within a few seconds from the window's load event. Please make sure it has an appropriate `as` value and it is preloaded intentionally. @ https://sniffies.com/:0
[24554441ms] [WARNING] The resource https://sniffies.com/assets/images/vm-sprite-120px.jpg was preloaded using link preload but not used within a few seconds from the window's load event. Please make sure it has an appropriate `as` value and it is preloaded intentionally. @ https://sniffies.com/:0
[24564877ms] [WARNING] The resource https://sniffies.com/assets/images/vm-sprite-120px.jpg was preloaded using link preload but not used within a few seconds from the window's load event. Please make sure it has an appropriate `as` value and it is preloaded intentionally. @ https://sniffies.com/:0
[24572857ms] [WARNING] The resource https://sniffies.com/assets/images/vm-sprite-120px.jpg was preloaded using link preload but not used within a few seconds from the window's load event. Please make sure it has an appropriate `as` value and it is preloaded intentionally. @ https://sniffies.com/:0
[24577253ms] [WARNING] The resource https://sniffies.com/assets/images/vm-sprite-120px.jpg was preloaded using link preload but not used within a few seconds from the window's load event. Please make sure it has an appropriate `as` value and it is preloaded intentionally. @ https://sniffies.com/:0
[24586455ms] [WARNING] The resource https://sniffies.com/assets/images/vm-sprite-120px.jpg was preloaded using link preload but not used within a few seconds from the window's load event. Please make sure it has an appropriate `as` value and it is preloaded intentionally. @ https://sniffies.com/:0
[24592850ms] [WARNING] The resource https://sniffies.com/assets/images/vm-sprite-120px.jpg was preloaded using link preload but not used within a few seconds from the window's load event. Please make sure it has an appropriate `as` value and it is preloaded intentionally. @ https://sniffies.com/:0
[24596734ms] [WARNING] The resource https://sniffies.com/assets/images/vm-sprite-120px.jpg was preloaded using link preload but not used within a few seconds from the window's load event. Please make sure it has an appropriate `as` value and it is preloaded intentionally. @ https://sniffies.com/:0
[24624297ms] [WARNING] The resource https://sniffies.com/assets/images/vm-sprite-120px.jpg was preloaded using link preload but not used within a few seconds from the window's load event. Please make sure it has an appropriate `as` value and it is preloaded intentionally. @ https://sniffies.com/:0
[24633590ms] [WARNING] The resource https://sniffies.com/assets/images/vm-sprite-120px.jpg was preloaded using link preload but not used within a few seconds from the window's load event. Please make sure it has an appropriate `as` value and it is preloaded intentionally. @ https://sniffies.com/:0
[24637818ms] [WARNING] The resource https://sniffies.com/assets/images/vm-sprite-120px.jpg was preloaded using link preload but not used within a few seconds from the window's load event. Please make sure it has an appropriate `as` value and it is preloaded intentionally. @ https://sniffies.com/:0
[24650894ms] [WARNING] The resource https://sniffies.com/assets/images/vm-sprite-120px.jpg was preloaded using link preload but not used within a few seconds from the window's load event. Please make sure it has an appropriate `as` value and it is preloaded intentionally. @ https://sniffies.com/:0
[24654183ms] [WARNING] The resource https://sniffies.com/assets/images/vm-sprite-120px.jpg was preloaded using link preload but not used within a few seconds from the window's load event. Please make sure it has an appropriate `as` value and it is preloaded intentionally. @ https://sniffies.com/:0
[24658178ms] [WARNING] The resource https://sniffies.com/assets/images/vm-sprite-120px.jpg was preloaded using link preload but not used within a few seconds from the window's load event. Please make sure it has an appropriate `as` value and it is preloaded intentionally. @ https://sniffies.com/:0
[24666102ms] [WARNING] The resource https://sniffies.com/assets/images/vm-sprite-120px.jpg was preloaded using link preload but not used within a few seconds from the window's load event. Please make sure it has an appropriate `as` value and it is preloaded intentionally. @ https://sniffies.com/:0
[24680246ms] [WARNING] The resource https://sniffies.com/assets/images/vm-sprite-120px.jpg was preloaded using link preload but not used within a few seconds from the window's load event. Please make sure it has an appropriate `as` value and it is preloaded intentionally. @ https://sniffies.com/:0
[24689100ms] [WARNING] The resource https://sniffies.com/assets/images/vm-sprite-120px.jpg was preloaded using link preload but not used within a few seconds from the window's load event. Please make sure it has an appropriate `as` value and it is preloaded intentionally. @ https://sniffies.com/:0
[24698851ms] [WARNING] The resource https://sniffies.com/assets/images/vm-sprite-120px.jpg was preloaded using link preload but not used within a few seconds from the window's load event. Please make sure it has an appropriate `as` value and it is preloaded intentionally. @ https://sniffies.com/:0
[24703339ms] [WARNING] The resource https://sniffies.com/assets/images/vm-sprite-120px.jpg was preloaded using link preload but not used within a few seconds from the window's load event. Please make sure it has an appropriate `as` value and it is preloaded intentionally. @ https://sniffies.com/:0
[24708052ms] [WARNING] The resource https://sniffies.com/assets/images/vm-sprite-120px.jpg was preloaded using link preload but not used within a few seconds from the window's load event. Please make sure it has an appropriate `as` value and it is preloaded intentionally. @ https://sniffies.com/:0
[24714296ms] [WARNING] The resource https://sniffies.com/assets/images/vm-sprite-120px.jpg was preloaded using link preload but not used within a few seconds from the window's load event. Please make sure it has an appropriate `as` value and it is preloaded intentionally. @ https://sniffies.com/:0
[24721859ms] [WARNING] The resource https://sniffies.com/assets/images/vm-sprite-120px.jpg was preloaded using link preload but not used within a few seconds from the window's load event. Please make sure it has an appropriate `as` value and it is preloaded intentionally. @ https://sniffies.com/:0
[24746852ms] [WARNING] The resource https://sniffies.com/assets/images/vm-sprite-120px.jpg was preloaded using link preload but not used within a few seconds from the window's load event. Please make sure it has an appropriate `as` value and it is preloaded intentionally. @ https://sniffies.com/:0
[24750102ms] [WARNING] The resource https://sniffies.com/assets/images/vm-sprite-120px.jpg was preloaded using link preload but not used within a few seconds from the window's load event. Please make sure it has an appropriate `as` value and it is preloaded intentionally. @ https://sniffies.com/:0
[24760183ms] [WARNING] The resource https://sniffies.com/assets/images/vm-sprite-120px.jpg was preloaded using link preload but not used within a few seconds from the window's load event. Please make sure it has an appropriate `as` value and it is preloaded intentionally. @ https://sniffies.com/:0
[24773493ms] [WARNING] The resource https://sniffies.com/assets/images/vm-sprite-120px.jpg was preloaded using link preload but not used within a few seconds from the window's load event. Please make sure it has an appropriate `as` value and it is preloaded intentionally. @ https://sniffies.com/:0
[24784043ms] [WARNING] The resource https://sniffies.com/assets/images/vm-sprite-120px.jpg was preloaded using link preload but not used within a few seconds from the window's load event. Please make sure it has an appropriate `as` value and it is preloaded intentionally. @ https://sniffies.com/:0
[24787265ms] [WARNING] The resource https://sniffies.com/assets/images/vm-sprite-120px.jpg was preloaded using link preload but not used within a few seconds from the window's load event. Please make sure it has an appropriate `as` value and it is preloaded intentionally. @ https://sniffies.com/:0
[24794062ms] [WARNING] The resource https://sniffies.com/assets/images/vm-sprite-120px.jpg was preloaded using link preload but not used within a few seconds from the window's load event. Please make sure it has an appropriate `as` value and it is preloaded intentionally. @ https://sniffies.com/:0
[24804710ms] [WARNING] The resource https://sniffies.com/assets/images/vm-sprite-120px.jpg was preloaded using link preload but not used within a few seconds from the window's load event. Please make sure it has an appropriate `as` value and it is preloaded intentionally. @ https://sniffies.com/:0
[24817378ms] [WARNING] The resource https://sniffies.com/assets/images/vm-sprite-120px.jpg was preloaded using link preload but not used within a few seconds from the window's load event. Please make sure it has an appropriate `as` value and it is preloaded intentionally. @ https://sniffies.com/:0
[24836249ms] [WARNING] The resource https://sniffies.com/assets/images/vm-sprite-120px.jpg was preloaded using link preload but not used within a few seconds from the window's load event. Please make sure it has an appropriate `as` value and it is preloaded intentionally. @ https://sniffies.com/:0
[24849560ms] [WARNING] The resource https://sniffies.com/assets/images/vm-sprite-120px.jpg was preloaded using link preload but not used within a few seconds from the window's load event. Please make sure it has an appropriate `as` value and it is preloaded intentionally. @ https://sniffies.com/:0
[24865158ms] [WARNING] The resource https://sniffies.com/assets/images/vm-sprite-120px.jpg was preloaded using link preload but not used within a few seconds from the window's load event. Please make sure it has an appropriate `as` value and it is preloaded intentionally. @ https://sniffies.com/:0
[24880607ms] [WARNING] The resource https://sniffies.com/assets/images/vm-sprite-120px.jpg was preloaded using link preload but not used within a few seconds from the window's load event. Please make sure it has an appropriate `as` value and it is preloaded intentionally. @ https://sniffies.com/:0
[24886107ms] [WARNING] The resource https://sniffies.com/assets/images/vm-sprite-120px.jpg was preloaded using link preload but not used within a few seconds from the window's load event. Please make sure it has an appropriate `as` value and it is preloaded intentionally. @ https://sniffies.com/:0
[24891753ms] [WARNING] The resource https://sniffies.com/assets/images/vm-sprite-120px.jpg was preloaded using link preload but not used within a few seconds from the window's load event. Please make sure it has an appropriate `as` value and it is preloaded intentionally. @ https://sniffies.com/:0
[24906596ms] [WARNING] The resource https://sniffies.com/assets/images/vm-sprite-120px.jpg was preloaded using link preload but not used within a few seconds from the window's load event. Please make sure it has an appropriate `as` value and it is preloaded intentionally. @ https://sniffies.com/:0
[24912027ms] [WARNING] The resource https://sniffies.com/assets/images/vm-sprite-120px.jpg was preloaded using link preload but not used within a few seconds from the window's load event. Please make sure it has an appropriate `as` value and it is preloaded intentionally. @ https://sniffies.com/:0
[24919718ms] [WARNING] The resource https://sniffies.com/assets/images/vm-sprite-120px.jpg was preloaded using link preload but not used within a few seconds from the window's load event. Please make sure it has an appropriate `as` value and it is preloaded intentionally. @ https://sniffies.com/:0
[24924589ms] [WARNING] The resource https://sniffies.com/assets/images/vm-sprite-120px.jpg was preloaded using link preload but not used within a few seconds from the window's load event. Please make sure it has an appropriate `as` value and it is preloaded intentionally. @ https://sniffies.com/:0
[24934234ms] [WARNING] The resource https://sniffies.com/assets/images/vm-sprite-120px.jpg was preloaded using link preload but not used within a few seconds from the window's load event. Please make sure it has an appropriate `as` value and it is preloaded intentionally. @ https://sniffies.com/:0
[24956425ms] [WARNING] The resource https://sniffies.com/assets/images/vm-sprite-120px.jpg was preloaded using link preload but not used within a few seconds from the window's load event. Please make sure it has an appropriate `as` value and it is preloaded intentionally. @ https://sniffies.com/:0
[24966797ms] [WARNING] The resource https://sniffies.com/assets/images/vm-sprite-120px.jpg was preloaded using link preload but not used within a few seconds from the window's load event. Please make sure it has an appropriate `as` value and it is preloaded intentionally. @ https://sniffies.com/:0
[24970280ms] [WARNING] The resource https://sniffies.com/assets/images/vm-sprite-120px.jpg was preloaded using link preload but not used within a few seconds from the window's load event. Please make sure it has an appropriate `as` value and it is preloaded intentionally. @ https://sniffies.com/:0
[24977224ms] [WARNING] The resource https://sniffies.com/assets/images/vm-sprite-120px.jpg was preloaded using link preload but not used within a few seconds from the window's load event. Please make sure it has an appropriate `as` value and it is preloaded intentionally. @ https://sniffies.com/:0
[24984422ms] [WARNING] The resource https://sniffies.com/assets/images/vm-sprite-120px.jpg was preloaded using link preload but not used within a few seconds from the window's load event. Please make sure it has an appropriate `as` value and it is preloaded intentionally. @ https://sniffies.com/:0
[25005305ms] [WARNING] The resource https://sniffies.com/assets/images/vm-sprite-120px.jpg was preloaded using link preload but not used within a few seconds from the window's load event. Please make sure it has an appropriate `as` value and it is preloaded intentionally. @ https://sniffies.com/:0
[25009713ms] [WARNING] The resource https://sniffies.com/assets/images/vm-sprite-120px.jpg was preloaded using link preload but not used within a few seconds from the window's load event. Please make sure it has an appropriate `as` value and it is preloaded intentionally. @ https://sniffies.com/:0
[25013203ms] [WARNING] The resource https://sniffies.com/assets/images/vm-sprite-120px.jpg was preloaded using link preload but not used within a few seconds from the window's load event. Please make sure it has an appropriate `as` value and it is preloaded intentionally. @ https://sniffies.com/:0
[25024049ms] [WARNING] The resource https://sniffies.com/assets/images/vm-sprite-120px.jpg was preloaded using link preload but not used within a few seconds from the window's load event. Please make sure it has an appropriate `as` value and it is preloaded intentionally. @ https://sniffies.com/:0
[25030298ms] [WARNING] The resource https://sniffies.com/assets/images/vm-sprite-120px.jpg was preloaded using link preload but not used within a few seconds from the window's load event. Please make sure it has an appropriate `as` value and it is preloaded intentionally. @ https://sniffies.com/:0
[25037054ms] [WARNING] The resource https://sniffies.com/assets/images/vm-sprite-120px.jpg was preloaded using link preload but not used within a few seconds from the window's load event. Please make sure it has an appropriate `as` value and it is preloaded intentionally. @ https://sniffies.com/:0
[25047180ms] [WARNING] The resource https://sniffies.com/assets/images/vm-sprite-120px.jpg was preloaded using link preload but not used within a few seconds from the window's load event. Please make sure it has an appropriate `as` value and it is preloaded intentionally. @ https://sniffies.com/:0
[25059673ms] [WARNING] The resource https://sniffies.com/assets/images/vm-sprite-120px.jpg was preloaded using link preload but not used within a few seconds from the window's load event. Please make sure it has an appropriate `as` value and it is preloaded intentionally. @ https://sniffies.com/:0
[25065112ms] [WARNING] The resource https://sniffies.com/assets/images/vm-sprite-120px.jpg was preloaded using link preload but not used within a few seconds from the window's load event. Please make sure it has an appropriate `as` value and it is preloaded intentionally. @ https://sniffies.com/:0
[25075171ms] [WARNING] The resource https://sniffies.com/assets/images/vm-sprite-120px.jpg was preloaded using link preload but not used within a few seconds from the window's load event. Please make sure it has an appropriate `as` value and it is preloaded intentionally. @ https://sniffies.com/:0
[25082531ms] [WARNING] The resource https://sniffies.com/assets/images/vm-sprite-120px.jpg was preloaded using link preload but not used within a few seconds from the window's load event. Please make sure it has an appropriate `as` value and it is preloaded intentionally. @ https://sniffies.com/:0
[25091432ms] [WARNING] The resource https://sniffies.com/assets/images/vm-sprite-120px.jpg was preloaded using link preload but not used within a few seconds from the window's load event. Please make sure it has an appropriate `as` value and it is preloaded intentionally. @ https://sniffies.com/:0
[25101740ms] [WARNING] The resource https://sniffies.com/assets/images/vm-sprite-120px.jpg was preloaded using link preload but not used within a few seconds from the window's load event. Please make sure it has an appropriate `as` value and it is preloaded intentionally. @ https://sniffies.com/:0
[25111808ms] [WARNING] The resource https://sniffies.com/assets/images/vm-sprite-120px.jpg was preloaded using link preload but not used within a few seconds from the window's load event. Please make sure it has an appropriate `as` value and it is preloaded intentionally. @ https://sniffies.com/:0
[25130956ms] [WARNING] The resource https://sniffies.com/assets/images/vm-sprite-120px.jpg was preloaded using link preload but not used within a few seconds from the window's load event. Please make sure it has an appropriate `as` value and it is preloaded intentionally. @ https://sniffies.com/:0
[25153165ms] [WARNING] The resource https://sniffies.com/assets/images/vm-sprite-120px.jpg was preloaded using link preload but not used within a few seconds from the window's load event. Please make sure it has an appropriate `as` value and it is preloaded intentionally. @ https://sniffies.com/:0
[25158810ms] [WARNING] The resource https://sniffies.com/assets/images/vm-sprite-120px.jpg was preloaded using link preload but not used within a few seconds from the window's load event. Please make sure it has an appropriate `as` value and it is preloaded intentionally. @ https://sniffies.com/:0
[25164939ms] [WARNING] The resource https://sniffies.com/assets/images/vm-sprite-120px.jpg was preloaded using link preload but not used within a few seconds from the window's load event. Please make sure it has an appropriate `as` value and it is preloaded intentionally. @ https://sniffies.com/:0
[25168595ms] [WARNING] The resource https://sniffies.com/assets/images/vm-sprite-120px.jpg was preloaded using link preload but not used within a few seconds from the window's load event. Please make sure it has an appropriate `as` value and it is preloaded intentionally. @ https://sniffies.com/:0
[25182267ms] [WARNING] The resource https://sniffies.com/assets/images/vm-sprite-120px.jpg was preloaded using link preload but not used within a few seconds from the window's load event. Please make sure it has an appropriate `as` value and it is preloaded intentionally. @ https://sniffies.com/:0
[25191058ms] [WARNING] The resource https://sniffies.com/assets/images/vm-sprite-120px.jpg was preloaded using link preload but not used within a few seconds from the window's load event. Please make sure it has an appropriate `as` value and it is preloaded intentionally. @ https://sniffies.com/:0
[25194455ms] [WARNING] The resource https://sniffies.com/assets/images/vm-sprite-120px.jpg was preloaded using link preload but not used within a few seconds from the window's load event. Please make sure it has an appropriate `as` value and it is preloaded intentionally. @ https://sniffies.com/:0
[25205455ms] [WARNING] The resource https://sniffies.com/assets/images/vm-sprite-120px.jpg was preloaded using link preload but not used within a few seconds from the window's load event. Please make sure it has an appropriate `as` value and it is preloaded intentionally. @ https://sniffies.com/:0
[25211336ms] [WARNING] The resource https://sniffies.com/assets/images/vm-sprite-120px.jpg was preloaded using link preload but not used within a few seconds from the window's load event. Please make sure it has an appropriate `as` value and it is preloaded intentionally. @ https://sniffies.com/:0
[25215732ms] [WARNING] The resource https://sniffies.com/assets/images/vm-sprite-120px.jpg was preloaded using link preload but not used within a few seconds from the window's load event. Please make sure it has an appropriate `as` value and it is preloaded intentionally. @ https://sniffies.com/:0
[25225795ms] [WARNING] The resource https://sniffies.com/assets/images/vm-sprite-120px.jpg was preloaded using link preload but not used within a few seconds from the window's load event. Please make sure it has an appropriate `as` value and it is preloaded intentionally. @ https://sniffies.com/:0
[25231616ms] [WARNING] The resource https://sniffies.com/assets/images/vm-sprite-120px.jpg was preloaded using link preload but not used within a few seconds from the window's load event. Please make sure it has an appropriate `as` value and it is preloaded intentionally. @ https://sniffies.com/:0
[25237190ms] [WARNING] The resource https://sniffies.com/assets/images/vm-sprite-120px.jpg was preloaded using link preload but not used within a few seconds from the window's load event. Please make sure it has an appropriate `as` value and it is preloaded intentionally. @ https://sniffies.com/:0
[25262643ms] [WARNING] The resource https://sniffies.com/assets/images/vm-sprite-120px.jpg was preloaded using link preload but not used within a few seconds from the window's load event. Please make sure it has an appropriate `as` value and it is preloaded intentionally. @ https://sniffies.com/:0
[25266674ms] [WARNING] The resource https://sniffies.com/assets/images/vm-sprite-120px.jpg was preloaded using link preload but not used within a few seconds from the window's load event. Please make sure it has an appropriate `as` value and it is preloaded intentionally. @ https://sniffies.com/:0
[25276251ms] [WARNING] The resource https://sniffies.com/assets/images/vm-sprite-120px.jpg was preloaded using link preload but not used within a few seconds from the window's load event. Please make sure it has an appropriate `as` value and it is preloaded intentionally. @ https://sniffies.com/:0
[25282401ms] [WARNING] The resource https://sniffies.com/assets/images/vm-sprite-120px.jpg was preloaded using link preload but not used within a few seconds from the window's load event. Please make sure it has an appropriate `as` value and it is preloaded intentionally. @ https://sniffies.com/:0
[25297027ms] [WARNING] The resource https://sniffies.com/assets/images/vm-sprite-120px.jpg was preloaded using link preload but not used within a few seconds from the window's load event. Please make sure it has an appropriate `as` value and it is preloaded intentionally. @ https://sniffies.com/:0
[25310501ms] [WARNING] The resource https://sniffies.com/assets/images/vm-sprite-120px.jpg was preloaded using link preload but not used within a few seconds from the window's load event. Please make sure it has an appropriate `as` value and it is preloaded intentionally. @ https://sniffies.com/:0
[25317941ms] [WARNING] The resource https://sniffies.com/assets/images/vm-sprite-120px.jpg was preloaded using link preload but not used within a few seconds from the window's load event. Please make sure it has an appropriate `as` value and it is preloaded intentionally. @ https://sniffies.com/:0
[25347061ms] [WARNING] The resource https://sniffies.com/assets/images/vm-sprite-120px.jpg was preloaded using link preload but not used within a few seconds from the window's load event. Please make sure it has an appropriate `as` value and it is preloaded intentionally. @ https://sniffies.com/:0
[25351797ms] [WARNING] The resource https://sniffies.com/assets/images/vm-sprite-120px.jpg was preloaded using link preload but not used within a few seconds from the window's load event. Please make sure it has an appropriate `as` value and it is preloaded intentionally. @ https://sniffies.com/:0
[25364458ms] [WARNING] The resource https://sniffies.com/assets/images/vm-sprite-120px.jpg was preloaded using link preload but not used within a few seconds from the window's load event. Please make sure it has an appropriate `as` value and it is preloaded intentionally. @ https://sniffies.com/:0
[25375448ms] [WARNING] The resource https://sniffies.com/assets/images/vm-sprite-120px.jpg was preloaded using link preload but not used within a few seconds from the window's load event. Please make sure it has an appropriate `as` value and it is preloaded intentionally. @ https://sniffies.com/:0
[25389313ms] [WARNING] The resource https://sniffies.com/assets/images/vm-sprite-120px.jpg was preloaded using link preload but not used within a few seconds from the window's load event. Please make sure it has an appropriate `as` value and it is preloaded intentionally. @ https://sniffies.com/:0
[25395503ms] [WARNING] The resource https://sniffies.com/assets/images/vm-sprite-120px.jpg was preloaded using link preload but not used within a few seconds from the window's load event. Please make sure it has an appropriate `as` value and it is preloaded intentionally. @ https://sniffies.com/:0
[25409072ms] [WARNING] The resource https://sniffies.com/assets/images/vm-sprite-120px.jpg was preloaded using link preload but not used within a few seconds from the window's load event. Please make sure it has an appropriate `as` value and it is preloaded intentionally. @ https://sniffies.com/:0
[25412866ms] [WARNING] The resource https://sniffies.com/assets/images/vm-sprite-120px.jpg was preloaded using link preload but not used within a few seconds from the window's load event. Please make sure it has an appropriate `as` value and it is preloaded intentionally. @ https://sniffies.com/:0
[25419725ms] [WARNING] The resource https://sniffies.com/assets/images/vm-sprite-120px.jpg was preloaded using link preload but not used within a few seconds from the window's load event. Please make sure it has an appropriate `as` value and it is preloaded intentionally. @ https://sniffies.com/:0
[25427591ms] [WARNING] The resource https://sniffies.com/assets/images/vm-sprite-120px.jpg was preloaded using link preload but not used within a few seconds from the window's load event. Please make sure it has an appropriate `as` value and it is preloaded intentionally. @ https://sniffies.com/:0
[25433734ms] [WARNING] The resource https://sniffies.com/assets/images/vm-sprite-120px.jpg was preloaded using link preload but not used within a few seconds from the window's load event. Please make sure it has an appropriate `as` value and it is preloaded intentionally. @ https://sniffies.com/:0
[25436889ms] [WARNING] The resource https://sniffies.com/assets/images/vm-sprite-120px.jpg was preloaded using link preload but not used within a few seconds from the window's load event. Please make sure it has an appropriate `as` value and it is preloaded intentionally. @ https://sniffies.com/:0
[25441552ms] [WARNING] The resource https://sniffies.com/assets/images/vm-sprite-120px.jpg was preloaded using link preload but not used within a few seconds from the window's load event. Please make sure it has an appropriate `as` value and it is preloaded intentionally. @ https://sniffies.com/:0
[25458466ms] [WARNING] The resource https://sniffies.com/assets/images/vm-sprite-120px.jpg was preloaded using link preload but not used within a few seconds from the window's load event. Please make sure it has an appropriate `as` value and it is preloaded intentionally. @ https://sniffies.com/:0
[25463242ms] [WARNING] The resource https://sniffies.com/assets/images/vm-sprite-120px.jpg was preloaded using link preload but not used within a few seconds from the window's load event. Please make sure it has an appropriate `as` value and it is preloaded intentionally. @ https://sniffies.com/:0
[25468943ms] [WARNING] The resource https://sniffies.com/assets/images/vm-sprite-120px.jpg was preloaded using link preload but not used within a few seconds from the window's load event. Please make sure it has an appropriate `as` value and it is preloaded intentionally. @ https://sniffies.com/:0
[25497492ms] [WARNING] The resource https://sniffies.com/assets/images/vm-sprite-120px.jpg was preloaded using link preload but not used within a few seconds from the window's load event. Please make sure it has an appropriate `as` value and it is preloaded intentionally. @ https://sniffies.com/:0
[25510422ms] [WARNING] The resource https://sniffies.com/assets/images/vm-sprite-120px.jpg was preloaded using link preload but not used within a few seconds from the window's load event. Please make sure it has an appropriate `as` value and it is preloaded intentionally. @ https://sniffies.com/:0
[25527908ms] [WARNING] The resource https://sniffies.com/assets/images/vm-sprite-120px.jpg was preloaded using link preload but not used within a few seconds from the window's load event. Please make sure it has an appropriate `as` value and it is preloaded intentionally. @ https://sniffies.com/:0
[25531137ms] [WARNING] The resource https://sniffies.com/assets/images/vm-sprite-120px.jpg was preloaded using link preload but not used within a few seconds from the window's load event. Please make sure it has an appropriate `as` value and it is preloaded intentionally. @ https://sniffies.com/:0
[25547416ms] [WARNING] The resource https://sniffies.com/assets/images/vm-sprite-120px.jpg was preloaded using link preload but not used within a few seconds from the window's load event. Please make sure it has an appropriate `as` value and it is preloaded intentionally. @ https://sniffies.com/:0
[25557250ms] [WARNING] The resource https://sniffies.com/assets/images/vm-sprite-120px.jpg was preloaded using link preload but not used within a few seconds from the window's load event. Please make sure it has an appropriate `as` value and it is preloaded intentionally. @ https://sniffies.com/:0
[25561911ms] [WARNING] The resource https://sniffies.com/assets/images/vm-sprite-120px.jpg was preloaded using link preload but not used within a few seconds from the window's load event. Please make sure it has an appropriate `as` value and it is preloaded intentionally. @ https://sniffies.com/:0
[25569065ms] [WARNING] The resource https://sniffies.com/assets/images/vm-sprite-120px.jpg was preloaded using link preload but not used within a few seconds from the window's load event. Please make sure it has an appropriate `as` value and it is preloaded intentionally. @ https://sniffies.com/:0
[25582505ms] [WARNING] The resource https://sniffies.com/assets/images/vm-sprite-120px.jpg was preloaded using link preload but not used within a few seconds from the window's load event. Please make sure it has an appropriate `as` value and it is preloaded intentionally. @ https://sniffies.com/:0
[25593090ms] [WARNING] The resource https://sniffies.com/assets/images/vm-sprite-120px.jpg was preloaded using link preload but not used within a few seconds from the window's load event. Please make sure it has an appropriate `as` value and it is preloaded intentionally. @ https://sniffies.com/:0
[25597981ms] [WARNING] The resource https://sniffies.com/assets/images/vm-sprite-120px.jpg was preloaded using link preload but not used within a few seconds from the window's load event. Please make sure it has an appropriate `as` value and it is preloaded intentionally. @ https://sniffies.com/:0
[25606098ms] [WARNING] The resource https://sniffies.com/assets/images/vm-sprite-120px.jpg was preloaded using link preload but not used within a few seconds from the window's load event. Please make sure it has an appropriate `as` value and it is preloaded intentionally. @ https://sniffies.com/:0
[25631112ms] [WARNING] The resource https://sniffies.com/assets/images/vm-sprite-120px.jpg was preloaded using link preload but not used within a few seconds from the window's load event. Please make sure it has an appropriate `as` value and it is preloaded intentionally. @ https://sniffies.com/:0
[25634751ms] [WARNING] The resource https://sniffies.com/assets/images/vm-sprite-120px.jpg was preloaded using link preload but not used within a few seconds from the window's load event. Please make sure it has an appropriate `as` value and it is preloaded intentionally. @ https://sniffies.com/:0
[25645076ms] [WARNING] The resource https://sniffies.com/assets/images/vm-sprite-120px.jpg was preloaded using link preload but not used within a few seconds from the window's load event. Please make sure it has an appropriate `as` value and it is preloaded intentionally. @ https://sniffies.com/:0
[25665775ms] [WARNING] The resource https://sniffies.com/assets/images/vm-sprite-120px.jpg was preloaded using link preload but not used within a few seconds from the window's load event. Please make sure it has an appropriate `as` value and it is preloaded intentionally. @ https://sniffies.com/:0
[25674219ms] [WARNING] The resource https://sniffies.com/assets/images/vm-sprite-120px.jpg was preloaded using link preload but not used within a few seconds from the window's load event. Please make sure it has an appropriate `as` value and it is preloaded intentionally. @ https://sniffies.com/:0
[25689492ms] [WARNING] The resource https://sniffies.com/assets/images/vm-sprite-120px.jpg was preloaded using link preload but not used within a few seconds from the window's load event. Please make sure it has an appropriate `as` value and it is preloaded intentionally. @ https://sniffies.com/:0
[25727679ms] [WARNING] The resource https://sniffies.com/assets/images/vm-sprite-120px.jpg was preloaded using link preload but not used within a few seconds from the window's load event. Please make sure it has an appropriate `as` value and it is preloaded intentionally. @ https://sniffies.com/:0
[25732498ms] [WARNING] The resource https://sniffies.com/assets/images/vm-sprite-120px.jpg was preloaded using link preload but not used within a few seconds from the window's load event. Please make sure it has an appropriate `as` value and it is preloaded intentionally. @ https://sniffies.com/:0
[25762093ms] [WARNING] The resource https://sniffies.com/assets/images/vm-sprite-120px.jpg was preloaded using link preload but not used within a few seconds from the window's load event. Please make sure it has an appropriate `as` value and it is preloaded intentionally. @ https://sniffies.com/:0
[25766144ms] [WARNING] The resource https://sniffies.com/assets/images/vm-sprite-120px.jpg was preloaded using link preload but not used within a few seconds from the window's load event. Please make sure it has an appropriate `as` value and it is preloaded intentionally. @ https://sniffies.com/:0
[25782895ms] [WARNING] The resource https://sniffies.com/assets/images/vm-sprite-120px.jpg was preloaded using link preload but not used within a few seconds from the window's load event. Please make sure it has an appropriate `as` value and it is preloaded intentionally. @ https://sniffies.com/:0
[25796296ms] [WARNING] The resource https://sniffies.com/assets/images/vm-sprite-120px.jpg was preloaded using link preload but not used within a few seconds from the window's load event. Please make sure it has an appropriate `as` value and it is preloaded intentionally. @ https://sniffies.com/:0
[25806645ms] [WARNING] The resource https://sniffies.com/assets/images/vm-sprite-120px.jpg was preloaded using link preload but not used within a few seconds from the window's load event. Please make sure it has an appropriate `as` value and it is preloaded intentionally. @ https://sniffies.com/:0
[25815238ms] [WARNING] The resource https://sniffies.com/assets/images/vm-sprite-120px.jpg was preloaded using link preload but not used within a few seconds from the window's load event. Please make sure it has an appropriate `as` value and it is preloaded intentionally. @ https://sniffies.com/:0
[25818694ms] [WARNING] The resource https://sniffies.com/assets/images/vm-sprite-120px.jpg was preloaded using link preload but not used within a few seconds from the window's load event. Please make sure it has an appropriate `as` value and it is preloaded intentionally. @ https://sniffies.com/:0
[25835433ms] [WARNING] The resource https://sniffies.com/assets/images/vm-sprite-120px.jpg was preloaded using link preload but not used within a few seconds from the window's load event. Please make sure it has an appropriate `as` value and it is preloaded intentionally. @ https://sniffies.com/:0
[25844832ms] [WARNING] The resource https://sniffies.com/assets/images/vm-sprite-120px.jpg was preloaded using link preload but not used within a few seconds from the window's load event. Please make sure it has an appropriate `as` value and it is preloaded intentionally. @ https://sniffies.com/:0
[25853539ms] [WARNING] The resource https://sniffies.com/assets/images/vm-sprite-120px.jpg was preloaded using link preload but not used within a few seconds from the window's load event. Please make sure it has an appropriate `as` value and it is preloaded intentionally. @ https://sniffies.com/:0
[25859495ms] [WARNING] The resource https://sniffies.com/assets/images/vm-sprite-120px.jpg was preloaded using link preload but not used within a few seconds from the window's load event. Please make sure it has an appropriate `as` value and it is preloaded intentionally. @ https://sniffies.com/:0
[25870443ms] [WARNING] The resource https://sniffies.com/assets/images/vm-sprite-120px.jpg was preloaded using link preload but not used within a few seconds from the window's load event. Please make sure it has an appropriate `as` value and it is preloaded intentionally. @ https://sniffies.com/:0
[25874529ms] [WARNING] The resource https://sniffies.com/assets/images/vm-sprite-120px.jpg was preloaded using link preload but not used within a few seconds from the window's load event. Please make sure it has an appropriate `as` value and it is preloaded intentionally. @ https://sniffies.com/:0
[25891921ms] [WARNING] The resource https://sniffies.com/assets/images/vm-sprite-120px.jpg was preloaded using link preload but not used within a few seconds from the window's load event. Please make sure it has an appropriate `as` value and it is preloaded intentionally. @ https://sniffies.com/:0
[25895710ms] [WARNING] The resource https://sniffies.com/assets/images/vm-sprite-120px.jpg was preloaded using link preload but not used within a few seconds from the window's load event. Please make sure it has an appropriate `as` value and it is preloaded intentionally. @ https://sniffies.com/:0
[25900320ms] [WARNING] The resource https://sniffies.com/assets/images/vm-sprite-120px.jpg was preloaded using link preload but not used within a few seconds from the window's load event. Please make sure it has an appropriate `as` value and it is preloaded intentionally. @ https://sniffies.com/:0
[25917233ms] [WARNING] The resource https://sniffies.com/assets/images/vm-sprite-120px.jpg was preloaded using link preload but not used within a few seconds from the window's load event. Please make sure it has an appropriate `as` value and it is preloaded intentionally. @ https://sniffies.com/:0
[25936855ms] [WARNING] The resource https://sniffies.com/assets/images/vm-sprite-120px.jpg was preloaded using link preload but not used within a few seconds from the window's load event. Please make sure it has an appropriate `as` value and it is preloaded intentionally. @ https://sniffies.com/:0
[25940921ms] [WARNING] The resource https://sniffies.com/assets/images/vm-sprite-120px.jpg was preloaded using link preload but not used within a few seconds from the window's load event. Please make sure it has an appropriate `as` value and it is preloaded intentionally. @ https://sniffies.com/:0
[25948057ms] [WARNING] The resource https://sniffies.com/assets/images/vm-sprite-120px.jpg was preloaded using link preload but not used within a few seconds from the window's load event. Please make sure it has an appropriate `as` value and it is preloaded intentionally. @ https://sniffies.com/:0
[25952466ms] [WARNING] The resource https://sniffies.com/assets/images/vm-sprite-120px.jpg was preloaded using link preload but not used within a few seconds from the window's load event. Please make sure it has an appropriate `as` value and it is preloaded intentionally. @ https://sniffies.com/:0
[25961884ms] [WARNING] The resource https://sniffies.com/assets/images/vm-sprite-120px.jpg was preloaded using link preload but not used within a few seconds from the window's load event. Please make sure it has an appropriate `as` value and it is preloaded intentionally. @ https://sniffies.com/:0
[25966802ms] [WARNING] The resource https://sniffies.com/assets/images/vm-sprite-120px.jpg was preloaded using link preload but not used within a few seconds from the window's load event. Please make sure it has an appropriate `as` value and it is preloaded intentionally. @ https://sniffies.com/:0
[25974574ms] [WARNING] The resource https://sniffies.com/assets/images/vm-sprite-120px.jpg was preloaded using link preload but not used within a few seconds from the window's load event. Please make sure it has an appropriate `as` value and it is preloaded intentionally. @ https://sniffies.com/:0
[25985045ms] [WARNING] The resource https://sniffies.com/assets/images/vm-sprite-120px.jpg was preloaded using link preload but not used within a few seconds from the window's load event. Please make sure it has an appropriate `as` value and it is preloaded intentionally. @ https://sniffies.com/:0
[25989833ms] [WARNING] The resource https://sniffies.com/assets/images/vm-sprite-120px.jpg was preloaded using link preload but not used within a few seconds from the window's load event. Please make sure it has an appropriate `as` value and it is preloaded intentionally. @ https://sniffies.com/:0
[26003816ms] [WARNING] The resource https://sniffies.com/assets/images/vm-sprite-120px.jpg was preloaded using link preload but not used within a few seconds from the window's load event. Please make sure it has an appropriate `as` value and it is preloaded intentionally. @ https://sniffies.com/:0
[26019571ms] [WARNING] The resource https://sniffies.com/assets/images/vm-sprite-120px.jpg was preloaded using link preload but not used within a few seconds from the window's load event. Please make sure it has an appropriate `as` value and it is preloaded intentionally. @ https://sniffies.com/:0
[26025574ms] [WARNING] The resource https://sniffies.com/assets/images/vm-sprite-120px.jpg was preloaded using link preload but not used within a few seconds from the window's load event. Please make sure it has an appropriate `as` value and it is preloaded intentionally. @ https://sniffies.com/:0
[26032536ms] [WARNING] The resource https://sniffies.com/assets/images/vm-sprite-120px.jpg was preloaded using link preload but not used within a few seconds from the window's load event. Please make sure it has an appropriate `as` value and it is preloaded intentionally. @ https://sniffies.com/:0
[26055070ms] [WARNING] The resource https://sniffies.com/assets/images/vm-sprite-120px.jpg was preloaded using link preload but not used within a few seconds from the window's load event. Please make sure it has an appropriate `as` value and it is preloaded intentionally. @ https://sniffies.com/:0
[26093559ms] [WARNING] The resource https://sniffies.com/assets/images/vm-sprite-120px.jpg was preloaded using link preload but not used within a few seconds from the window's load event. Please make sure it has an appropriate `as` value and it is preloaded intentionally. @ https://sniffies.com/:0
[26097354ms] [WARNING] The resource https://sniffies.com/assets/images/vm-sprite-120px.jpg was preloaded using link preload but not used within a few seconds from the window's load event. Please make sure it has an appropriate `as` value and it is preloaded intentionally. @ https://sniffies.com/:0
[26111793ms] [WARNING] The resource https://sniffies.com/assets/images/vm-sprite-120px.jpg was preloaded using link preload but not used within a few seconds from the window's load event. Please make sure it has an appropriate `as` value and it is preloaded intentionally. @ https://sniffies.com/:0
[26134876ms] [WARNING] The resource https://sniffies.com/assets/images/vm-sprite-120px.jpg was preloaded using link preload but not used within a few seconds from the window's load event. Please make sure it has an appropriate `as` value and it is preloaded intentionally. @ https://sniffies.com/:0
[26141069ms] [WARNING] The resource https://sniffies.com/assets/images/vm-sprite-120px.jpg was preloaded using link preload but not used within a few seconds from the window's load event. Please make sure it has an appropriate `as` value and it is preloaded intentionally. @ https://sniffies.com/:0
[26159114ms] [WARNING] The resource https://sniffies.com/assets/images/vm-sprite-120px.jpg was preloaded using link preload but not used within a few seconds from the window's load event. Please make sure it has an appropriate `as` value and it is preloaded intentionally. @ https://sniffies.com/:0
[26179890ms] [WARNING] The resource https://sniffies.com/assets/images/vm-sprite-120px.jpg was preloaded using link preload but not used within a few seconds from the window's load event. Please make sure it has an appropriate `as` value and it is preloaded intentionally. @ https://sniffies.com/:0
[26186636ms] [WARNING] The resource https://sniffies.com/assets/images/vm-sprite-120px.jpg was preloaded using link preload but not used within a few seconds from the window's load event. Please make sure it has an appropriate `as` value and it is preloaded intentionally. @ https://sniffies.com/:0
[26192483ms] [WARNING] The resource https://sniffies.com/assets/images/vm-sprite-120px.jpg was preloaded using link preload but not used within a few seconds from the window's load event. Please make sure it has an appropriate `as` value and it is preloaded intentionally. @ https://sniffies.com/:0
[26199235ms] [WARNING] The resource https://sniffies.com/assets/images/vm-sprite-120px.jpg was preloaded using link preload but not used within a few seconds from the window's load event. Please make sure it has an appropriate `as` value and it is preloaded intentionally. @ https://sniffies.com/:0
[26215182ms] [WARNING] The resource https://sniffies.com/assets/images/vm-sprite-120px.jpg was preloaded using link preload but not used within a few seconds from the window's load event. Please make sure it has an appropriate `as` value and it is preloaded intentionally. @ https://sniffies.com/:0
[26224245ms] [WARNING] The resource https://sniffies.com/assets/images/vm-sprite-120px.jpg was preloaded using link preload but not used within a few seconds from the window's load event. Please make sure it has an appropriate `as` value and it is preloaded intentionally. @ https://sniffies.com/:0
[26230101ms] [WARNING] The resource https://sniffies.com/assets/images/vm-sprite-120px.jpg was preloaded using link preload but not used within a few seconds from the window's load event. Please make sure it has an appropriate `as` value and it is preloaded intentionally. @ https://sniffies.com/:0
[26241529ms] [WARNING] The resource https://sniffies.com/assets/images/vm-sprite-120px.jpg was preloaded using link preload but not used within a few seconds from the window's load event. Please make sure it has an appropriate `as` value and it is preloaded intentionally. @ https://sniffies.com/:0
[26251017ms] [WARNING] The resource https://sniffies.com/assets/images/vm-sprite-120px.jpg was preloaded using link preload but not used within a few seconds from the window's load event. Please make sure it has an appropriate `as` value and it is preloaded intentionally. @ https://sniffies.com/:0
[26255714ms] [WARNING] The resource https://sniffies.com/assets/images/vm-sprite-120px.jpg was preloaded using link preload but not used within a few seconds from the window's load event. Please make sure it has an appropriate `as` value and it is preloaded intentionally. @ https://sniffies.com/:0
[26265803ms] [WARNING] The resource https://sniffies.com/assets/images/vm-sprite-120px.jpg was preloaded using link preload but not used within a few seconds from the window's load event. Please make sure it has an appropriate `as` value and it is preloaded intentionally. @ https://sniffies.com/:0
[26282393ms] [WARNING] The resource https://sniffies.com/assets/images/vm-sprite-120px.jpg was preloaded using link preload but not used within a few seconds from the window's load event. Please make sure it has an appropriate `as` value and it is preloaded intentionally. @ https://sniffies.com/:0
[26291313ms] [WARNING] The resource https://sniffies.com/assets/images/vm-sprite-120px.jpg was preloaded using link preload but not used within a few seconds from the window's load event. Please make sure it has an appropriate `as` value and it is preloaded intentionally. @ https://sniffies.com/:0
[26294889ms] [WARNING] The resource https://sniffies.com/assets/images/vm-sprite-120px.jpg was preloaded using link preload but not used within a few seconds from the window's load event. Please make sure it has an appropriate `as` value and it is preloaded intentionally. @ https://sniffies.com/:0
[26298883ms] [WARNING] The resource https://sniffies.com/assets/images/vm-sprite-120px.jpg was preloaded using link preload but not used within a few seconds from the window's load event. Please make sure it has an appropriate `as` value and it is preloaded intentionally. @ https://sniffies.com/:0
[26328895ms] [WARNING] The resource https://sniffies.com/assets/images/vm-sprite-120px.jpg was preloaded using link preload but not used within a few seconds from the window's load event. Please make sure it has an appropriate `as` value and it is preloaded intentionally. @ https://sniffies.com/:0
[26350854ms] [WARNING] The resource https://sniffies.com/assets/images/vm-sprite-120px.jpg was preloaded using link preload but not used within a few seconds from the window's load event. Please make sure it has an appropriate `as` value and it is preloaded intentionally. @ https://sniffies.com/:0
[26379170ms] [WARNING] The resource https://sniffies.com/assets/images/vm-sprite-120px.jpg was preloaded using link preload but not used within a few seconds from the window's load event. Please make sure it has an appropriate `as` value and it is preloaded intentionally. @ https://sniffies.com/:0
[26388379ms] [WARNING] The resource https://sniffies.com/assets/images/vm-sprite-120px.jpg was preloaded using link preload but not used within a few seconds from the window's load event. Please make sure it has an appropriate `as` value and it is preloaded intentionally. @ https://sniffies.com/:0
[26391865ms] [WARNING] The resource https://sniffies.com/assets/images/vm-sprite-120px.jpg was preloaded using link preload but not used within a few seconds from the window's load event. Please make sure it has an appropriate `as` value and it is preloaded intentionally. @ https://sniffies.com/:0
[26400469ms] [WARNING] The resource https://sniffies.com/assets/images/vm-sprite-120px.jpg was preloaded using link preload but not used within a few seconds from the window's load event. Please make sure it has an appropriate `as` value and it is preloaded intentionally. @ https://sniffies.com/:0
[26438520ms] [WARNING] The resource https://sniffies.com/assets/images/vm-sprite-120px.jpg was preloaded using link preload but not used within a few seconds from the window's load event. Please make sure it has an appropriate `as` value and it is preloaded intentionally. @ https://sniffies.com/:0
[26450641ms] [WARNING] The resource https://sniffies.com/assets/images/vm-sprite-120px.jpg was preloaded using link preload but not used within a few seconds from the window's load event. Please make sure it has an appropriate `as` value and it is preloaded intentionally. @ https://sniffies.com/:0
[26464145ms] [WARNING] The resource https://sniffies.com/assets/images/vm-sprite-120px.jpg was preloaded using link preload but not used within a few seconds from the window's load event. Please make sure it has an appropriate `as` value and it is preloaded intentionally. @ https://sniffies.com/:0
[26472320ms] [WARNING] The resource https://sniffies.com/assets/images/vm-sprite-120px.jpg was preloaded using link preload but not used within a few seconds from the window's load event. Please make sure it has an appropriate `as` value and it is preloaded intentionally. @ https://sniffies.com/:0
[26484447ms] [WARNING] The resource https://sniffies.com/assets/images/vm-sprite-120px.jpg was preloaded using link preload but not used within a few seconds from the window's load event. Please make sure it has an appropriate `as` value and it is preloaded intentionally. @ https://sniffies.com/:0
[26489037ms] [WARNING] The resource https://sniffies.com/assets/images/vm-sprite-120px.jpg was preloaded using link preload but not used within a few seconds from the window's load event. Please make sure it has an appropriate `as` value and it is preloaded intentionally. @ https://sniffies.com/:0
[26494868ms] [WARNING] The resource https://sniffies.com/assets/images/vm-sprite-120px.jpg was preloaded using link preload but not used within a few seconds from the window's load event. Please make sure it has an appropriate `as` value and it is preloaded intentionally. @ https://sniffies.com/:0
[26518995ms] [WARNING] The resource https://sniffies.com/assets/images/vm-sprite-120px.jpg was preloaded using link preload but not used within a few seconds from the window's load event. Please make sure it has an appropriate `as` value and it is preloaded intentionally. @ https://sniffies.com/:0
[26524049ms] [WARNING] The resource https://sniffies.com/assets/images/vm-sprite-120px.jpg was preloaded using link preload but not used within a few seconds from the window's load event. Please make sure it has an appropriate `as` value and it is preloaded intentionally. @ https://sniffies.com/:0
[26530740ms] [WARNING] The resource https://sniffies.com/assets/images/vm-sprite-120px.jpg was preloaded using link preload but not used within a few seconds from the window's load event. Please make sure it has an appropriate `as` value and it is preloaded intentionally. @ https://sniffies.com/:0
[26537782ms] [WARNING] The resource https://sniffies.com/assets/images/vm-sprite-120px.jpg was preloaded using link preload but not used within a few seconds from the window's load event. Please make sure it has an appropriate `as` value and it is preloaded intentionally. @ https://sniffies.com/:0
[26548021ms] [WARNING] The resource https://sniffies.com/assets/images/vm-sprite-120px.jpg was preloaded using link preload but not used within a few seconds from the window's load event. Please make sure it has an appropriate `as` value and it is preloaded intentionally. @ https://sniffies.com/:0
[26554477ms] [WARNING] The resource https://sniffies.com/assets/images/vm-sprite-120px.jpg was preloaded using link preload but not used within a few seconds from the window's load event. Please make sure it has an appropriate `as` value and it is preloaded intentionally. @ https://sniffies.com/:0
[26558611ms] [WARNING] The resource https://sniffies.com/assets/images/vm-sprite-120px.jpg was preloaded using link preload but not used within a few seconds from the window's load event. Please make sure it has an appropriate `as` value and it is preloaded intentionally. @ https://sniffies.com/:0
[26567362ms] [WARNING] The resource https://sniffies.com/assets/images/vm-sprite-120px.jpg was preloaded using link preload but not used within a few seconds from the window's load event. Please make sure it has an appropriate `as` value and it is preloaded intentionally. @ https://sniffies.com/:0
[26579564ms] [WARNING] The resource https://sniffies.com/assets/images/vm-sprite-120px.jpg was preloaded using link preload but not used within a few seconds from the window's load event. Please make sure it has an appropriate `as` value and it is preloaded intentionally. @ https://sniffies.com/:0
[26589802ms] [WARNING] The resource https://sniffies.com/assets/images/vm-sprite-120px.jpg was preloaded using link preload but not used within a few seconds from the window's load event. Please make sure it has an appropriate `as` value and it is preloaded intentionally. @ https://sniffies.com/:0
[26608339ms] [WARNING] The resource https://sniffies.com/assets/images/vm-sprite-120px.jpg was preloaded using link preload but not used within a few seconds from the window's load event. Please make sure it has an appropriate `as` value and it is preloaded intentionally. @ https://sniffies.com/:0
[26613158ms] [WARNING] The resource https://sniffies.com/assets/images/vm-sprite-120px.jpg was preloaded using link preload but not used within a few seconds from the window's load event. Please make sure it has an appropriate `as` value and it is preloaded intentionally. @ https://sniffies.com/:0
[26619017ms] [WARNING] The resource https://sniffies.com/assets/images/vm-sprite-120px.jpg was preloaded using link preload but not used within a few seconds from the window's load event. Please make sure it has an appropriate `as` value and it is preloaded intentionally. @ https://sniffies.com/:0
[26623922ms] [WARNING] The resource https://sniffies.com/assets/images/vm-sprite-120px.jpg was preloaded using link preload but not used within a few seconds from the window's load event. Please make sure it has an appropriate `as` value and it is preloaded intentionally. @ https://sniffies.com/:0
[26630254ms] [WARNING] The resource https://sniffies.com/assets/images/vm-sprite-120px.jpg was preloaded using link preload but not used within a few seconds from the window's load event. Please make sure it has an appropriate `as` value and it is preloaded intentionally. @ https://sniffies.com/:0
[26637346ms] [WARNING] The resource https://sniffies.com/assets/images/vm-sprite-120px.jpg was preloaded using link preload but not used within a few seconds from the window's load event. Please make sure it has an appropriate `as` value and it is preloaded intentionally. @ https://sniffies.com/:0
[26662296ms] [WARNING] The resource https://sniffies.com/assets/images/vm-sprite-120px.jpg was preloaded using link preload but not used within a few seconds from the window's load event. Please make sure it has an appropriate `as` value and it is preloaded intentionally. @ https://sniffies.com/:0
[26683398ms] [WARNING] The resource https://sniffies.com/assets/images/vm-sprite-120px.jpg was preloaded using link preload but not used within a few seconds from the window's load event. Please make sure it has an appropriate `as` value and it is preloaded intentionally. @ https://sniffies.com/:0
[26694063ms] [WARNING] The resource https://sniffies.com/assets/images/vm-sprite-120px.jpg was preloaded using link preload but not used within a few seconds from the window's load event. Please make sure it has an appropriate `as` value and it is preloaded intentionally. @ https://sniffies.com/:0
[26698953ms] [WARNING] The resource https://sniffies.com/assets/images/vm-sprite-120px.jpg was preloaded using link preload but not used within a few seconds from the window's load event. Please make sure it has an appropriate `as` value and it is preloaded intentionally. @ https://sniffies.com/:0
[26710745ms] [WARNING] The resource https://sniffies.com/assets/images/vm-sprite-120px.jpg was preloaded using link preload but not used within a few seconds from the window's load event. Please make sure it has an appropriate `as` value and it is preloaded intentionally. @ https://sniffies.com/:0
[26721077ms] [WARNING] The resource https://sniffies.com/assets/images/vm-sprite-120px.jpg was preloaded using link preload but not used within a few seconds from the window's load event. Please make sure it has an appropriate `as` value and it is preloaded intentionally. @ https://sniffies.com/:0
[26728065ms] [WARNING] The resource https://sniffies.com/assets/images/vm-sprite-120px.jpg was preloaded using link preload but not used within a few seconds from the window's load event. Please make sure it has an appropriate `as` value and it is preloaded intentionally. @ https://sniffies.com/:0
[26737180ms] [WARNING] The resource https://sniffies.com/assets/images/vm-sprite-120px.jpg was preloaded using link preload but not used within a few seconds from the window's load event. Please make sure it has an appropriate `as` value and it is preloaded intentionally. @ https://sniffies.com/:0
[26756808ms] [WARNING] The resource https://sniffies.com/assets/images/vm-sprite-120px.jpg was preloaded using link preload but not used within a few seconds from the window's load event. Please make sure it has an appropriate `as` value and it is preloaded intentionally. @ https://sniffies.com/:0
[26769175ms] [WARNING] The resource https://sniffies.com/assets/images/vm-sprite-120px.jpg was preloaded using link preload but not used within a few seconds from the window's load event. Please make sure it has an appropriate `as` value and it is preloaded intentionally. @ https://sniffies.com/:0
[26775545ms] [WARNING] The resource https://sniffies.com/assets/images/vm-sprite-120px.jpg was preloaded using link preload but not used within a few seconds from the window's load event. Please make sure it has an appropriate `as` value and it is preloaded intentionally. @ https://sniffies.com/:0
[26783544ms] [WARNING] The resource https://sniffies.com/assets/images/vm-sprite-120px.jpg was preloaded using link preload but not used within a few seconds from the window's load event. Please make sure it has an appropriate `as` value and it is preloaded intentionally. @ https://sniffies.com/:0
[26792667ms] [WARNING] The resource https://sniffies.com/assets/images/vm-sprite-120px.jpg was preloaded using link preload but not used within a few seconds from the window's load event. Please make sure it has an appropriate `as` value and it is preloaded intentionally. @ https://sniffies.com/:0
[26796638ms] [WARNING] The resource https://sniffies.com/assets/images/vm-sprite-120px.jpg was preloaded using link preload but not used within a few seconds from the window's load event. Please make sure it has an appropriate `as` value and it is preloaded intentionally. @ https://sniffies.com/:0
[26806386ms] [WARNING] The resource https://sniffies.com/assets/images/vm-sprite-120px.jpg was preloaded using link preload but not used within a few seconds from the window's load event. Please make sure it has an appropriate `as` value and it is preloaded intentionally. @ https://sniffies.com/:0
[26809529ms] [WARNING] The resource https://sniffies.com/assets/images/vm-sprite-120px.jpg was preloaded using link preload but not used within a few seconds from the window's load event. Please make sure it has an appropriate `as` value and it is preloaded intentionally. @ https://sniffies.com/:0
[26813282ms] [WARNING] The resource https://sniffies.com/assets/images/vm-sprite-120px.jpg was preloaded using link preload but not used within a few seconds from the window's load event. Please make sure it has an appropriate `as` value and it is preloaded intentionally. @ https://sniffies.com/:0
[26822316ms] [WARNING] The resource https://sniffies.com/assets/images/vm-sprite-120px.jpg was preloaded using link preload but not used within a few seconds from the window's load event. Please make sure it has an appropriate `as` value and it is preloaded intentionally. @ https://sniffies.com/:0
[26830249ms] [WARNING] The resource https://sniffies.com/assets/images/vm-sprite-120px.jpg was preloaded using link preload but not used within a few seconds from the window's load event. Please make sure it has an appropriate `as` value and it is preloaded intentionally. @ https://sniffies.com/:0
[26852958ms] [WARNING] The resource https://sniffies.com/assets/images/vm-sprite-120px.jpg was preloaded using link preload but not used within a few seconds from the window's load event. Please make sure it has an appropriate `as` value and it is preloaded intentionally. @ https://sniffies.com/:0
[26863913ms] [WARNING] The resource https://sniffies.com/assets/images/vm-sprite-120px.jpg was preloaded using link preload but not used within a few seconds from the window's load event. Please make sure it has an appropriate `as` value and it is preloaded intentionally. @ https://sniffies.com/:0
[26878257ms] [WARNING] The resource https://sniffies.com/assets/images/vm-sprite-120px.jpg was preloaded using link preload but not used within a few seconds from the window's load event. Please make sure it has an appropriate `as` value and it is preloaded intentionally. @ https://sniffies.com/:0
[26889906ms] [WARNING] The resource https://sniffies.com/assets/images/vm-sprite-120px.jpg was preloaded using link preload but not used within a few seconds from the window's load event. Please make sure it has an appropriate `as` value and it is preloaded intentionally. @ https://sniffies.com/:0
[26896585ms] [WARNING] The resource https://sniffies.com/assets/images/vm-sprite-120px.jpg was preloaded using link preload but not used within a few seconds from the window's load event. Please make sure it has an appropriate `as` value and it is preloaded intentionally. @ https://sniffies.com/:0
[26904480ms] [WARNING] The resource https://sniffies.com/assets/images/vm-sprite-120px.jpg was preloaded using link preload but not used within a few seconds from the window's load event. Please make sure it has an appropriate `as` value and it is preloaded intentionally. @ https://sniffies.com/:0
[26910082ms] [WARNING] The resource https://sniffies.com/assets/images/vm-sprite-120px.jpg was preloaded using link preload but not used within a few seconds from the window's load event. Please make sure it has an appropriate `as` value and it is preloaded intentionally. @ https://sniffies.com/:0
[26925030ms] [WARNING] The resource https://sniffies.com/assets/images/vm-sprite-120px.jpg was preloaded using link preload but not used within a few seconds from the window's load event. Please make sure it has an appropriate `as` value and it is preloaded intentionally. @ https://sniffies.com/:0
[26944626ms] [WARNING] The resource https://sniffies.com/assets/images/vm-sprite-120px.jpg was preloaded using link preload but not used within a few seconds from the window's load event. Please make sure it has an appropriate `as` value and it is preloaded intentionally. @ https://sniffies.com/:0
[26950386ms] [WARNING] The resource https://sniffies.com/assets/images/vm-sprite-120px.jpg was preloaded using link preload but not used within a few seconds from the window's load event. Please make sure it has an appropriate `as` value and it is preloaded intentionally. @ https://sniffies.com/:0
[26955314ms] [WARNING] The resource https://sniffies.com/assets/images/vm-sprite-120px.jpg was preloaded using link preload but not used within a few seconds from the window's load event. Please make sure it has an appropriate `as` value and it is preloaded intentionally. @ https://sniffies.com/:0
[26971196ms] [WARNING] The resource https://sniffies.com/assets/images/vm-sprite-120px.jpg was preloaded using link preload but not used within a few seconds from the window's load event. Please make sure it has an appropriate `as` value and it is preloaded intentionally. @ https://sniffies.com/:0
[26986201ms] [WARNING] The resource https://sniffies.com/assets/images/vm-sprite-120px.jpg was preloaded using link preload but not used within a few seconds from the window's load event. Please make sure it has an appropriate `as` value and it is preloaded intentionally. @ https://sniffies.com/:0
[26999712ms] [WARNING] The resource https://sniffies.com/assets/images/vm-sprite-120px.jpg was preloaded using link preload but not used within a few seconds from the window's load event. Please make sure it has an appropriate `as` value and it is preloaded intentionally. @ https://sniffies.com/:0
[27023114ms] [WARNING] The resource https://sniffies.com/assets/images/vm-sprite-120px.jpg was preloaded using link preload but not used within a few seconds from the window's load event. Please make sure it has an appropriate `as` value and it is preloaded intentionally. @ https://sniffies.com/:0
[27040482ms] [WARNING] The resource https://sniffies.com/assets/images/vm-sprite-120px.jpg was preloaded using link preload but not used within a few seconds from the window's load event. Please make sure it has an appropriate `as` value and it is preloaded intentionally. @ https://sniffies.com/:0
[27054955ms] [WARNING] The resource https://sniffies.com/assets/images/vm-sprite-120px.jpg was preloaded using link preload but not used within a few seconds from the window's load event. Please make sure it has an appropriate `as` value and it is preloaded intentionally. @ https://sniffies.com/:0
[27069768ms] [WARNING] The resource https://sniffies.com/assets/images/vm-sprite-120px.jpg was preloaded using link preload but not used within a few seconds from the window's load event. Please make sure it has an appropriate `as` value and it is preloaded intentionally. @ https://sniffies.com/:0
[27080521ms] [WARNING] The resource https://sniffies.com/assets/images/vm-sprite-120px.jpg was preloaded using link preload but not used within a few seconds from the window's load event. Please make sure it has an appropriate `as` value and it is preloaded intentionally. @ https://sniffies.com/:0
[27084305ms] [WARNING] The resource https://sniffies.com/assets/images/vm-sprite-120px.jpg was preloaded using link preload but not used within a few seconds from the window's load event. Please make sure it has an appropriate `as` value and it is preloaded intentionally. @ https://sniffies.com/:0
[27088642ms] [WARNING] The resource https://sniffies.com/assets/images/vm-sprite-120px.jpg was preloaded using link preload but not used within a few seconds from the window's load event. Please make sure it has an appropriate `as` value and it is preloaded intentionally. @ https://sniffies.com/:0
[27095432ms] [WARNING] The resource https://sniffies.com/assets/images/vm-sprite-120px.jpg was preloaded using link preload but not used within a few seconds from the window's load event. Please make sure it has an appropriate `as` value and it is preloaded intentionally. @ https://sniffies.com/:0
[27106022ms] [WARNING] The resource https://sniffies.com/assets/images/vm-sprite-120px.jpg was preloaded using link preload but not used within a few seconds from the window's load event. Please make sure it has an appropriate `as` value and it is preloaded intentionally. @ https://sniffies.com/:0
[27113073ms] [WARNING] The resource https://sniffies.com/assets/images/vm-sprite-120px.jpg was preloaded using link preload but not used within a few seconds from the window's load event. Please make sure it has an appropriate `as` value and it is preloaded intentionally. @ https://sniffies.com/:0
[27123128ms] [WARNING] The resource https://sniffies.com/assets/images/vm-sprite-120px.jpg was preloaded using link preload but not used within a few seconds from the window's load event. Please make sure it has an appropriate `as` value and it is preloaded intentionally. @ https://sniffies.com/:0
[27127159ms] [WARNING] The resource https://sniffies.com/assets/images/vm-sprite-120px.jpg was preloaded using link preload but not used within a few seconds from the window's load event. Please make sure it has an appropriate `as` value and it is preloaded intentionally. @ https://sniffies.com/:0
[27130501ms] [WARNING] The resource https://sniffies.com/assets/images/vm-sprite-120px.jpg was preloaded using link preload but not used within a few seconds from the window's load event. Please make sure it has an appropriate `as` value and it is preloaded intentionally. @ https://sniffies.com/:0
[27166666ms] [WARNING] The resource https://sniffies.com/assets/images/vm-sprite-120px.jpg was preloaded using link preload but not used within a few seconds from the window's load event. Please make sure it has an appropriate `as` value and it is preloaded intentionally. @ https://sniffies.com/:0
[27171602ms] [WARNING] The resource https://sniffies.com/assets/images/vm-sprite-120px.jpg was preloaded using link preload but not used within a few seconds from the window's load event. Please make sure it has an appropriate `as` value and it is preloaded intentionally. @ https://sniffies.com/:0
[27177808ms] [WARNING] The resource https://sniffies.com/assets/images/vm-sprite-120px.jpg was preloaded using link preload but not used within a few seconds from the window's load event. Please make sure it has an appropriate `as` value and it is preloaded intentionally. @ https://sniffies.com/:0
[27189449ms] [WARNING] The resource https://sniffies.com/assets/images/vm-sprite-120px.jpg was preloaded using link preload but not used within a few seconds from the window's load event. Please make sure it has an appropriate `as` value and it is preloaded intentionally. @ https://sniffies.com/:0
[27193548ms] [WARNING] The resource https://sniffies.com/assets/images/vm-sprite-120px.jpg was preloaded using link preload but not used within a few seconds from the window's load event. Please make sure it has an appropriate `as` value and it is preloaded intentionally. @ https://sniffies.com/:0
[27211881ms] [WARNING] The resource https://sniffies.com/assets/images/vm-sprite-120px.jpg was preloaded using link preload but not used within a few seconds from the window's load event. Please make sure it has an appropriate `as` value and it is preloaded intentionally. @ https://sniffies.com/:0
[27221620ms] [WARNING] The resource https://sniffies.com/assets/images/vm-sprite-120px.jpg was preloaded using link preload but not used within a few seconds from the window's load event. Please make sure it has an appropriate `as` value and it is preloaded intentionally. @ https://sniffies.com/:0
[27231654ms] [WARNING] The resource https://sniffies.com/assets/images/vm-sprite-120px.jpg was preloaded using link preload but not used within a few seconds from the window's load event. Please make sure it has an appropriate `as` value and it is preloaded intentionally. @ https://sniffies.com/:0
[27245281ms] [WARNING] The resource https://sniffies.com/assets/images/vm-sprite-120px.jpg was preloaded using link preload but not used within a few seconds from the window's load event. Please make sure it has an appropriate `as` value and it is preloaded intentionally. @ https://sniffies.com/:0
[27248972ms] [WARNING] The resource https://sniffies.com/assets/images/vm-sprite-120px.jpg was preloaded using link preload but not used within a few seconds from the window's load event. Please make sure it has an appropriate `as` value and it is preloaded intentionally. @ https://sniffies.com/:0
[27261257ms] [WARNING] The resource https://sniffies.com/assets/images/vm-sprite-120px.jpg was preloaded using link preload but not used within a few seconds from the window's load event. Please make sure it has an appropriate `as` value and it is preloaded intentionally. @ https://sniffies.com/:0
[27291767ms] [WARNING] The resource https://sniffies.com/assets/images/vm-sprite-120px.jpg was preloaded using link preload but not used within a few seconds from the window's load event. Please make sure it has an appropriate `as` value and it is preloaded intentionally. @ https://sniffies.com/:0
[27298263ms] [WARNING] The resource https://sniffies.com/assets/images/vm-sprite-120px.jpg was preloaded using link preload but not used within a few seconds from the window's load event. Please make sure it has an appropriate `as` value and it is preloaded intentionally. @ https://sniffies.com/:0
[27315748ms] [WARNING] The resource https://sniffies.com/assets/images/vm-sprite-120px.jpg was preloaded using link preload but not used within a few seconds from the window's load event. Please make sure it has an appropriate `as` value and it is preloaded intentionally. @ https://sniffies.com/:0
[27336477ms] [WARNING] The resource https://sniffies.com/assets/images/vm-sprite-120px.jpg was preloaded using link preload but not used within a few seconds from the window's load event. Please make sure it has an appropriate `as` value and it is preloaded intentionally. @ https://sniffies.com/:0
[27355678ms] [WARNING] The resource https://sniffies.com/assets/images/vm-sprite-120px.jpg was preloaded using link preload but not used within a few seconds from the window's load event. Please make sure it has an appropriate `as` value and it is preloaded intentionally. @ https://sniffies.com/:0
[27364729ms] [WARNING] The resource https://sniffies.com/assets/images/vm-sprite-120px.jpg was preloaded using link preload but not used within a few seconds from the window's load event. Please make sure it has an appropriate `as` value and it is preloaded intentionally. @ https://sniffies.com/:0
[27368599ms] [WARNING] The resource https://sniffies.com/assets/images/vm-sprite-120px.jpg was preloaded using link preload but not used within a few seconds from the window's load event. Please make sure it has an appropriate `as` value and it is preloaded intentionally. @ https://sniffies.com/:0
[27394178ms] [WARNING] The resource https://sniffies.com/assets/images/vm-sprite-120px.jpg was preloaded using link preload but not used within a few seconds from the window's load event. Please make sure it has an appropriate `as` value and it is preloaded intentionally. @ https://sniffies.com/:0
[27399399ms] [WARNING] The resource https://sniffies.com/assets/images/vm-sprite-120px.jpg was preloaded using link preload but not used within a few seconds from the window's load event. Please make sure it has an appropriate `as` value and it is preloaded intentionally. @ https://sniffies.com/:0
[27403312ms] [WARNING] The resource https://sniffies.com/assets/images/vm-sprite-120px.jpg was preloaded using link preload but not used within a few seconds from the window's load event. Please make sure it has an appropriate `as` value and it is preloaded intentionally. @ https://sniffies.com/:0
[27416005ms] [WARNING] The resource https://sniffies.com/assets/images/vm-sprite-120px.jpg was preloaded using link preload but not used within a few seconds from the window's load event. Please make sure it has an appropriate `as` value and it is preloaded intentionally. @ https://sniffies.com/:0
[27430734ms] [WARNING] The resource https://sniffies.com/assets/images/vm-sprite-120px.jpg was preloaded using link preload but not used within a few seconds from the window's load event. Please make sure it has an appropriate `as` value and it is preloaded intentionally. @ https://sniffies.com/:0
[27438734ms] [WARNING] The resource https://sniffies.com/assets/images/vm-sprite-120px.jpg was preloaded using link preload but not used within a few seconds from the window's load event. Please make sure it has an appropriate `as` value and it is preloaded intentionally. @ https://sniffies.com/:0
[27451535ms] [WARNING] The resource https://sniffies.com/assets/images/vm-sprite-120px.jpg was preloaded using link preload but not used within a few seconds from the window's load event. Please make sure it has an appropriate `as` value and it is preloaded intentionally. @ https://sniffies.com/:0
[27479376ms] [WARNING] The resource https://sniffies.com/assets/images/vm-sprite-120px.jpg was preloaded using link preload but not used within a few seconds from the window's load event. Please make sure it has an appropriate `as` value and it is preloaded intentionally. @ https://sniffies.com/:0
[27496334ms] [WARNING] The resource https://sniffies.com/assets/images/vm-sprite-120px.jpg was preloaded using link preload but not used within a few seconds from the window's load event. Please make sure it has an appropriate `as` value and it is preloaded intentionally. @ https://sniffies.com/:0
[27500259ms] [WARNING] The resource https://sniffies.com/assets/images/vm-sprite-120px.jpg was preloaded using link preload but not used within a few seconds from the window's load event. Please make sure it has an appropriate `as` value and it is preloaded intentionally. @ https://sniffies.com/:0
[27511844ms] [WARNING] The resource https://sniffies.com/assets/images/vm-sprite-120px.jpg was preloaded using link preload but not used within a few seconds from the window's load event. Please make sure it has an appropriate `as` value and it is preloaded intentionally. @ https://sniffies.com/:0
[27519199ms] [WARNING] The resource https://sniffies.com/assets/images/vm-sprite-120px.jpg was preloaded using link preload but not used within a few seconds from the window's load event. Please make sure it has an appropriate `as` value and it is preloaded intentionally. @ https://sniffies.com/:0
[27523704ms] [WARNING] The resource https://sniffies.com/assets/images/vm-sprite-120px.jpg was preloaded using link preload but not used within a few seconds from the window's load event. Please make sure it has an appropriate `as` value and it is preloaded intentionally. @ https://sniffies.com/:0
[27536236ms] [WARNING] The resource https://sniffies.com/assets/images/vm-sprite-120px.jpg was preloaded using link preload but not used within a few seconds from the window's load event. Please make sure it has an appropriate `as` value and it is preloaded intentionally. @ https://sniffies.com/:0
[27549381ms] [WARNING] The resource https://sniffies.com/assets/images/vm-sprite-120px.jpg was preloaded using link preload but not used within a few seconds from the window's load event. Please make sure it has an appropriate `as` value and it is preloaded intentionally. @ https://sniffies.com/:0
[27555814ms] [WARNING] The resource https://sniffies.com/assets/images/vm-sprite-120px.jpg was preloaded using link preload but not used within a few seconds from the window's load event. Please make sure it has an appropriate `as` value and it is preloaded intentionally. @ https://sniffies.com/:0
[27560023ms] [WARNING] The resource https://sniffies.com/assets/images/vm-sprite-120px.jpg was preloaded using link preload but not used within a few seconds from the window's load event. Please make sure it has an appropriate `as` value and it is preloaded intentionally. @ https://sniffies.com/:0
[27565443ms] [WARNING] The resource https://sniffies.com/assets/images/vm-sprite-120px.jpg was preloaded using link preload but not used within a few seconds from the window's load event. Please make sure it has an appropriate `as` value and it is preloaded intentionally. @ https://sniffies.com/:0
[27579868ms] [WARNING] The resource https://sniffies.com/assets/images/vm-sprite-120px.jpg was preloaded using link preload but not used within a few seconds from the window's load event. Please make sure it has an appropriate `as` value and it is preloaded intentionally. @ https://sniffies.com/:0
[27584757ms] [WARNING] The resource https://sniffies.com/assets/images/vm-sprite-120px.jpg was preloaded using link preload but not used within a few seconds from the window's load event. Please make sure it has an appropriate `as` value and it is preloaded intentionally. @ https://sniffies.com/:0
[27588517ms] [WARNING] The resource https://sniffies.com/assets/images/vm-sprite-120px.jpg was preloaded using link preload but not used within a few seconds from the window's load event. Please make sure it has an appropriate `as` value and it is preloaded intentionally. @ https://sniffies.com/:0
[27607072ms] [WARNING] The resource https://sniffies.com/assets/images/vm-sprite-120px.jpg was preloaded using link preload but not used within a few seconds from the window's load event. Please make sure it has an appropriate `as` value and it is preloaded intentionally. @ https://sniffies.com/:0
[27623149ms] [WARNING] The resource https://sniffies.com/assets/images/vm-sprite-120px.jpg was preloaded using link preload but not used within a few seconds from the window's load event. Please make sure it has an appropriate `as` value and it is preloaded intentionally. @ https://sniffies.com/:0
[27630072ms] [WARNING] The resource https://sniffies.com/assets/images/vm-sprite-120px.jpg was preloaded using link preload but not used within a few seconds from the window's load event. Please make sure it has an appropriate `as` value and it is preloaded intentionally. @ https://sniffies.com/:0
[27644035ms] [WARNING] The resource https://sniffies.com/assets/images/vm-sprite-120px.jpg was preloaded using link preload but not used within a few seconds from the window's load event. Please make sure it has an appropriate `as` value and it is preloaded intentionally. @ https://sniffies.com/:0
[27647859ms] [WARNING] The resource https://sniffies.com/assets/images/vm-sprite-120px.jpg was preloaded using link preload but not used within a few seconds from the window's load event. Please make sure it has an appropriate `as` value and it is preloaded intentionally. @ https://sniffies.com/:0
[27652421ms] [WARNING] The resource https://sniffies.com/assets/images/vm-sprite-120px.jpg was preloaded using link preload but not used within a few seconds from the window's load event. Please make sure it has an appropriate `as` value and it is preloaded intentionally. @ https://sniffies.com/:0
[27664317ms] [WARNING] The resource https://sniffies.com/assets/images/vm-sprite-120px.jpg was preloaded using link preload but not used within a few seconds from the window's load event. Please make sure it has an appropriate `as` value and it is preloaded intentionally. @ https://sniffies.com/:0
[27671378ms] [WARNING] The resource https://sniffies.com/assets/images/vm-sprite-120px.jpg was preloaded using link preload but not used within a few seconds from the window's load event. Please make sure it has an appropriate `as` value and it is preloaded intentionally. @ https://sniffies.com/:0
[27676604ms] [WARNING] The resource https://sniffies.com/assets/images/vm-sprite-120px.jpg was preloaded using link preload but not used within a few seconds from the window's load event. Please make sure it has an appropriate `as` value and it is preloaded intentionally. @ https://sniffies.com/:0
[27683349ms] [WARNING] The resource https://sniffies.com/assets/images/vm-sprite-120px.jpg was preloaded using link preload but not used within a few seconds from the window's load event. Please make sure it has an appropriate `as` value and it is preloaded intentionally. @ https://sniffies.com/:0
[27698104ms] [WARNING] The resource https://sniffies.com/assets/images/vm-sprite-120px.jpg was preloaded using link preload but not used within a few seconds from the window's load event. Please make sure it has an appropriate `as` value and it is preloaded intentionally. @ https://sniffies.com/:0
[27726075ms] [WARNING] The resource https://sniffies.com/assets/images/vm-sprite-120px.jpg was preloaded using link preload but not used within a few seconds from the window's load event. Please make sure it has an appropriate `as` value and it is preloaded intentionally. @ https://sniffies.com/:0
[27739807ms] [WARNING] The resource https://sniffies.com/assets/images/vm-sprite-120px.jpg was preloaded using link preload but not used within a few seconds from the window's load event. Please make sure it has an appropriate `as` value and it is preloaded intentionally. @ https://sniffies.com/:0
[27744072ms] [WARNING] The resource https://sniffies.com/assets/images/vm-sprite-120px.jpg was preloaded using link preload but not used within a few seconds from the window's load event. Please make sure it has an appropriate `as` value and it is preloaded intentionally. @ https://sniffies.com/:0
[27749886ms] [WARNING] The resource https://sniffies.com/assets/images/vm-sprite-120px.jpg was preloaded using link preload but not used within a few seconds from the window's load event. Please make sure it has an appropriate `as` value and it is preloaded intentionally. @ https://sniffies.com/:0
[27759629ms] [WARNING] The resource https://sniffies.com/assets/images/vm-sprite-120px.jpg was preloaded using link preload but not used within a few seconds from the window's load event. Please make sure it has an appropriate `as` value and it is preloaded intentionally. @ https://sniffies.com/:0
[27763866ms] [WARNING] The resource https://sniffies.com/assets/images/vm-sprite-120px.jpg was preloaded using link preload but not used within a few seconds from the window's load event. Please make sure it has an appropriate `as` value and it is preloaded intentionally. @ https://sniffies.com/:0
[27772347ms] [WARNING] The resource https://sniffies.com/assets/images/vm-sprite-120px.jpg was preloaded using link preload but not used within a few seconds from the window's load event. Please make sure it has an appropriate `as` value and it is preloaded intentionally. @ https://sniffies.com/:0
[27779516ms] [WARNING] The resource https://sniffies.com/assets/images/vm-sprite-120px.jpg was preloaded using link preload but not used within a few seconds from the window's load event. Please make sure it has an appropriate `as` value and it is preloaded intentionally. @ https://sniffies.com/:0
[27787661ms] [WARNING] The resource https://sniffies.com/assets/images/vm-sprite-120px.jpg was preloaded using link preload but not used within a few seconds from the window's load event. Please make sure it has an appropriate `as` value and it is preloaded intentionally. @ https://sniffies.com/:0
[27793814ms] [WARNING] The resource https://sniffies.com/assets/images/vm-sprite-120px.jpg was preloaded using link preload but not used within a few seconds from the window's load event. Please make sure it has an appropriate `as` value and it is preloaded intentionally. @ https://sniffies.com/:0
[27801522ms] [WARNING] The resource https://sniffies.com/assets/images/vm-sprite-120px.jpg was preloaded using link preload but not used within a few seconds from the window's load event. Please make sure it has an appropriate `as` value and it is preloaded intentionally. @ https://sniffies.com/:0
[27814112ms] [WARNING] The resource https://sniffies.com/assets/images/vm-sprite-120px.jpg was preloaded using link preload but not used within a few seconds from the window's load event. Please make sure it has an appropriate `as` value and it is preloaded intentionally. @ https://sniffies.com/:0
[27819940ms] [WARNING] The resource https://sniffies.com/assets/images/vm-sprite-120px.jpg was preloaded using link preload but not used within a few seconds from the window's load event. Please make sure it has an appropriate `as` value and it is preloaded intentionally. @ https://sniffies.com/:0
[27829538ms] [WARNING] The resource https://sniffies.com/assets/images/vm-sprite-120px.jpg was preloaded using link preload but not used within a few seconds from the window's load event. Please make sure it has an appropriate `as` value and it is preloaded intentionally. @ https://sniffies.com/:0
[27836287ms] [WARNING] The resource https://sniffies.com/assets/images/vm-sprite-120px.jpg was preloaded using link preload but not used within a few seconds from the window's load event. Please make sure it has an appropriate `as` value and it is preloaded intentionally. @ https://sniffies.com/:0
[27851071ms] [WARNING] The resource https://sniffies.com/assets/images/vm-sprite-120px.jpg was preloaded using link preload but not used within a few seconds from the window's load event. Please make sure it has an appropriate `as` value and it is preloaded intentionally. @ https://sniffies.com/:0
[27856610ms] [WARNING] The resource https://sniffies.com/assets/images/vm-sprite-120px.jpg was preloaded using link preload but not used within a few seconds from the window's load event. Please make sure it has an appropriate `as` value and it is preloaded intentionally. @ https://sniffies.com/:0
[27865465ms] [WARNING] The resource https://sniffies.com/assets/images/vm-sprite-120px.jpg was preloaded using link preload but not used within a few seconds from the window's load event. Please make sure it has an appropriate `as` value and it is preloaded intentionally. @ https://sniffies.com/:0
[27870750ms] [WARNING] The resource https://sniffies.com/assets/images/vm-sprite-120px.jpg was preloaded using link preload but not used within a few seconds from the window's load event. Please make sure it has an appropriate `as` value and it is preloaded intentionally. @ https://sniffies.com/:0
[27887436ms] [WARNING] The resource https://sniffies.com/assets/images/vm-sprite-120px.jpg was preloaded using link preload but not used within a few seconds from the window's load event. Please make sure it has an appropriate `as` value and it is preloaded intentionally. @ https://sniffies.com/:0
[27901665ms] [WARNING] The resource https://sniffies.com/assets/images/vm-sprite-120px.jpg was preloaded using link preload but not used within a few seconds from the window's load event. Please make sure it has an appropriate `as` value and it is preloaded intentionally. @ https://sniffies.com/:0
[27907005ms] [WARNING] The resource https://sniffies.com/assets/images/vm-sprite-120px.jpg was preloaded using link preload but not used within a few seconds from the window's load event. Please make sure it has an appropriate `as` value and it is preloaded intentionally. @ https://sniffies.com/:0
[27919935ms] [WARNING] The resource https://sniffies.com/assets/images/vm-sprite-120px.jpg was preloaded using link preload but not used within a few seconds from the window's load event. Please make sure it has an appropriate `as` value and it is preloaded intentionally. @ https://sniffies.com/:0
[27924630ms] [WARNING] The resource https://sniffies.com/assets/images/vm-sprite-120px.jpg was preloaded using link preload but not used within a few seconds from the window's load event. Please make sure it has an appropriate `as` value and it is preloaded intentionally. @ https://sniffies.com/:0
[27932500ms] [WARNING] The resource https://sniffies.com/assets/images/vm-sprite-120px.jpg was preloaded using link preload but not used within a few seconds from the window's load event. Please make sure it has an appropriate `as` value and it is preloaded intentionally. @ https://sniffies.com/:0
[27951832ms] [WARNING] The resource https://sniffies.com/assets/images/vm-sprite-120px.jpg was preloaded using link preload but not used within a few seconds from the window's load event. Please make sure it has an appropriate `as` value and it is preloaded intentionally. @ https://sniffies.com/:0
[27954998ms] [WARNING] The resource https://sniffies.com/assets/images/vm-sprite-120px.jpg was preloaded using link preload but not used within a few seconds from the window's load event. Please make sure it has an appropriate `as` value and it is preloaded intentionally. @ https://sniffies.com/:0
[27959509ms] [WARNING] The resource https://sniffies.com/assets/images/vm-sprite-120px.jpg was preloaded using link preload but not used within a few seconds from the window's load event. Please make sure it has an appropriate `as` value and it is preloaded intentionally. @ https://sniffies.com/:0
[27968181ms] [WARNING] The resource https://sniffies.com/assets/images/vm-sprite-120px.jpg was preloaded using link preload but not used within a few seconds from the window's load event. Please make sure it has an appropriate `as` value and it is preloaded intentionally. @ https://sniffies.com/:0
[27973076ms] [WARNING] The resource https://sniffies.com/assets/images/vm-sprite-120px.jpg was preloaded using link preload but not used within a few seconds from the window's load event. Please make sure it has an appropriate `as` value and it is preloaded intentionally. @ https://sniffies.com/:0
[27983074ms] [WARNING] The resource https://sniffies.com/assets/images/vm-sprite-120px.jpg was preloaded using link preload but not used within a few seconds from the window's load event. Please make sure it has an appropriate `as` value and it is preloaded intentionally. @ https://sniffies.com/:0
[27987071ms] [WARNING] The resource https://sniffies.com/assets/images/vm-sprite-120px.jpg was preloaded using link preload but not used within a few seconds from the window's load event. Please make sure it has an appropriate `as` value and it is preloaded intentionally. @ https://sniffies.com/:0
[27997357ms] [WARNING] The resource https://sniffies.com/assets/images/vm-sprite-120px.jpg was preloaded using link preload but not used within a few seconds from the window's load event. Please make sure it has an appropriate `as` value and it is preloaded intentionally. @ https://sniffies.com/:0
[28005347ms] [WARNING] The resource https://sniffies.com/assets/images/vm-sprite-120px.jpg was preloaded using link preload but not used within a few seconds from the window's load event. Please make sure it has an appropriate `as` value and it is preloaded intentionally. @ https://sniffies.com/:0
[28013787ms] [WARNING] The resource https://sniffies.com/assets/images/vm-sprite-120px.jpg was preloaded using link preload but not used within a few seconds from the window's load event. Please make sure it has an appropriate `as` value and it is preloaded intentionally. @ https://sniffies.com/:0
[28024959ms] [WARNING] The resource https://sniffies.com/assets/images/vm-sprite-120px.jpg was preloaded using link preload but not used within a few seconds from the window's load event. Please make sure it has an appropriate `as` value and it is preloaded intentionally. @ https://sniffies.com/:0
[28028566ms] [WARNING] The resource https://sniffies.com/assets/images/vm-sprite-120px.jpg was preloaded using link preload but not used within a few seconds from the window's load event. Please make sure it has an appropriate `as` value and it is preloaded intentionally. @ https://sniffies.com/:0
[28031848ms] [WARNING] The resource https://sniffies.com/assets/images/vm-sprite-120px.jpg was preloaded using link preload but not used within a few seconds from the window's load event. Please make sure it has an appropriate `as` value and it is preloaded intentionally. @ https://sniffies.com/:0
[28039110ms] [WARNING] The resource https://sniffies.com/assets/images/vm-sprite-120px.jpg was preloaded using link preload but not used within a few seconds from the window's load event. Please make sure it has an appropriate `as` value and it is preloaded intentionally. @ https://sniffies.com/:0
[28045346ms] [WARNING] The resource https://sniffies.com/assets/images/vm-sprite-120px.jpg was preloaded using link preload but not used within a few seconds from the window's load event. Please make sure it has an appropriate `as` value and it is preloaded intentionally. @ https://sniffies.com/:0
[28070426ms] [WARNING] The resource https://sniffies.com/assets/images/vm-sprite-120px.jpg was preloaded using link preload but not used within a few seconds from the window's load event. Please make sure it has an appropriate `as` value and it is preloaded intentionally. @ https://sniffies.com/:0
[28092135ms] [WARNING] The resource https://sniffies.com/assets/images/vm-sprite-120px.jpg was preloaded using link preload but not used within a few seconds from the window's load event. Please make sure it has an appropriate `as` value and it is preloaded intentionally. @ https://sniffies.com/:0
[28096649ms] [WARNING] The resource https://sniffies.com/assets/images/vm-sprite-120px.jpg was preloaded using link preload but not used within a few seconds from the window's load event. Please make sure it has an appropriate `as` value and it is preloaded intentionally. @ https://sniffies.com/:0
[28112409ms] [WARNING] The resource https://sniffies.com/assets/images/vm-sprite-120px.jpg was preloaded using link preload but not used within a few seconds from the window's load event. Please make sure it has an appropriate `as` value and it is preloaded intentionally. @ https://sniffies.com/:0
[28125125ms] [WARNING] The resource https://sniffies.com/assets/images/vm-sprite-120px.jpg was preloaded using link preload but not used within a few seconds from the window's load event. Please make sure it has an appropriate `as` value and it is preloaded intentionally. @ https://sniffies.com/:0
[28128304ms] [WARNING] The resource https://sniffies.com/assets/images/vm-sprite-120px.jpg was preloaded using link preload but not used within a few seconds from the window's load event. Please make sure it has an appropriate `as` value and it is preloaded intentionally. @ https://sniffies.com/:0
[28134293ms] [WARNING] The resource https://sniffies.com/assets/images/vm-sprite-120px.jpg was preloaded using link preload but not used within a few seconds from the window's load event. Please make sure it has an appropriate `as` value and it is preloaded intentionally. @ https://sniffies.com/:0
[28146314ms] [WARNING] The resource https://sniffies.com/assets/images/vm-sprite-120px.jpg was preloaded using link preload but not used within a few seconds from the window's load event. Please make sure it has an appropriate `as` value and it is preloaded intentionally. @ https://sniffies.com/:0
[28153382ms] [WARNING] The resource https://sniffies.com/assets/images/vm-sprite-120px.jpg was preloaded using link preload but not used within a few seconds from the window's load event. Please make sure it has an appropriate `as` value and it is preloaded intentionally. @ https://sniffies.com/:0
[28160582ms] [WARNING] The resource https://sniffies.com/assets/images/vm-sprite-120px.jpg was preloaded using link preload but not used within a few seconds from the window's load event. Please make sure it has an appropriate `as` value and it is preloaded intentionally. @ https://sniffies.com/:0
[28167314ms] [WARNING] The resource https://sniffies.com/assets/images/vm-sprite-120px.jpg was preloaded using link preload but not used within a few seconds from the window's load event. Please make sure it has an appropriate `as` value and it is preloaded intentionally. @ https://sniffies.com/:0
[28176934ms] [WARNING] The resource https://sniffies.com/assets/images/vm-sprite-120px.jpg was preloaded using link preload but not used within a few seconds from the window's load event. Please make sure it has an appropriate `as` value and it is preloaded intentionally. @ https://sniffies.com/:0
[28181033ms] [WARNING] The resource https://sniffies.com/assets/images/vm-sprite-120px.jpg was preloaded using link preload but not used within a few seconds from the window's load event. Please make sure it has an appropriate `as` value and it is preloaded intentionally. @ https://sniffies.com/:0
[28187072ms] [WARNING] The resource https://sniffies.com/assets/images/vm-sprite-120px.jpg was preloaded using link preload but not used within a few seconds from the window's load event. Please make sure it has an appropriate `as` value and it is preloaded intentionally. @ https://sniffies.com/:0
[28197212ms] [WARNING] The resource https://sniffies.com/assets/images/vm-sprite-120px.jpg was preloaded using link preload but not used within a few seconds from the window's load event. Please make sure it has an appropriate `as` value and it is preloaded intentionally. @ https://sniffies.com/:0
[28203248ms] [WARNING] The resource https://sniffies.com/assets/images/vm-sprite-120px.jpg was preloaded using link preload but not used within a few seconds from the window's load event. Please make sure it has an appropriate `as` value and it is preloaded intentionally. @ https://sniffies.com/:0
[28207059ms] [WARNING] The resource https://sniffies.com/assets/images/vm-sprite-120px.jpg was preloaded using link preload but not used within a few seconds from the window's load event. Please make sure it has an appropriate `as` value and it is preloaded intentionally. @ https://sniffies.com/:0
[28218089ms] [WARNING] The resource https://sniffies.com/assets/images/vm-sprite-120px.jpg was preloaded using link preload but not used within a few seconds from the window's load event. Please make sure it has an appropriate `as` value and it is preloaded intentionally. @ https://sniffies.com/:0
[28228726ms] [WARNING] The resource https://sniffies.com/assets/images/vm-sprite-120px.jpg was preloaded using link preload but not used within a few seconds from the window's load event. Please make sure it has an appropriate `as` value and it is preloaded intentionally. @ https://sniffies.com/:0
[28234173ms] [WARNING] The resource https://sniffies.com/assets/images/vm-sprite-120px.jpg was preloaded using link preload but not used within a few seconds from the window's load event. Please make sure it has an appropriate `as` value and it is preloaded intentionally. @ https://sniffies.com/:0
[28240331ms] [WARNING] The resource https://sniffies.com/assets/images/vm-sprite-120px.jpg was preloaded using link preload but not used within a few seconds from the window's load event. Please make sure it has an appropriate `as` value and it is preloaded intentionally. @ https://sniffies.com/:0
[28243568ms] [WARNING] The resource https://sniffies.com/assets/images/vm-sprite-120px.jpg was preloaded using link preload but not used within a few seconds from the window's load event. Please make sure it has an appropriate `as` value and it is preloaded intentionally. @ https://sniffies.com/:0
[28250344ms] [WARNING] The resource https://sniffies.com/assets/images/vm-sprite-120px.jpg was preloaded using link preload but not used within a few seconds from the window's load event. Please make sure it has an appropriate `as` value and it is preloaded intentionally. @ https://sniffies.com/:0
[28258965ms] [WARNING] The resource https://sniffies.com/assets/images/vm-sprite-120px.jpg was preloaded using link preload but not used within a few seconds from the window's load event. Please make sure it has an appropriate `as` value and it is preloaded intentionally. @ https://sniffies.com/:0
[28264992ms] [WARNING] The resource https://sniffies.com/assets/images/vm-sprite-120px.jpg was preloaded using link preload but not used within a few seconds from the window's load event. Please make sure it has an appropriate `as` value and it is preloaded intentionally. @ https://sniffies.com/:0
[28269393ms] [WARNING] The resource https://sniffies.com/assets/images/vm-sprite-120px.jpg was preloaded using link preload but not used within a few seconds from the window's load event. Please make sure it has an appropriate `as` value and it is preloaded intentionally. @ https://sniffies.com/:0
[28277391ms] [WARNING] The resource https://sniffies.com/assets/images/vm-sprite-120px.jpg was preloaded using link preload but not used within a few seconds from the window's load event. Please make sure it has an appropriate `as` value and it is preloaded intentionally. @ https://sniffies.com/:0
[28294184ms] [WARNING] The resource https://sniffies.com/assets/images/vm-sprite-120px.jpg was preloaded using link preload but not used within a few seconds from the window's load event. Please make sure it has an appropriate `as` value and it is preloaded intentionally. @ https://sniffies.com/:0
[28300725ms] [WARNING] The resource https://sniffies.com/assets/images/vm-sprite-120px.jpg was preloaded using link preload but not used within a few seconds from the window's load event. Please make sure it has an appropriate `as` value and it is preloaded intentionally. @ https://sniffies.com/:0
[28325098ms] [WARNING] The resource https://sniffies.com/assets/images/vm-sprite-120px.jpg was preloaded using link preload but not used within a few seconds from the window's load event. Please make sure it has an appropriate `as` value and it is preloaded intentionally. @ https://sniffies.com/:0
[28330356ms] [WARNING] The resource https://sniffies.com/assets/images/vm-sprite-120px.jpg was preloaded using link preload but not used within a few seconds from the window's load event. Please make sure it has an appropriate `as` value and it is preloaded intentionally. @ https://sniffies.com/:0
[28334728ms] [WARNING] The resource https://sniffies.com/assets/images/vm-sprite-120px.jpg was preloaded using link preload but not used within a few seconds from the window's load event. Please make sure it has an appropriate `as` value and it is preloaded intentionally. @ https://sniffies.com/:0
[28337895ms] [WARNING] The resource https://sniffies.com/assets/images/vm-sprite-120px.jpg was preloaded using link preload but not used within a few seconds from the window's load event. Please make sure it has an appropriate `as` value and it is preloaded intentionally. @ https://sniffies.com/:0
[28341894ms] [WARNING] The resource https://sniffies.com/assets/images/vm-sprite-120px.jpg was preloaded using link preload but not used within a few seconds from the window's load event. Please make sure it has an appropriate `as` value and it is preloaded intentionally. @ https://sniffies.com/:0
[28345282ms] [WARNING] The resource https://sniffies.com/assets/images/vm-sprite-120px.jpg was preloaded using link preload but not used within a few seconds from the window's load event. Please make sure it has an appropriate `as` value and it is preloaded intentionally. @ https://sniffies.com/:0
[28350268ms] [WARNING] The resource https://sniffies.com/assets/images/vm-sprite-120px.jpg was preloaded using link preload but not used within a few seconds from the window's load event. Please make sure it has an appropriate `as` value and it is preloaded intentionally. @ https://sniffies.com/:0
[28354553ms] [WARNING] The resource https://sniffies.com/assets/images/vm-sprite-120px.jpg was preloaded using link preload but not used within a few seconds from the window's load event. Please make sure it has an appropriate `as` value and it is preloaded intentionally. @ https://sniffies.com/:0
[28358595ms] [WARNING] The resource https://sniffies.com/assets/images/vm-sprite-120px.jpg was preloaded using link preload but not used within a few seconds from the window's load event. Please make sure it has an appropriate `as` value and it is preloaded intentionally. @ https://sniffies.com/:0
[28377518ms] [WARNING] The resource https://sniffies.com/assets/images/vm-sprite-120px.jpg was preloaded using link preload but not used within a few seconds from the window's load event. Please make sure it has an appropriate `as` value and it is preloaded intentionally. @ https://sniffies.com/:0
[28382984ms] [WARNING] The resource https://sniffies.com/assets/images/vm-sprite-120px.jpg was preloaded using link preload but not used within a few seconds from the window's load event. Please make sure it has an appropriate `as` value and it is preloaded intentionally. @ https://sniffies.com/:0
[28386867ms] [WARNING] The resource https://sniffies.com/assets/images/vm-sprite-120px.jpg was preloaded using link preload but not used within a few seconds from the window's load event. Please make sure it has an appropriate `as` value and it is preloaded intentionally. @ https://sniffies.com/:0
[28394229ms] [WARNING] The resource https://sniffies.com/assets/images/vm-sprite-120px.jpg was preloaded using link preload but not used within a few seconds from the window's load event. Please make sure it has an appropriate `as` value and it is preloaded intentionally. @ https://sniffies.com/:0
[28403126ms] [WARNING] The resource https://sniffies.com/assets/images/vm-sprite-120px.jpg was preloaded using link preload but not used within a few seconds from the window's load event. Please make sure it has an appropriate `as` value and it is preloaded intentionally. @ https://sniffies.com/:0
[28407443ms] [WARNING] The resource https://sniffies.com/assets/images/vm-sprite-120px.jpg was preloaded using link preload but not used within a few seconds from the window's load event. Please make sure it has an appropriate `as` value and it is preloaded intentionally. @ https://sniffies.com/:0
[28419350ms] [WARNING] The resource https://sniffies.com/assets/images/vm-sprite-120px.jpg was preloaded using link preload but not used within a few seconds from the window's load event. Please make sure it has an appropriate `as` value and it is preloaded intentionally. @ https://sniffies.com/:0
[28435076ms] [WARNING] The resource https://sniffies.com/assets/images/vm-sprite-120px.jpg was preloaded using link preload but not used within a few seconds from the window's load event. Please make sure it has an appropriate `as` value and it is preloaded intentionally. @ https://sniffies.com/:0
[28439893ms] [WARNING] The resource https://sniffies.com/assets/images/vm-sprite-120px.jpg was preloaded using link preload but not used within a few seconds from the window's load event. Please make sure it has an appropriate `as` value and it is preloaded intentionally. @ https://sniffies.com/:0
[28447164ms] [WARNING] The resource https://sniffies.com/assets/images/vm-sprite-120px.jpg was preloaded using link preload but not used within a few seconds from the window's load event. Please make sure it has an appropriate `as` value and it is preloaded intentionally. @ https://sniffies.com/:0
[28452937ms] [WARNING] The resource https://sniffies.com/assets/images/vm-sprite-120px.jpg was preloaded using link preload but not used within a few seconds from the window's load event. Please make sure it has an appropriate `as` value and it is preloaded intentionally. @ https://sniffies.com/:0
[28468921ms] [WARNING] The resource https://sniffies.com/assets/images/vm-sprite-120px.jpg was preloaded using link preload but not used within a few seconds from the window's load event. Please make sure it has an appropriate `as` value and it is preloaded intentionally. @ https://sniffies.com/:0
[28474369ms] [WARNING] The resource https://sniffies.com/assets/images/vm-sprite-120px.jpg was preloaded using link preload but not used within a few seconds from the window's load event. Please make sure it has an appropriate `as` value and it is preloaded intentionally. @ https://sniffies.com/:0
[28489978ms] [WARNING] The resource https://sniffies.com/assets/images/vm-sprite-120px.jpg was preloaded using link preload but not used within a few seconds from the window's load event. Please make sure it has an appropriate `as` value and it is preloaded intentionally. @ https://sniffies.com/:0
[28498182ms] [WARNING] The resource https://sniffies.com/assets/images/vm-sprite-120px.jpg was preloaded using link preload but not used within a few seconds from the window's load event. Please make sure it has an appropriate `as` value and it is preloaded intentionally. @ https://sniffies.com/:0
[28525631ms] [WARNING] The resource https://sniffies.com/assets/images/vm-sprite-120px.jpg was preloaded using link preload but not used within a few seconds from the window's load event. Please make sure it has an appropriate `as` value and it is preloaded intentionally. @ https://sniffies.com/:0
[28533000ms] [WARNING] The resource https://sniffies.com/assets/images/vm-sprite-120px.jpg was preloaded using link preload but not used within a few seconds from the window's load event. Please make sure it has an appropriate `as` value and it is preloaded intentionally. @ https://sniffies.com/:0
[28552050ms] [WARNING] The resource https://sniffies.com/assets/images/vm-sprite-120px.jpg was preloaded using link preload but not used within a few seconds from the window's load event. Please make sure it has an appropriate `as` value and it is preloaded intentionally. @ https://sniffies.com/:0
[28555121ms] [WARNING] The resource https://sniffies.com/assets/images/vm-sprite-120px.jpg was preloaded using link preload but not used within a few seconds from the window's load event. Please make sure it has an appropriate `as` value and it is preloaded intentionally. @ https://sniffies.com/:0
[28566791ms] [WARNING] The resource https://sniffies.com/assets/images/vm-sprite-120px.jpg was preloaded using link preload but not used within a few seconds from the window's load event. Please make sure it has an appropriate `as` value and it is preloaded intentionally. @ https://sniffies.com/:0
[28574685ms] [WARNING] The resource https://sniffies.com/assets/images/vm-sprite-120px.jpg was preloaded using link preload but not used within a few seconds from the window's load event. Please make sure it has an appropriate `as` value and it is preloaded intentionally. @ https://sniffies.com/:0
[28579135ms] [WARNING] The resource https://sniffies.com/assets/images/vm-sprite-120px.jpg was preloaded using link preload but not used within a few seconds from the window's load event. Please make sure it has an appropriate `as` value and it is preloaded intentionally. @ https://sniffies.com/:0
[28588248ms] [WARNING] The resource https://sniffies.com/assets/images/vm-sprite-120px.jpg was preloaded using link preload but not used within a few seconds from the window's load event. Please make sure it has an appropriate `as` value and it is preloaded intentionally. @ https://sniffies.com/:0
[28593405ms] [WARNING] The resource https://sniffies.com/assets/images/vm-sprite-120px.jpg was preloaded using link preload but not used within a few seconds from the window's load event. Please make sure it has an appropriate `as` value and it is preloaded intentionally. @ https://sniffies.com/:0
[28623617ms] [WARNING] The resource https://sniffies.com/assets/images/vm-sprite-120px.jpg was preloaded using link preload but not used within a few seconds from the window's load event. Please make sure it has an appropriate `as` value and it is preloaded intentionally. @ https://sniffies.com/:0
[28636328ms] [WARNING] The resource https://sniffies.com/assets/images/vm-sprite-120px.jpg was preloaded using link preload but not used within a few seconds from the window's load event. Please make sure it has an appropriate `as` value and it is preloaded intentionally. @ https://sniffies.com/:0
[28645823ms] [WARNING] The resource https://sniffies.com/assets/images/vm-sprite-120px.jpg was preloaded using link preload but not used within a few seconds from the window's load event. Please make sure it has an appropriate `as` value and it is preloaded intentionally. @ https://sniffies.com/:0
[28658927ms] [WARNING] The resource https://sniffies.com/assets/images/vm-sprite-120px.jpg was preloaded using link preload but not used within a few seconds from the window's load event. Please make sure it has an appropriate `as` value and it is preloaded intentionally. @ https://sniffies.com/:0
[28669298ms] [WARNING] The resource https://sniffies.com/assets/images/vm-sprite-120px.jpg was preloaded using link preload but not used within a few seconds from the window's load event. Please make sure it has an appropriate `as` value and it is preloaded intentionally. @ https://sniffies.com/:0
[28682191ms] [WARNING] The resource https://sniffies.com/assets/images/vm-sprite-120px.jpg was preloaded using link preload but not used within a few seconds from the window's load event. Please make sure it has an appropriate `as` value and it is preloaded intentionally. @ https://sniffies.com/:0
[28687161ms] [WARNING] The resource https://sniffies.com/assets/images/vm-sprite-120px.jpg was preloaded using link preload but not used within a few seconds from the window's load event. Please make sure it has an appropriate `as` value and it is preloaded intentionally. @ https://sniffies.com/:0
[28691085ms] [WARNING] The resource https://sniffies.com/assets/images/vm-sprite-120px.jpg was preloaded using link preload but not used within a few seconds from the window's load event. Please make sure it has an appropriate `as` value and it is preloaded intentionally. @ https://sniffies.com/:0
[28706978ms] [WARNING] The resource https://sniffies.com/assets/images/vm-sprite-120px.jpg was preloaded using link preload but not used within a few seconds from the window's load event. Please make sure it has an appropriate `as` value and it is preloaded intentionally. @ https://sniffies.com/:0
[28716914ms] [WARNING] The resource https://sniffies.com/assets/images/vm-sprite-120px.jpg was preloaded using link preload but not used within a few seconds from the window's load event. Please make sure it has an appropriate `as` value and it is preloaded intentionally. @ https://sniffies.com/:0
[28725373ms] [WARNING] The resource https://sniffies.com/assets/images/vm-sprite-120px.jpg was preloaded using link preload but not used within a few seconds from the window's load event. Please make sure it has an appropriate `as` value and it is preloaded intentionally. @ https://sniffies.com/:0
[28736124ms] [WARNING] The resource https://sniffies.com/assets/images/vm-sprite-120px.jpg was preloaded using link preload but not used within a few seconds from the window's load event. Please make sure it has an appropriate `as` value and it is preloaded intentionally. @ https://sniffies.com/:0
[28751962ms] [WARNING] The resource https://sniffies.com/assets/images/vm-sprite-120px.jpg was preloaded using link preload but not used within a few seconds from the window's load event. Please make sure it has an appropriate `as` value and it is preloaded intentionally. @ https://sniffies.com/:0
[28769756ms] [WARNING] The resource https://sniffies.com/assets/images/vm-sprite-120px.jpg was preloaded using link preload but not used within a few seconds from the window's load event. Please make sure it has an appropriate `as` value and it is preloaded intentionally. @ https://sniffies.com/:0
[28773848ms] [WARNING] The resource https://sniffies.com/assets/images/vm-sprite-120px.jpg was preloaded using link preload but not used within a few seconds from the window's load event. Please make sure it has an appropriate `as` value and it is preloaded intentionally. @ https://sniffies.com/:0
[28779787ms] [WARNING] The resource https://sniffies.com/assets/images/vm-sprite-120px.jpg was preloaded using link preload but not used within a few seconds from the window's load event. Please make sure it has an appropriate `as` value and it is preloaded intentionally. @ https://sniffies.com/:0
[28794220ms] [WARNING] The resource https://sniffies.com/assets/images/vm-sprite-120px.jpg was preloaded using link preload but not used within a few seconds from the window's load event. Please make sure it has an appropriate `as` value and it is preloaded intentionally. @ https://sniffies.com/:0
[28805676ms] [WARNING] The resource https://sniffies.com/assets/images/vm-sprite-120px.jpg was preloaded using link preload but not used within a few seconds from the window's load event. Please make sure it has an appropriate `as` value and it is preloaded intentionally. @ https://sniffies.com/:0
[28811636ms] [WARNING] The resource https://sniffies.com/assets/images/vm-sprite-120px.jpg was preloaded using link preload but not used within a few seconds from the window's load event. Please make sure it has an appropriate `as` value and it is preloaded intentionally. @ https://sniffies.com/:0
[28821300ms] [WARNING] The resource https://sniffies.com/assets/images/vm-sprite-120px.jpg was preloaded using link preload but not used within a few seconds from the window's load event. Please make sure it has an appropriate `as` value and it is preloaded intentionally. @ https://sniffies.com/:0
[28833027ms] [WARNING] The resource https://sniffies.com/assets/images/vm-sprite-120px.jpg was preloaded using link preload but not used within a few seconds from the window's load event. Please make sure it has an appropriate `as` value and it is preloaded intentionally. @ https://sniffies.com/:0
[28849312ms] [WARNING] The resource https://sniffies.com/assets/images/vm-sprite-120px.jpg was preloaded using link preload but not used within a few seconds from the window's load event. Please make sure it has an appropriate `as` value and it is preloaded intentionally. @ https://sniffies.com/:0
[28860480ms] [WARNING] The resource https://sniffies.com/assets/images/vm-sprite-120px.jpg was preloaded using link preload but not used within a few seconds from the window's load event. Please make sure it has an appropriate `as` value and it is preloaded intentionally. @ https://sniffies.com/:0
[28868345ms] [WARNING] The resource https://sniffies.com/assets/images/vm-sprite-120px.jpg was preloaded using link preload but not used within a few seconds from the window's load event. Please make sure it has an appropriate `as` value and it is preloaded intentionally. @ https://sniffies.com/:0
[28878957ms] [WARNING] The resource https://sniffies.com/assets/images/vm-sprite-120px.jpg was preloaded using link preload but not used within a few seconds from the window's load event. Please make sure it has an appropriate `as` value and it is preloaded intentionally. @ https://sniffies.com/:0
[28890783ms] [WARNING] The resource https://sniffies.com/assets/images/vm-sprite-120px.jpg was preloaded using link preload but not used within a few seconds from the window's load event. Please make sure it has an appropriate `as` value and it is preloaded intentionally. @ https://sniffies.com/:0
[28899855ms] [WARNING] The resource https://sniffies.com/assets/images/vm-sprite-120px.jpg was preloaded using link preload but not used within a few seconds from the window's load event. Please make sure it has an appropriate `as` value and it is preloaded intentionally. @ https://sniffies.com/:0
[28912491ms] [WARNING] The resource https://sniffies.com/assets/images/vm-sprite-120px.jpg was preloaded using link preload but not used within a few seconds from the window's load event. Please make sure it has an appropriate `as` value and it is preloaded intentionally. @ https://sniffies.com/:0
[28918353ms] [WARNING] The resource https://sniffies.com/assets/images/vm-sprite-120px.jpg was preloaded using link preload but not used within a few seconds from the window's load event. Please make sure it has an appropriate `as` value and it is preloaded intentionally. @ https://sniffies.com/:0
[28922498ms] [WARNING] The resource https://sniffies.com/assets/images/vm-sprite-120px.jpg was preloaded using link preload but not used within a few seconds from the window's load event. Please make sure it has an appropriate `as` value and it is preloaded intentionally. @ https://sniffies.com/:0
[28929049ms] [WARNING] The resource https://sniffies.com/assets/images/vm-sprite-120px.jpg was preloaded using link preload but not used within a few seconds from the window's load event. Please make sure it has an appropriate `as` value and it is preloaded intentionally. @ https://sniffies.com/:0
[28934072ms] [WARNING] The resource https://sniffies.com/assets/images/vm-sprite-120px.jpg was preloaded using link preload but not used within a few seconds from the window's load event. Please make sure it has an appropriate `as` value and it is preloaded intentionally. @ https://sniffies.com/:0
[28939335ms] [WARNING] The resource https://sniffies.com/assets/images/vm-sprite-120px.jpg was preloaded using link preload but not used within a few seconds from the window's load event. Please make sure it has an appropriate `as` value and it is preloaded intentionally. @ https://sniffies.com/:0
[28956223ms] [WARNING] The resource https://sniffies.com/assets/images/vm-sprite-120px.jpg was preloaded using link preload but not used within a few seconds from the window's load event. Please make sure it has an appropriate `as` value and it is preloaded intentionally. @ https://sniffies.com/:0
[28967790ms] [WARNING] The resource https://sniffies.com/assets/images/vm-sprite-120px.jpg was preloaded using link preload but not used within a few seconds from the window's load event. Please make sure it has an appropriate `as` value and it is preloaded intentionally. @ https://sniffies.com/:0
[28977626ms] [WARNING] The resource https://sniffies.com/assets/images/vm-sprite-120px.jpg was preloaded using link preload but not used within a few seconds from the window's load event. Please make sure it has an appropriate `as` value and it is preloaded intentionally. @ https://sniffies.com/:0
[28985450ms] [WARNING] The resource https://sniffies.com/assets/images/vm-sprite-120px.jpg was preloaded using link preload but not used within a few seconds from the window's load event. Please make sure it has an appropriate `as` value and it is preloaded intentionally. @ https://sniffies.com/:0
[29003328ms] [WARNING] The resource https://sniffies.com/assets/images/vm-sprite-120px.jpg was preloaded using link preload but not used within a few seconds from the window's load event. Please make sure it has an appropriate `as` value and it is preloaded intentionally. @ https://sniffies.com/:0
[29013457ms] [WARNING] The resource https://sniffies.com/assets/images/vm-sprite-120px.jpg was preloaded using link preload but not used within a few seconds from the window's load event. Please make sure it has an appropriate `as` value and it is preloaded intentionally. @ https://sniffies.com/:0
[29019002ms] [WARNING] The resource https://sniffies.com/assets/images/vm-sprite-120px.jpg was preloaded using link preload but not used within a few seconds from the window's load event. Please make sure it has an appropriate `as` value and it is preloaded intentionally. @ https://sniffies.com/:0
[29029355ms] [WARNING] The resource https://sniffies.com/assets/images/vm-sprite-120px.jpg was preloaded using link preload but not used within a few seconds from the window's load event. Please make sure it has an appropriate `as` value and it is preloaded intentionally. @ https://sniffies.com/:0
[29049209ms] [WARNING] The resource https://sniffies.com/assets/images/vm-sprite-120px.jpg was preloaded using link preload but not used within a few seconds from the window's load event. Please make sure it has an appropriate `as` value and it is preloaded intentionally. @ https://sniffies.com/:0
[29057028ms] [WARNING] The resource https://sniffies.com/assets/images/vm-sprite-120px.jpg was preloaded using link preload but not used within a few seconds from the window's load event. Please make sure it has an appropriate `as` value and it is preloaded intentionally. @ https://sniffies.com/:0
[29066912ms] [WARNING] The resource https://sniffies.com/assets/images/vm-sprite-120px.jpg was preloaded using link preload but not used within a few seconds from the window's load event. Please make sure it has an appropriate `as` value and it is preloaded intentionally. @ https://sniffies.com/:0
[29071587ms] [WARNING] The resource https://sniffies.com/assets/images/vm-sprite-120px.jpg was preloaded using link preload but not used within a few seconds from the window's load event. Please make sure it has an appropriate `as` value and it is preloaded intentionally. @ https://sniffies.com/:0
[29075490ms] [WARNING] The resource https://sniffies.com/assets/images/vm-sprite-120px.jpg was preloaded using link preload but not used within a few seconds from the window's load event. Please make sure it has an appropriate `as` value and it is preloaded intentionally. @ https://sniffies.com/:0
[29100816ms] [WARNING] The resource https://sniffies.com/assets/images/vm-sprite-120px.jpg was preloaded using link preload but not used within a few seconds from the window's load event. Please make sure it has an appropriate `as` value and it is preloaded intentionally. @ https://sniffies.com/:0
[29103967ms] [WARNING] The resource https://sniffies.com/assets/images/vm-sprite-120px.jpg was preloaded using link preload but not used within a few seconds from the window's load event. Please make sure it has an appropriate `as` value and it is preloaded intentionally. @ https://sniffies.com/:0
[29109971ms] [WARNING] The resource https://sniffies.com/assets/images/vm-sprite-120px.jpg was preloaded using link preload but not used within a few seconds from the window's load event. Please make sure it has an appropriate `as` value and it is preloaded intentionally. @ https://sniffies.com/:0
[29114344ms] [WARNING] The resource https://sniffies.com/assets/images/vm-sprite-120px.jpg was preloaded using link preload but not used within a few seconds from the window's load event. Please make sure it has an appropriate `as` value and it is preloaded intentionally. @ https://sniffies.com/:0
[29134687ms] [WARNING] The resource https://sniffies.com/assets/images/vm-sprite-120px.jpg was preloaded using link preload but not used within a few seconds from the window's load event. Please make sure it has an appropriate `as` value and it is preloaded intentionally. @ https://sniffies.com/:0
[29144327ms] [WARNING] The resource https://sniffies.com/assets/images/vm-sprite-120px.jpg was preloaded using link preload but not used within a few seconds from the window's load event. Please make sure it has an appropriate `as` value and it is preloaded intentionally. @ https://sniffies.com/:0
[29150879ms] [WARNING] The resource https://sniffies.com/assets/images/vm-sprite-120px.jpg was preloaded using link preload but not used within a few seconds from the window's load event. Please make sure it has an appropriate `as` value and it is preloaded intentionally. @ https://sniffies.com/:0
[29159751ms] [WARNING] The resource https://sniffies.com/assets/images/vm-sprite-120px.jpg was preloaded using link preload but not used within a few seconds from the window's load event. Please make sure it has an appropriate `as` value and it is preloaded intentionally. @ https://sniffies.com/:0
[29169069ms] [WARNING] The resource https://sniffies.com/assets/images/vm-sprite-120px.jpg was preloaded using link preload but not used within a few seconds from the window's load event. Please make sure it has an appropriate `as` value and it is preloaded intentionally. @ https://sniffies.com/:0
[29174343ms] [WARNING] The resource https://sniffies.com/assets/images/vm-sprite-120px.jpg was preloaded using link preload but not used within a few seconds from the window's load event. Please make sure it has an appropriate `as` value and it is preloaded intentionally. @ https://sniffies.com/:0
[29185990ms] [WARNING] The resource https://sniffies.com/assets/images/vm-sprite-120px.jpg was preloaded using link preload but not used within a few seconds from the window's load event. Please make sure it has an appropriate `as` value and it is preloaded intentionally. @ https://sniffies.com/:0
[29193020ms] [WARNING] The resource https://sniffies.com/assets/images/vm-sprite-120px.jpg was preloaded using link preload but not used within a few seconds from the window's load event. Please make sure it has an appropriate `as` value and it is preloaded intentionally. @ https://sniffies.com/:0
[29203940ms] [WARNING] The resource https://sniffies.com/assets/images/vm-sprite-120px.jpg was preloaded using link preload but not used within a few seconds from the window's load event. Please make sure it has an appropriate `as` value and it is preloaded intentionally. @ https://sniffies.com/:0
[29207625ms] [WARNING] The resource https://sniffies.com/assets/images/vm-sprite-120px.jpg was preloaded using link preload but not used within a few seconds from the window's load event. Please make sure it has an appropriate `as` value and it is preloaded intentionally. @ https://sniffies.com/:0
[29218692ms] [WARNING] The resource https://sniffies.com/assets/images/vm-sprite-120px.jpg was preloaded using link preload but not used within a few seconds from the window's load event. Please make sure it has an appropriate `as` value and it is preloaded intentionally. @ https://sniffies.com/:0
[29223972ms] [WARNING] The resource https://sniffies.com/assets/images/vm-sprite-120px.jpg was preloaded using link preload but not used within a few seconds from the window's load event. Please make sure it has an appropriate `as` value and it is preloaded intentionally. @ https://sniffies.com/:0
[29243350ms] [WARNING] The resource https://sniffies.com/assets/images/vm-sprite-120px.jpg was preloaded using link preload but not used within a few seconds from the window's load event. Please make sure it has an appropriate `as` value and it is preloaded intentionally. @ https://sniffies.com/:0
[29252176ms] [WARNING] The resource https://sniffies.com/assets/images/vm-sprite-120px.jpg was preloaded using link preload but not used within a few seconds from the window's load event. Please make sure it has an appropriate `as` value and it is preloaded intentionally. @ https://sniffies.com/:0
[29273256ms] [WARNING] The resource https://sniffies.com/assets/images/vm-sprite-120px.jpg was preloaded using link preload but not used within a few seconds from the window's load event. Please make sure it has an appropriate `as` value and it is preloaded intentionally. @ https://sniffies.com/:0
[29279406ms] [WARNING] The resource https://sniffies.com/assets/images/vm-sprite-120px.jpg was preloaded using link preload but not used within a few seconds from the window's load event. Please make sure it has an appropriate `as` value and it is preloaded intentionally. @ https://sniffies.com/:0
[29284208ms] [WARNING] The resource https://sniffies.com/assets/images/vm-sprite-120px.jpg was preloaded using link preload but not used within a few seconds from the window's load event. Please make sure it has an appropriate `as` value and it is preloaded intentionally. @ https://sniffies.com/:0
[29293296ms] [WARNING] The resource https://sniffies.com/assets/images/vm-sprite-120px.jpg was preloaded using link preload but not used within a few seconds from the window's load event. Please make sure it has an appropriate `as` value and it is preloaded intentionally. @ https://sniffies.com/:0
[29298751ms] [WARNING] The resource https://sniffies.com/assets/images/vm-sprite-120px.jpg was preloaded using link preload but not used within a few seconds from the window's load event. Please make sure it has an appropriate `as` value and it is preloaded intentionally. @ https://sniffies.com/:0
[29302703ms] [WARNING] The resource https://sniffies.com/assets/images/vm-sprite-120px.jpg was preloaded using link preload but not used within a few seconds from the window's load event. Please make sure it has an appropriate `as` value and it is preloaded intentionally. @ https://sniffies.com/:0
[29323366ms] [WARNING] The resource https://sniffies.com/assets/images/vm-sprite-120px.jpg was preloaded using link preload but not used within a few seconds from the window's load event. Please make sure it has an appropriate `as` value and it is preloaded intentionally. @ https://sniffies.com/:0
[29331957ms] [WARNING] The resource https://sniffies.com/assets/images/vm-sprite-120px.jpg was preloaded using link preload but not used within a few seconds from the window's load event. Please make sure it has an appropriate `as` value and it is preloaded intentionally. @ https://sniffies.com/:0
[29340032ms] [WARNING] The resource https://sniffies.com/assets/images/vm-sprite-120px.jpg was preloaded using link preload but not used within a few seconds from the window's load event. Please make sure it has an appropriate `as` value and it is preloaded intentionally. @ https://sniffies.com/:0
[29370566ms] [WARNING] The resource https://sniffies.com/assets/images/vm-sprite-120px.jpg was preloaded using link preload but not used within a few seconds from the window's load event. Please make sure it has an appropriate `as` value and it is preloaded intentionally. @ https://sniffies.com/:0
[29376046ms] [WARNING] The resource https://sniffies.com/assets/images/vm-sprite-120px.jpg was preloaded using link preload but not used within a few seconds from the window's load event. Please make sure it has an appropriate `as` value and it is preloaded intentionally. @ https://sniffies.com/:0
[29387637ms] [WARNING] The resource https://sniffies.com/assets/images/vm-sprite-120px.jpg was preloaded using link preload but not used within a few seconds from the window's load event. Please make sure it has an appropriate `as` value and it is preloaded intentionally. @ https://sniffies.com/:0
[29391299ms] [WARNING] The resource https://sniffies.com/assets/images/vm-sprite-120px.jpg was preloaded using link preload but not used within a few seconds from the window's load event. Please make sure it has an appropriate `as` value and it is preloaded intentionally. @ https://sniffies.com/:0
[29398093ms] [WARNING] The resource https://sniffies.com/assets/images/vm-sprite-120px.jpg was preloaded using link preload but not used within a few seconds from the window's load event. Please make sure it has an appropriate `as` value and it is preloaded intentionally. @ https://sniffies.com/:0
[29408326ms] [WARNING] The resource https://sniffies.com/assets/images/vm-sprite-120px.jpg was preloaded using link preload but not used within a few seconds from the window's load event. Please make sure it has an appropriate `as` value and it is preloaded intentionally. @ https://sniffies.com/:0
[56922330ms] [ERROR] Failed to load resource: net::ERR_TIMED_OUT @ https://sniffies.com/assets/json/version.json:0
[56922688ms] [ERROR] Failed to load resource: net::ERR_INTERNET_DISCONNECTED @ https://usw.api.sniffies.com/api/refresh:0
[56922741ms] [ERROR] Failed to load resource: net::ERR_INTERNET_DISCONNECTED @ https://sniffies.com/assets/json/version.json:0
[56922787ms] [ERROR] Failed to load resource: net::ERR_INTERNET_DISCONNECTED @ https://usw.api.sniffies.com/api/refresh:0
[56925788ms] [WARNING] The resource https://sniffies.com/assets/images/vm-sprite-120px.jpg was preloaded using link preload but not used within a few seconds from the window's load event. Please make sure it has an appropriate `as` value and it is preloaded intentionally. @ https://sniffies.com/:0
[56925941ms] [ERROR] WebSocket connection to 'wss://prod.ws.sniffies.com/?userId=66566cf2275f654bbac621a3&lat=30.501865447945203&lng=-97.73494038257817' failed: Error in connection establishment: net::ERR_INTERNET_DISCONNECTED @ https://sniffies.com/chunk-34L7QLVM.js:18
[56926946ms] [ERROR] WebSocket connection to 'wss://prod.ws.sniffies.com/?userId=66566cf2275f654bbac621a3&lat=30.501865447945203&lng=-97.73494038257817' failed: Error in connection establishment: net::ERR_INTERNET_DISCONNECTED @ https://sniffies.com/chunk-34L7QLVM.js:18
[56927983ms] [ERROR] WebSocket connection to 'wss://prod.ws.sniffies.com/?userId=66566cf2275f654bbac621a3&lat=30.501865447945203&lng=-97.73494038257817' failed: Error in connection establishment: net::ERR_INTERNET_DISCONNECTED @ https://sniffies.com/chunk-34L7QLVM.js:18
[56930201ms] [WARNING] WebSocket connection to 'wss://prod.ws.sniffies.com/?userId=66566cf2275f654bbac621a3&lat=30.501865447945203&lng=-97.73494038257817' failed: WebSocket is closed before the connection is established. @ https://sniffies.com/chunk-34L7QLVM.js:18
[56936835ms] [WARNING] The resource https://sniffies.com/assets/images/vm-sprite-120px.jpg was preloaded using link preload but not used within a few seconds from the window's load event. Please make sure it has an appropriate `as` value and it is preloaded intentionally. @ https://sniffies.com/:0
[56949996ms] [WARNING] The resource https://sniffies.com/assets/images/vm-sprite-120px.jpg was preloaded using link preload but not used within a few seconds from the window's load event. Please make sure it has an appropriate `as` value and it is preloaded intentionally. @ https://sniffies.com/:0
[56953537ms] [WARNING] The resource https://sniffies.com/assets/images/vm-sprite-120px.jpg was preloaded using link preload but not used within a few seconds from the window's load event. Please make sure it has an appropriate `as` value and it is preloaded intentionally. @ https://sniffies.com/:0
[57012728ms] [WARNING] The resource https://sniffies.com/assets/images/vm-sprite-120px.jpg was preloaded using link preload but not used within a few seconds from the window's load event. Please make sure it has an appropriate `as` value and it is preloaded intentionally. @ https://sniffies.com/:0
[57040363ms] [WARNING] The resource https://sniffies.com/assets/images/vm-sprite-120px.jpg was preloaded using link preload but not used within a few seconds from the window's load event. Please make sure it has an appropriate `as` value and it is preloaded intentionally. @ https://sniffies.com/:0
[57050530ms] [WARNING] The resource https://sniffies.com/assets/images/vm-sprite-120px.jpg was preloaded using link preload but not used within a few seconds from the window's load event. Please make sure it has an appropriate `as` value and it is preloaded intentionally. @ https://sniffies.com/:0
[57074692ms] [WARNING] The resource https://sniffies.com/assets/images/vm-sprite-120px.jpg was preloaded using link preload but not used within a few seconds from the window's load event. Please make sure it has an appropriate `as` value and it is preloaded intentionally. @ https://sniffies.com/:0
[57080065ms] [WARNING] The resource https://sniffies.com/assets/images/vm-sprite-120px.jpg was preloaded using link preload but not used within a few seconds from the window's load event. Please make sure it has an appropriate `as` value and it is preloaded intentionally. @ https://sniffies.com/:0
[57088231ms] [WARNING] The resource https://sniffies.com/assets/images/vm-sprite-120px.jpg was preloaded using link preload but not used within a few seconds from the window's load event. Please make sure it has an appropriate `as` value and it is preloaded intentionally. @ https://sniffies.com/:0
[57099273ms] [WARNING] The resource https://sniffies.com/assets/images/vm-sprite-120px.jpg was preloaded using link preload but not used within a few seconds from the window's load event. Please make sure it has an appropriate `as` value and it is preloaded intentionally. @ https://sniffies.com/:0
[57103422ms] [WARNING] The resource https://sniffies.com/assets/images/vm-sprite-120px.jpg was preloaded using link preload but not used within a few seconds from the window's load event. Please make sure it has an appropriate `as` value and it is preloaded intentionally. @ https://sniffies.com/:0
[57111460ms] [WARNING] The resource https://sniffies.com/assets/images/vm-sprite-120px.jpg was preloaded using link preload but not used within a few seconds from the window's load event. Please make sure it has an appropriate `as` value and it is preloaded intentionally. @ https://sniffies.com/:0
[57133728ms] [WARNING] The resource https://sniffies.com/assets/images/vm-sprite-120px.jpg was preloaded using link preload but not used within a few seconds from the window's load event. Please make sure it has an appropriate `as` value and it is preloaded intentionally. @ https://sniffies.com/:0
[57139115ms] [WARNING] The resource https://sniffies.com/assets/images/vm-sprite-120px.jpg was preloaded using link preload but not used within a few seconds from the window's load event. Please make sure it has an appropriate `as` value and it is preloaded intentionally. @ https://sniffies.com/:0
[57148125ms] [WARNING] The resource https://sniffies.com/assets/images/vm-sprite-120px.jpg was preloaded using link preload but not used within a few seconds from the window's load event. Please make sure it has an appropriate `as` value and it is preloaded intentionally. @ https://sniffies.com/:0
[57157108ms] [WARNING] The resource https://sniffies.com/assets/images/vm-sprite-120px.jpg was preloaded using link preload but not used within a few seconds from the window's load event. Please make sure it has an appropriate `as` value and it is preloaded intentionally. @ https://sniffies.com/:0
[57166383ms] [WARNING] The resource https://sniffies.com/assets/images/vm-sprite-120px.jpg was preloaded using link preload but not used within a few seconds from the window's load event. Please make sure it has an appropriate `as` value and it is preloaded intentionally. @ https://sniffies.com/:0
[57175130ms] [WARNING] The resource https://sniffies.com/assets/images/vm-sprite-120px.jpg was preloaded using link preload but not used within a few seconds from the window's load event. Please make sure it has an appropriate `as` value and it is preloaded intentionally. @ https://sniffies.com/:0
[57186124ms] [WARNING] The resource https://sniffies.com/assets/images/vm-sprite-120px.jpg was preloaded using link preload but not used within a few seconds from the window's load event. Please make sure it has an appropriate `as` value and it is preloaded intentionally. @ https://sniffies.com/:0
[57207414ms] [WARNING] The resource https://sniffies.com/assets/images/vm-sprite-120px.jpg was preloaded using link preload but not used within a few seconds from the window's load event. Please make sure it has an appropriate `as` value and it is preloaded intentionally. @ https://sniffies.com/:0
[57211819ms] [WARNING] The resource https://sniffies.com/assets/images/vm-sprite-120px.jpg was preloaded using link preload but not used within a few seconds from the window's load event. Please make sure it has an appropriate `as` value and it is preloaded intentionally. @ https://sniffies.com/:0
[57218549ms] [WARNING] The resource https://sniffies.com/assets/images/vm-sprite-120px.jpg was preloaded using link preload but not used within a few seconds from the window's load event. Please make sure it has an appropriate `as` value and it is preloaded intentionally. @ https://sniffies.com/:0
[57242323ms] [WARNING] The resource https://sniffies.com/assets/images/vm-sprite-120px.jpg was preloaded using link preload but not used within a few seconds from the window's load event. Please make sure it has an appropriate `as` value and it is preloaded intentionally. @ https://sniffies.com/:0
[57251374ms] [WARNING] The resource https://sniffies.com/assets/images/vm-sprite-120px.jpg was preloaded using link preload but not used within a few seconds from the window's load event. Please make sure it has an appropriate `as` value and it is preloaded intentionally. @ https://sniffies.com/:0
[57267507ms] [WARNING] The resource https://sniffies.com/assets/images/vm-sprite-120px.jpg was preloaded using link preload but not used within a few seconds from the window's load event. Please make sure it has an appropriate `as` value and it is preloaded intentionally. @ https://sniffies.com/:0
[57274623ms] [WARNING] The resource https://sniffies.com/assets/images/vm-sprite-120px.jpg was preloaded using link preload but not used within a few seconds from the window's load event. Please make sure it has an appropriate `as` value and it is preloaded intentionally. @ https://sniffies.com/:0
[57283874ms] [WARNING] The resource https://sniffies.com/assets/images/vm-sprite-120px.jpg was preloaded using link preload but not used within a few seconds from the window's load event. Please make sure it has an appropriate `as` value and it is preloaded intentionally. @ https://sniffies.com/:0
[57288443ms] [WARNING] The resource https://sniffies.com/assets/images/vm-sprite-120px.jpg was preloaded using link preload but not used within a few seconds from the window's load event. Please make sure it has an appropriate `as` value and it is preloaded intentionally. @ https://sniffies.com/:0
[57294880ms] [WARNING] The resource https://sniffies.com/assets/images/vm-sprite-120px.jpg was preloaded using link preload but not used within a few seconds from the window's load event. Please make sure it has an appropriate `as` value and it is preloaded intentionally. @ https://sniffies.com/:0
[57305414ms] [WARNING] The resource https://sniffies.com/assets/images/vm-sprite-120px.jpg was preloaded using link preload but not used within a few seconds from the window's load event. Please make sure it has an appropriate `as` value and it is preloaded intentionally. @ https://sniffies.com/:0
[57317201ms] [WARNING] The resource https://sniffies.com/assets/images/vm-sprite-120px.jpg was preloaded using link preload but not used within a few seconds from the window's load event. Please make sure it has an appropriate `as` value and it is preloaded intentionally. @ https://sniffies.com/:0
[57324311ms] [WARNING] The resource https://sniffies.com/assets/images/vm-sprite-120px.jpg was preloaded using link preload but not used within a few seconds from the window's load event. Please make sure it has an appropriate `as` value and it is preloaded intentionally. @ https://sniffies.com/:0
[57327685ms] [WARNING] The resource https://sniffies.com/assets/images/vm-sprite-120px.jpg was preloaded using link preload but not used within a few seconds from the window's load event. Please make sure it has an appropriate `as` value and it is preloaded intentionally. @ https://sniffies.com/:0
[57332164ms] [WARNING] The resource https://sniffies.com/assets/images/vm-sprite-120px.jpg was preloaded using link preload but not used within a few seconds from the window's load event. Please make sure it has an appropriate `as` value and it is preloaded intentionally. @ https://sniffies.com/:0
[57336628ms] [WARNING] The resource https://sniffies.com/assets/images/vm-sprite-120px.jpg was preloaded using link preload but not used within a few seconds from the window's load event. Please make sure it has an appropriate `as` value and it is preloaded intentionally. @ https://sniffies.com/:0
[57344707ms] [WARNING] The resource https://sniffies.com/assets/images/vm-sprite-120px.jpg was preloaded using link preload but not used within a few seconds from the window's load event. Please make sure it has an appropriate `as` value and it is preloaded intentionally. @ https://sniffies.com/:0
[57349191ms] [WARNING] The resource https://sniffies.com/assets/images/vm-sprite-120px.jpg was preloaded using link preload but not used within a few seconds from the window's load event. Please make sure it has an appropriate `as` value and it is preloaded intentionally. @ https://sniffies.com/:0
[57354576ms] [WARNING] The resource https://sniffies.com/assets/images/vm-sprite-120px.jpg was preloaded using link preload but not used within a few seconds from the window's load event. Please make sure it has an appropriate `as` value and it is preloaded intentionally. @ https://sniffies.com/:0
[57367210ms] [WARNING] The resource https://sniffies.com/assets/images/vm-sprite-120px.jpg was preloaded using link preload but not used within a few seconds from the window's load event. Please make sure it has an appropriate `as` value and it is preloaded intentionally. @ https://sniffies.com/:0
[57377010ms] [WARNING] The resource https://sniffies.com/assets/images/vm-sprite-120px.jpg was preloaded using link preload but not used within a few seconds from the window's load event. Please make sure it has an appropriate `as` value and it is preloaded intentionally. @ https://sniffies.com/:0
[57380324ms] [WARNING] The resource https://sniffies.com/assets/images/vm-sprite-120px.jpg was preloaded using link preload but not used within a few seconds from the window's load event. Please make sure it has an appropriate `as` value and it is preloaded intentionally. @ https://sniffies.com/:0
[57385125ms] [WARNING] The resource https://sniffies.com/assets/images/vm-sprite-120px.jpg was preloaded using link preload but not used within a few seconds from the window's load event. Please make sure it has an appropriate `as` value and it is preloaded intentionally. @ https://sniffies.com/:0
[57396109ms] [WARNING] The resource https://sniffies.com/assets/images/vm-sprite-120px.jpg was preloaded using link preload but not used within a few seconds from the window's load event. Please make sure it has an appropriate `as` value and it is preloaded intentionally. @ https://sniffies.com/:0
[57402209ms] [WARNING] The resource https://sniffies.com/assets/images/vm-sprite-120px.jpg was preloaded using link preload but not used within a few seconds from the window's load event. Please make sure it has an appropriate `as` value and it is preloaded intentionally. @ https://sniffies.com/:0
[57411106ms] [WARNING] The resource https://sniffies.com/assets/images/vm-sprite-120px.jpg was preloaded using link preload but not used within a few seconds from the window's load event. Please make sure it has an appropriate `as` value and it is preloaded intentionally. @ https://sniffies.com/:0
[57417344ms] [WARNING] The resource https://sniffies.com/assets/images/vm-sprite-120px.jpg was preloaded using link preload but not used within a few seconds from the window's load event. Please make sure it has an appropriate `as` value and it is preloaded intentionally. @ https://sniffies.com/:0
[57424730ms] [WARNING] The resource https://sniffies.com/assets/images/vm-sprite-120px.jpg was preloaded using link preload but not used within a few seconds from the window's load event. Please make sure it has an appropriate `as` value and it is preloaded intentionally. @ https://sniffies.com/:0
[57431623ms] [WARNING] The resource https://sniffies.com/assets/images/vm-sprite-120px.jpg was preloaded using link preload but not used within a few seconds from the window's load event. Please make sure it has an appropriate `as` value and it is preloaded intentionally. @ https://sniffies.com/:0
[57441198ms] [WARNING] The resource https://sniffies.com/assets/images/vm-sprite-120px.jpg was preloaded using link preload but not used within a few seconds from the window's load event. Please make sure it has an appropriate `as` value and it is preloaded intentionally. @ https://sniffies.com/:0
[57461129ms] [WARNING] The resource https://sniffies.com/assets/images/vm-sprite-120px.jpg was preloaded using link preload but not used within a few seconds from the window's load event. Please make sure it has an appropriate `as` value and it is preloaded intentionally. @ https://sniffies.com/:0
[57464331ms] [WARNING] The resource https://sniffies.com/assets/images/vm-sprite-120px.jpg was preloaded using link preload but not used within a few seconds from the window's load event. Please make sure it has an appropriate `as` value and it is preloaded intentionally. @ https://sniffies.com/:0
[57470097ms] [WARNING] The resource https://sniffies.com/assets/images/vm-sprite-120px.jpg was preloaded using link preload but not used within a few seconds from the window's load event. Please make sure it has an appropriate `as` value and it is preloaded intentionally. @ https://sniffies.com/:0
[57480479ms] [WARNING] The resource https://sniffies.com/assets/images/vm-sprite-120px.jpg was preloaded using link preload but not used within a few seconds from the window's load event. Please make sure it has an appropriate `as` value and it is preloaded intentionally. @ https://sniffies.com/:0
[57491490ms] [WARNING] The resource https://sniffies.com/assets/images/vm-sprite-120px.jpg was preloaded using link preload but not used within a few seconds from the window's load event. Please make sure it has an appropriate `as` value and it is preloaded intentionally. @ https://sniffies.com/:0
[57500494ms] [WARNING] The resource https://sniffies.com/assets/images/vm-sprite-120px.jpg was preloaded using link preload but not used within a few seconds from the window's load event. Please make sure it has an appropriate `as` value and it is preloaded intentionally. @ https://sniffies.com/:0
[57518736ms] [WARNING] The resource https://sniffies.com/assets/images/vm-sprite-120px.jpg was preloaded using link preload but not used within a few seconds from the window's load event. Please make sure it has an appropriate `as` value and it is preloaded intentionally. @ https://sniffies.com/:0
[57523110ms] [WARNING] The resource https://sniffies.com/assets/images/vm-sprite-120px.jpg was preloaded using link preload but not used within a few seconds from the window's load event. Please make sure it has an appropriate `as` value and it is preloaded intentionally. @ https://sniffies.com/:0
[57554287ms] [WARNING] The resource https://sniffies.com/assets/images/vm-sprite-120px.jpg was preloaded using link preload but not used within a few seconds from the window's load event. Please make sure it has an appropriate `as` value and it is preloaded intentionally. @ https://sniffies.com/:0
[57559115ms] [WARNING] The resource https://sniffies.com/assets/images/vm-sprite-120px.jpg was preloaded using link preload but not used within a few seconds from the window's load event. Please make sure it has an appropriate `as` value and it is preloaded intentionally. @ https://sniffies.com/:0
[57610513ms] [WARNING] The resource https://sniffies.com/assets/images/vm-sprite-120px.jpg was preloaded using link preload but not used within a few seconds from the window's load event. Please make sure it has an appropriate `as` value and it is preloaded intentionally. @ https://sniffies.com/:0
[57624965ms] [WARNING] The resource https://sniffies.com/assets/images/vm-sprite-120px.jpg was preloaded using link preload but not used within a few seconds from the window's load event. Please make sure it has an appropriate `as` value and it is preloaded intentionally. @ https://sniffies.com/:0
[57634084ms] [WARNING] The resource https://sniffies.com/assets/images/vm-sprite-120px.jpg was preloaded using link preload but not used within a few seconds from the window's load event. Please make sure it has an appropriate `as` value and it is preloaded intentionally. @ https://sniffies.com/:0
[57644083ms] [WARNING] The resource https://sniffies.com/assets/images/vm-sprite-120px.jpg was preloaded using link preload but not used within a few seconds from the window's load event. Please make sure it has an appropriate `as` value and it is preloaded intentionally. @ https://sniffies.com/:0
[57649801ms] [WARNING] The resource https://sniffies.com/assets/images/vm-sprite-120px.jpg was preloaded using link preload but not used within a few seconds from the window's load event. Please make sure it has an appropriate `as` value and it is preloaded intentionally. @ https://sniffies.com/:0
[57655388ms] [WARNING] The resource https://sniffies.com/assets/images/vm-sprite-120px.jpg was preloaded using link preload but not used within a few seconds from the window's load event. Please make sure it has an appropriate `as` value and it is preloaded intentionally. @ https://sniffies.com/:0
[57671702ms] [WARNING] The resource https://sniffies.com/assets/images/vm-sprite-120px.jpg was preloaded using link preload but not used within a few seconds from the window's load event. Please make sure it has an appropriate `as` value and it is preloaded intentionally. @ https://sniffies.com/:0
[57701178ms] [WARNING] The resource https://sniffies.com/assets/images/vm-sprite-120px.jpg was preloaded using link preload but not used within a few seconds from the window's load event. Please make sure it has an appropriate `as` value and it is preloaded intentionally. @ https://sniffies.com/:0
[57726174ms] [WARNING] The resource https://sniffies.com/assets/images/vm-sprite-120px.jpg was preloaded using link preload but not used within a few seconds from the window's load event. Please make sure it has an appropriate `as` value and it is preloaded intentionally. @ https://sniffies.com/:0
[57732461ms] [WARNING] The resource https://sniffies.com/assets/images/vm-sprite-120px.jpg was preloaded using link preload but not used within a few seconds from the window's load event. Please make sure it has an appropriate `as` value and it is preloaded intentionally. @ https://sniffies.com/:0
[57737698ms] [WARNING] The resource https://sniffies.com/assets/images/vm-sprite-120px.jpg was preloaded using link preload but not used within a few seconds from the window's load event. Please make sure it has an appropriate `as` value and it is preloaded intentionally. @ https://sniffies.com/:0
[57741703ms] [WARNING] The resource https://sniffies.com/assets/images/vm-sprite-120px.jpg was preloaded using link preload but not used within a few seconds from the window's load event. Please make sure it has an appropriate `as` value and it is preloaded intentionally. @ https://sniffies.com/:0
[57748490ms] [WARNING] The resource https://sniffies.com/assets/images/vm-sprite-120px.jpg was preloaded using link preload but not used within a few seconds from the window's load event. Please make sure it has an appropriate `as` value and it is preloaded intentionally. @ https://sniffies.com/:0
[57762626ms] [WARNING] The resource https://sniffies.com/assets/images/vm-sprite-120px.jpg was preloaded using link preload but not used within a few seconds from the window's load event. Please make sure it has an appropriate `as` value and it is preloaded intentionally. @ https://sniffies.com/:0
[57778480ms] [WARNING] The resource https://sniffies.com/assets/images/vm-sprite-120px.jpg was preloaded using link preload but not used within a few seconds from the window's load event. Please make sure it has an appropriate `as` value and it is preloaded intentionally. @ https://sniffies.com/:0
[57794315ms] [WARNING] The resource https://sniffies.com/assets/images/vm-sprite-120px.jpg was preloaded using link preload but not used within a few seconds from the window's load event. Please make sure it has an appropriate `as` value and it is preloaded intentionally. @ https://sniffies.com/:0
[57810951ms] [WARNING] The resource https://sniffies.com/assets/images/vm-sprite-120px.jpg was preloaded using link preload but not used within a few seconds from the window's load event. Please make sure it has an appropriate `as` value and it is preloaded intentionally. @ https://sniffies.com/:0
[57816561ms] [WARNING] The resource https://sniffies.com/assets/images/vm-sprite-120px.jpg was preloaded using link preload but not used within a few seconds from the window's load event. Please make sure it has an appropriate `as` value and it is preloaded intentionally. @ https://sniffies.com/:0
[57822469ms] [WARNING] The resource https://sniffies.com/assets/images/vm-sprite-120px.jpg was preloaded using link preload but not used within a few seconds from the window's load event. Please make sure it has an appropriate `as` value and it is preloaded intentionally. @ https://sniffies.com/:0
[57828567ms] [WARNING] The resource https://sniffies.com/assets/images/vm-sprite-120px.jpg was preloaded using link preload but not used within a few seconds from the window's load event. Please make sure it has an appropriate `as` value and it is preloaded intentionally. @ https://sniffies.com/:0
[57843413ms] [WARNING] The resource https://sniffies.com/assets/images/vm-sprite-120px.jpg was preloaded using link preload but not used within a few seconds from the window's load event. Please make sure it has an appropriate `as` value and it is preloaded intentionally. @ https://sniffies.com/:0
[57850415ms] [WARNING] The resource https://sniffies.com/assets/images/vm-sprite-120px.jpg was preloaded using link preload but not used within a few seconds from the window's load event. Please make sure it has an appropriate `as` value and it is preloaded intentionally. @ https://sniffies.com/:0
[57857772ms] [WARNING] The resource https://sniffies.com/assets/images/vm-sprite-120px.jpg was preloaded using link preload but not used within a few seconds from the window's load event. Please make sure it has an appropriate `as` value and it is preloaded intentionally. @ https://sniffies.com/:0
[57878250ms] [WARNING] The resource https://sniffies.com/assets/images/vm-sprite-120px.jpg was preloaded using link preload but not used within a few seconds from the window's load event. Please make sure it has an appropriate `as` value and it is preloaded intentionally. @ https://sniffies.com/:0
[57884089ms] [WARNING] The resource https://sniffies.com/assets/images/vm-sprite-120px.jpg was preloaded using link preload but not used within a few seconds from the window's load event. Please make sure it has an appropriate `as` value and it is preloaded intentionally. @ https://sniffies.com/:0
[57888761ms] [WARNING] The resource https://sniffies.com/assets/images/vm-sprite-120px.jpg was preloaded using link preload but not used within a few seconds from the window's load event. Please make sure it has an appropriate `as` value and it is preloaded intentionally. @ https://sniffies.com/:0
[57905012ms] [WARNING] The resource https://sniffies.com/assets/images/vm-sprite-120px.jpg was preloaded using link preload but not used within a few seconds from the window's load event. Please make sure it has an appropriate `as` value and it is preloaded intentionally. @ https://sniffies.com/:0
[57926564ms] [WARNING] The resource https://sniffies.com/assets/images/vm-sprite-120px.jpg was preloaded using link preload but not used within a few seconds from the window's load event. Please make sure it has an appropriate `as` value and it is preloaded intentionally. @ https://sniffies.com/:0
[57935039ms] [WARNING] The resource https://sniffies.com/assets/images/vm-sprite-120px.jpg was preloaded using link preload but not used within a few seconds from the window's load event. Please make sure it has an appropriate `as` value and it is preloaded intentionally. @ https://sniffies.com/:0
[57951690ms] [WARNING] The resource https://sniffies.com/assets/images/vm-sprite-120px.jpg was preloaded using link preload but not used within a few seconds from the window's load event. Please make sure it has an appropriate `as` value and it is preloaded intentionally. @ https://sniffies.com/:0
[57957963ms] [WARNING] The resource https://sniffies.com/assets/images/vm-sprite-120px.jpg was preloaded using link preload but not used within a few seconds from the window's load event. Please make sure it has an appropriate `as` value and it is preloaded intentionally. @ https://sniffies.com/:0
[57972358ms] [WARNING] The resource https://sniffies.com/assets/images/vm-sprite-120px.jpg was preloaded using link preload but not used within a few seconds from the window's load event. Please make sure it has an appropriate `as` value and it is preloaded intentionally. @ https://sniffies.com/:0
[57984497ms] [WARNING] The resource https://sniffies.com/assets/images/vm-sprite-120px.jpg was preloaded using link preload but not used within a few seconds from the window's load event. Please make sure it has an appropriate `as` value and it is preloaded intentionally. @ https://sniffies.com/:0
